# https://github.com/mikedh/trimesh

o geometry_0
v 0.00074970 0.02024570 0.00329768
v 0.00120190 0.02022588 0.00329768
v 0.00074970 0.02024570 0.00025062
v -0.00074970 0.02024570 0.00329768
v 0.00124949 0.02022192 0.00329768
v 0.00124949 0.02022192 0.00025062
v 0.00124949 0.02011094 -0.00012287
v 0.00074970 0.02012283 -0.00012987
v -0.00074970 0.02024570 0.00025062
v -0.00124949 0.02022192 0.00329768
v 0.00174929 0.02017436 0.00329768
v 0.00174929 0.02017436 0.00025062
v 0.00308209 0.02001185 -0.00001971
v 0.00274889 0.02003167 -0.00004769
v 0.00224909 0.02005941 -0.00007986
v 0.00174929 0.02008716 -0.00010504
v 0.00124949 0.01974629 -0.00026031
v 0.00224909 0.01974629 -0.00021730
v 0.00174929 0.01974629 -0.00024248
v 0.00074970 0.01974629 -0.00026731
v 0.00000000 0.01993258 -0.00019946
v -0.00074970 0.02012283 -0.00012987
v -0.00124949 0.02011094 -0.00012287
v -0.00124949 0.02022192 0.00025062
v -0.00129709 0.02021796 0.00329768
v 0.00274889 0.02006338 0.00329768
v 0.00274889 0.02006338 0.00025062
v 0.00312175 0.02001581 0.00025062
v 0.00337165 0.01996825 0.00025062
v 0.00474808 0.01968288 0.00025062
v 0.00550968 0.01950056 -0.00000502
v 0.00524788 0.01953226 -0.00004629
v 0.00474808 0.01959172 -0.00010539
v 0.00424828 0.01963928 -0.00013162
v 0.00274889 0.01974629 -0.00018513
v 0.00424828 0.01924689 -0.00026941
v 0.00474808 0.01924689 -0.00024283
v 0.00374848 0.01924689 -0.00027465
v -0.00074970 0.01974629 -0.00026731
v -0.00124949 0.01974629 -0.00026031
v -0.00174929 0.01974629 -0.00024248
v -0.00224909 0.01974629 -0.00021730
v -0.00174929 0.02008716 -0.00010504
v -0.00224909 0.02005941 -0.00007986
v -0.00274889 0.02003167 -0.00004769
v -0.00308209 0.02001185 -0.00001971
v -0.00174929 0.02017436 0.00025062
v -0.00174929 0.02017436 0.00329768
v 0.00308605 0.02002374 0.00329768
v 0.00337165 0.01997618 0.00075036
v 0.00374848 0.01990087 0.00075036
v 0.00470048 0.01969477 0.00329768
v 0.00524788 0.01956794 0.00025062
v 0.00551761 0.01950452 0.00025062
v 0.00700511 0.01900115 -0.00000222
v 0.00675124 0.01904475 -0.00005293
v 0.00625144 0.01912006 -0.00011938
v 0.00625144 0.01874749 -0.00025717
v 0.00575164 0.01874749 -0.00027465
v -0.00374848 0.01924689 -0.00027465
v -0.00424828 0.01924689 -0.00026941
v -0.00274889 0.01974629 -0.00018513
v -0.00474808 0.01924689 -0.00024283
v -0.00424828 0.01963928 -0.00013162
v -0.00474808 0.01959172 -0.00010539
v -0.00337165 0.01996825 0.00025062
v -0.00312175 0.02001581 0.00025062
v -0.00274889 0.02006338 0.00025062
v -0.00524788 0.01953226 -0.00004629
v -0.00550968 0.01950056 -0.00000502
v -0.00474808 0.01968288 0.00025062
v -0.00229669 0.02011490 0.00329768
v 0.00337165 0.01997618 0.00329768
v 0.00374848 0.01990087 0.00329768
v 0.00551761 0.01950452 0.00329768
v 0.00554141 0.01949659 0.00329768
v 0.00700907 0.01900115 0.00025062
v 0.00725897 0.01891395 0.00075036
v 0.00725897 0.01890999 0.00025062
v 0.00774687 0.01871578 0.00025062
v 0.00807610 0.01852949 -0.00004524
v 0.00774687 0.01860480 -0.00010259
v 0.00774687 0.01824808 -0.00024003
v 0.00725104 0.01824808 -0.00027465
v -0.00574768 0.01874749 -0.00027465
v -0.00624747 0.01874749 -0.00025717
v -0.00624747 0.01912006 -0.00011938
v -0.00337165 0.01997618 0.00075036
v -0.00374848 0.01990087 0.00075036
v -0.00312175 0.02001581 0.00329768
v -0.00278459 0.02005941 0.00329768
v -0.00674727 0.01904475 -0.00005293
v -0.00551364 0.01950452 0.00025062
v -0.00524788 0.01956794 0.00025062
v -0.00700511 0.01900115 -0.00000222
v -0.00527565 0.01956397 0.00329768
v -0.00474808 0.01968288 0.00329768
v 0.00725897 0.01891395 0.00329768
v 0.00770324 0.01873560 0.00329768
v 0.00813560 0.01854138 0.00329768
v 0.00811180 0.01854931 0.00025062
v 0.00915503 0.01806972 0.00025062
v 0.00910346 0.01804198 -0.00005713
v 0.00874646 0.01812125 -0.00011168
v 0.00874646 0.01774868 -0.00024912
v 0.00925023 0.01724927 -0.00027465
v -0.00724707 0.01824808 -0.00027465
v -0.00775084 0.01824808 -0.00024003
v -0.00775084 0.01860480 -0.00010259
v -0.00374848 0.01990087 0.00329768
v -0.00340735 0.01996825 0.00329768
v -0.00551364 0.01950452 0.00329768
v -0.00573974 0.01942921 0.00329768
v -0.00807610 0.01852949 -0.00004524
v -0.00775084 0.01871578 0.00025062
v -0.00725500 0.01890999 0.00025062
v -0.00725500 0.01891395 0.00075036
v -0.00700511 0.01900115 0.00329768
v -0.00677107 0.01908042 0.00329768
v 0.00911536 0.01808954 0.00329768
v 0.00940493 0.01795082 0.00075036
v 0.00940493 0.01794289 0.00025062
v 0.01005943 0.01753465 -0.00004454
v 0.00975003 0.01761788 -0.00010189
v 0.00926213 0.01777642 -0.00014421
v 0.00975003 0.01724927 -0.00023968
v 0.01024586 0.01674987 -0.00027325
v 0.01224505 0.01524373 -0.00027465
v -0.00925023 0.01724927 -0.00027465
v -0.00875043 0.01774868 -0.00024912
v -0.00875043 0.01812125 -0.00011168
v -0.00910346 0.01804198 -0.00005713
v -0.00915503 0.01806972 0.00025062
v -0.00811577 0.01854931 0.00025062
v -0.00775084 0.01871578 0.00329768
v -0.00725500 0.01891395 0.00329768
v 0.00940493 0.01795082 0.00329768
v 0.00975003 0.01775660 0.00075036
v 0.00975003 0.01774868 0.00025062
v 0.01009116 0.01755446 0.00025062
v 0.01100349 0.01699957 -0.00000397
v 0.01074566 0.01707884 -0.00007042
v 0.01023396 0.01726116 -0.00013582
v 0.01074566 0.01674987 -0.00020786
v 0.01124545 0.01624650 -0.00025402
v 0.01174525 0.01574710 -0.00027080
v 0.01324861 0.01424888 -0.00027465
v 0.01424821 0.01374551 -0.00024388
v -0.01224902 0.01524373 -0.00027465
v -0.01024586 0.01674987 -0.00027325
v -0.00975003 0.01724927 -0.00023968
v -0.00926213 0.01777642 -0.00014421
v -0.00975003 0.01761788 -0.00010189
v -0.00940493 0.01794289 0.00025062
v -0.01005943 0.01753465 -0.00004454
v -0.00940493 0.01795082 0.00075036
v -0.00938113 0.01796271 0.00329768
v -0.00915503 0.01806972 0.00329768
v -0.00840137 0.01841851 0.00329768
v -0.00836567 0.01843437 0.00075036
v 0.00975003 0.01775660 0.00329768
v 0.01005943 0.01757428 0.00329768
v 0.01097969 0.01701939 0.00329768
v 0.01125339 0.01683707 0.00025062
v 0.01162229 0.01659133 0.00025062
v 0.01301458 0.01550928 -0.00002006
v 0.01157865 0.01655962 -0.00006377
v 0.01119785 0.01673401 -0.00009560
v 0.01174525 0.01625839 -0.00014526
v 0.01274485 0.01524373 -0.00022115
v 0.01324861 0.01474829 -0.00023234
v 0.01374841 0.01424888 -0.00023828
v 0.01524781 0.01224730 -0.00027465
v 0.01422441 0.01422907 -0.00011099
v 0.01472817 0.01372173 -0.00010679
v 0.01474801 0.01324611 -0.00023304
v 0.01574760 0.01174790 -0.00027360
v -0.01174922 0.01574710 -0.00027080
v -0.01524781 0.01224730 -0.00027465
v -0.01424821 0.01374551 -0.00024388
v -0.01124942 0.01624650 -0.00025402
v -0.01074566 0.01674987 -0.00020786
v -0.01023396 0.01726116 -0.00013582
v -0.01074566 0.01707884 -0.00007042
v -0.00975003 0.01774868 0.00025062
v -0.01009116 0.01755446 0.00025062
v -0.01100349 0.01699957 -0.00000397
v -0.00975003 0.01775660 0.00075036
v -0.00943666 0.01793496 0.00329768
v 0.01164609 0.01657547 0.00329768
v 0.01220142 0.01615138 0.00025062
v 0.01274485 0.01560837 -0.00008371
v 0.01213398 0.01609589 -0.00008650
v 0.01302648 0.01552117 0.00025062
v 0.01327638 0.01529922 0.00025062
v 0.01353025 0.01502970 -0.00003510
v 0.01320895 0.01521202 -0.00008825
v 0.01371668 0.01472054 -0.00010189
v 0.01674720 0.01024968 -0.00027465
v 0.01454967 0.01404278 -0.00005014
v 0.01404194 0.01453822 -0.00004279
v 0.01502964 0.01353545 -0.00003580
v 0.01610460 0.01214425 -0.00009000
v 0.01578330 0.01227901 -0.00016379
v 0.01524781 0.01274671 -0.00021240
v 0.01624740 0.01124849 -0.00025017
v -0.01374841 0.01424888 -0.00023828
v -0.01324861 0.01474829 -0.00023234
v -0.01274882 0.01524373 -0.00022115
v -0.01674720 0.01024968 -0.00027465
v -0.01574760 0.01174790 -0.00027360
v -0.01474801 0.01324611 -0.00023304
v -0.01472817 0.01372173 -0.00010679
v -0.01422441 0.01422907 -0.00011099
v -0.01174525 0.01625839 -0.00014526
v -0.01120182 0.01673401 -0.00009560
v -0.01157865 0.01655962 -0.00006377
v -0.01009116 0.01755446 0.00329768
v -0.01122959 0.01685688 0.00329768
v -0.01100349 0.01699957 0.00329768
v -0.01301855 0.01550928 -0.00002006
v -0.01162229 0.01659133 0.00025062
v -0.01125339 0.01683707 0.00025062
v -0.00975003 0.01775660 0.00329768
v 0.01222522 0.01613552 0.00329768
v 0.01305028 0.01549739 0.00329768
v 0.01327638 0.01529922 0.00329768
v 0.01299871 0.01554099 0.00329768
v 0.01352231 0.01507330 0.00329768
v 0.01379998 0.01481170 0.00025062
v 0.01431168 0.01432419 0.00025062
v 0.01724700 0.00974631 -0.00024108
v 0.01774679 0.00874751 -0.00024807
v 0.01824659 0.00724533 -0.00027465
v 0.01457347 0.01407052 0.00025062
v 0.01482337 0.01380497 0.00025062
v 0.01550564 0.01300830 -0.00000852
v 0.01626327 0.01174790 -0.00014456
v 0.01655283 0.01157746 -0.00005888
v 0.01674720 0.01074909 -0.00020646
v -0.01274882 0.01560837 -0.00008371
v -0.01371668 0.01472054 -0.00010189
v -0.01320895 0.01521202 -0.00008825
v -0.01824659 0.00724533 -0.00027465
v -0.01774679 0.00874751 -0.00024807
v -0.01724700 0.00974631 -0.00024108
v -0.01624740 0.01124849 -0.00025017
v -0.01524781 0.01274671 -0.00021240
v -0.01578330 0.01227901 -0.00016379
v -0.01610460 0.01214425 -0.00009000
v -0.01502964 0.01353545 -0.00003580
v -0.01454967 0.01404278 -0.00005014
v -0.01404194 0.01453822 -0.00004279
v -0.01213398 0.01609589 -0.00008650
v -0.01128909 0.01681725 0.00329768
v -0.01353025 0.01502970 -0.00003510
v -0.01379998 0.01481170 0.00025062
v -0.01327638 0.01529922 0.00025062
v -0.01302648 0.01552117 0.00025062
v -0.01220142 0.01615138 0.00025062
v -0.01184838 0.01642089 0.00329768
v -0.01162229 0.01659133 0.00329768
v 0.01431168 0.01432419 0.00329768
v 0.01726286 0.01024176 -0.00013756
v 0.01812759 0.00874751 -0.00011064
v 0.01824659 0.00774870 -0.00024038
v 0.01874639 0.00624652 -0.00026171
v 0.01874639 0.00574712 -0.00027465
v 0.01457347 0.01407052 0.00329768
v 0.01482337 0.01380497 0.00329768
v 0.01506931 0.01352752 0.00329768
v 0.01504551 0.01355130 0.00025062
v 0.01550960 0.01301226 0.00025062
v 0.01596577 0.01246133 0.00025062
v 0.01616013 0.01221559 0.00025062
v 0.01699710 0.01099879 -0.00000048
v 0.01708040 0.01074909 -0.00006902
v -0.01824659 0.00774870 -0.00024038
v -0.01874639 0.00574712 -0.00027465
v -0.01874639 0.00624652 -0.00026171
v -0.01812759 0.00874751 -0.00011064
v -0.01726286 0.01024176 -0.00013756
v -0.01674720 0.01074909 -0.00020646
v -0.01626327 0.01174790 -0.00014456
v -0.01550564 0.01300830 -0.00000852
v -0.01655283 0.01157746 -0.00005888
v -0.01482337 0.01380497 0.00025062
v -0.01457347 0.01407052 0.00025062
v -0.01431168 0.01432419 0.00025062
v -0.01327638 0.01529922 0.00329768
v -0.01428788 0.01434797 0.00329768
v -0.01302648 0.01552117 0.00329768
v -0.01242752 0.01598094 0.00329768
v 0.01753656 0.01006340 -0.00004664
v 0.01761589 0.00974631 -0.00010364
v 0.01804429 0.00908441 -0.00005608
v 0.01853219 0.00808560 -0.00004594
v 0.01859962 0.00774870 -0.00010294
v 0.01912719 0.00624652 -0.00012428
v 0.01874639 0.00674989 -0.00019492
v 0.01924619 0.00474434 -0.00024353
v 0.01924619 0.00424890 -0.00027185
v 0.01924619 0.00374950 -0.00027465
v 0.01550960 0.01301226 0.00329768
v 0.01596974 0.01246133 0.00075036
v 0.01616013 0.01221559 0.00329768
v 0.01641003 0.01186680 0.00025062
v 0.01716766 0.01074909 0.00025062
v 0.01741756 0.01035670 0.00025062
v 0.01683050 0.01124849 0.00025062
v -0.01874639 0.00674989 -0.00019492
v -0.01912719 0.00624652 -0.00012428
v -0.01859962 0.00774870 -0.00010294
v -0.01924619 0.00374950 -0.00027465
v -0.01924619 0.00424890 -0.00027185
v -0.01924619 0.00474434 -0.00024353
v -0.01804429 0.00908441 -0.00005608
v -0.01761589 0.00974631 -0.00010364
v -0.01853219 0.00808560 -0.00004594
v -0.01708040 0.01074909 -0.00006902
v -0.01753260 0.01006340 -0.00004664
v -0.01699710 0.01099879 -0.00000048
v -0.01616013 0.01221559 0.00025062
v -0.01596577 0.01246133 0.00025062
v -0.01550564 0.01301226 0.00025062
v -0.01504551 0.01355130 0.00025062
v -0.01482337 0.01380497 0.00329768
v -0.01457347 0.01407052 0.00329768
v 0.01755243 0.01010303 0.00025062
v 0.01806809 0.00913197 0.00025062
v 0.01826643 0.00874751 0.00025062
v 0.01844493 0.00838286 0.00025062
v 0.01900026 0.00699959 -0.00000187
v 0.01904786 0.00674989 -0.00005748
v 0.01953972 0.00514466 -0.00005328
v 0.01959525 0.00474434 -0.00010609
v 0.01964682 0.00424890 -0.00013442
v 0.01974599 0.00224732 -0.00022534
v 0.01974599 0.00174792 -0.00024562
v 0.01974599 0.00124851 -0.00025542
v 0.01974599 0.00074911 -0.00026381
v 0.01974599 0.00024970 -0.00027115
v 0.01924619 -0.00374950 -0.00027465
v 0.01596974 0.01246133 0.00329768
v 0.01641003 0.01186680 0.00329768
v 0.01656473 0.01164088 0.00329768
v 0.01716766 0.01074909 0.00329768
v 0.01741756 0.01035670 0.00329768
v 0.01757226 0.01007132 0.00329768
v 0.01774283 0.00974631 0.00075036
v -0.01959129 0.00474434 -0.00010609
v -0.01953575 0.00514466 -0.00005328
v -0.01904786 0.00674989 -0.00005748
v -0.01924619 -0.00374950 -0.00027465
v -0.01974599 0.00024970 -0.00027115
v -0.01974599 0.00074911 -0.00026381
v -0.01974599 0.00124851 -0.00025542
v -0.01974599 0.00174792 -0.00024562
v -0.01974599 0.00224732 -0.00022534
v -0.01964682 0.00424890 -0.00013442
v -0.01844096 0.00838286 0.00025062
v -0.01826246 0.00874751 0.00025062
v -0.01806809 0.00913197 0.00025062
v -0.01899629 0.00699959 -0.00000187
v -0.01755243 0.01010303 0.00025062
v -0.01741360 0.01035670 0.00025062
v -0.01716766 0.01074909 0.00025062
v -0.01641003 0.01186680 0.00025062
v -0.01616013 0.01221559 0.00329768
v -0.01598957 0.01244151 0.00329768
v -0.01596974 0.01246133 0.00075036
v -0.01638623 0.01190247 0.00329768
v -0.01531524 0.01323818 0.00329768
v -0.01504551 0.01355130 0.00329768
v 0.01808793 0.00909630 0.00329768
v 0.01827039 0.00874751 0.00075036
v 0.01844889 0.00838286 0.00075036
v 0.01855202 0.00812920 0.00025062
v 0.01899232 0.00702733 0.00329768
v 0.01909942 0.00674989 0.00025062
v 0.01926602 0.00624652 0.00025062
v 0.01955955 0.00521997 0.00025062
v 0.01969045 0.00474434 0.00025062
v 0.01980152 0.00424890 0.00025062
v 0.02000778 0.00304795 -0.00001236
v 0.02003158 0.00274672 -0.00004559
v 0.02006729 0.00224732 -0.00008790
v 0.02008712 0.00174792 -0.00010819
v 0.02010299 0.00124851 -0.00011798
v 0.02013075 0.00024970 -0.00013372
v 0.01974599 -0.00024970 -0.00027115
v 0.01924619 -0.00424890 -0.00027185
v 0.01874639 -0.00574712 -0.00027465
v -0.02002762 0.00274672 -0.00004559
v -0.02000382 0.00304795 -0.00001236
v -0.01980152 0.00424890 0.00025062
v -0.01969045 0.00474434 0.00025062
v -0.01955955 0.00521997 0.00025062
v -0.01926205 0.00624652 0.00025062
v -0.01874639 -0.00574712 -0.00027465
v -0.01924619 -0.00424890 -0.00027185
v -0.01974599 -0.00024970 -0.00027115
v -0.02012679 0.00024970 -0.00013372
v -0.02011489 0.00074911 -0.00012637
v -0.02008712 0.00174792 -0.00010819
v -0.02006332 0.00224732 -0.00008790
v -0.01854806 0.00812920 0.00025062
v -0.01844889 0.00838286 0.00075036
v -0.01827039 0.00874751 0.00075036
v -0.01806809 0.00913197 0.00329768
v -0.01772299 0.00978199 0.00329768
v -0.01909942 0.00674989 0.00025062
v -0.01870276 0.00774870 0.00025062
v -0.01755243 0.01010303 0.00329768
v -0.01741756 0.01035670 0.00075036
v -0.01716766 0.01074909 0.00329768
v -0.01715180 0.01077287 0.00329768
v 0.01827039 0.00874751 0.00329768
v 0.01844889 0.00838286 0.00329768
v 0.01854012 0.00815694 0.00329768
v 0.01909942 0.00674989 0.00329768
v 0.01926999 0.00624652 0.00075036
v 0.01949212 0.00546967 0.00075036
v 0.01969045 0.00474434 0.00329768
v 0.01980945 0.00424890 0.00075036
v 0.01990069 0.00374950 0.00075036
v 0.02001175 0.00307173 0.00025062
v 0.02006332 0.00274672 0.00025062
v 0.02013472 0.00224732 0.00025062
v 0.02017835 0.00174792 0.00025062
v 0.02026165 0.00024970 0.00025062
v 0.02013075 -0.00024970 -0.00013372
v 0.01974599 -0.00074911 -0.00026381
v 0.01924619 -0.00474434 -0.00024353
v 0.01874639 -0.00624652 -0.00026171
v 0.01974599 -0.00124851 -0.00025542
v 0.01974599 -0.00174792 -0.00024562
v 0.01974599 -0.00224732 -0.00022534
v 0.01824659 -0.00724533 -0.00027465
v -0.02017835 0.00174792 0.00025062
v -0.02013075 0.00224732 0.00025062
v -0.02005935 0.00274672 0.00025062
v -0.02000778 0.00307173 0.00025062
v -0.01989672 0.00374950 0.00075036
v -0.01980549 0.00424890 0.00075036
v -0.01979755 0.00429646 0.00329768
v -0.01969045 0.00474434 0.00329768
v -0.01955955 0.00521997 0.00329768
v -0.01941279 0.00574712 0.00075036
v -0.01926999 0.00624652 0.00075036
v -0.01874639 -0.00624652 -0.00026171
v -0.01824659 -0.00724533 -0.00027465
v -0.01924619 -0.00474434 -0.00024353
v -0.01974599 -0.00224732 -0.00022534
v -0.01974599 -0.00174792 -0.00024562
v -0.01974599 -0.00124851 -0.00025542
v -0.01974599 -0.00074911 -0.00026381
v -0.02012679 -0.00024970 -0.00013372
v -0.02026165 0.00024970 0.00025062
v -0.01844889 0.00838286 0.00329768
v -0.01827039 0.00874751 0.00329768
v -0.01909942 0.00674989 0.00329768
v -0.01925412 0.00629408 0.00329768
v -0.01900026 0.00699959 0.00329768
v -0.01741756 0.01035670 0.00329768
v 0.01926999 0.00624652 0.00329768
v 0.01928585 0.00619499 0.00329768
v 0.01949212 0.00546967 0.00329768
v 0.01980945 0.00424890 0.00329768
v 0.01990069 0.00374950 0.00329768
v 0.02001175 0.00307173 0.00329768
v 0.02007125 0.00269916 0.00329768
v 0.02013472 0.00224732 0.00329768
v 0.02017835 0.00174792 0.00329768
v 0.02021008 0.00120095 0.00329768
v 0.02026165 0.00024970 0.00329768
v 0.02026165 -0.00024970 0.00025062
v 0.02010299 -0.00124851 -0.00011798
v 0.01912719 -0.00624652 -0.00012428
v 0.01964682 -0.00424890 -0.00013442
v 0.01959525 -0.00474434 -0.00010609
v 0.01874639 -0.00674989 -0.00019492
v 0.01824659 -0.00774870 -0.00024038
v 0.02008712 -0.00174792 -0.00010819
v 0.02006729 -0.00224732 -0.00008790
v 0.01774679 -0.00874751 -0.00024807
v 0.01674720 -0.01024968 -0.00027465
v -0.02017835 0.00174792 0.00329768
v -0.02012679 0.00229488 0.00329768
v -0.02005538 0.00277843 0.00329768
v -0.02000778 0.00307173 0.00329768
v -0.01989672 0.00374950 0.00329768
v -0.01941279 0.00574712 0.00329768
v -0.01926999 0.00624652 0.00329768
v -0.01874639 -0.00674989 -0.00019492
v -0.01912719 -0.00624652 -0.00012428
v -0.01824659 -0.00774870 -0.00024038
v -0.01674720 -0.01024968 -0.00027465
v -0.01774679 -0.00874751 -0.00024807
v -0.01959129 -0.00474434 -0.00010609
v -0.01964682 -0.00424890 -0.00013442
v -0.02006332 -0.00224732 -0.00008790
v -0.02008712 -0.00174792 -0.00010819
v -0.02011489 -0.00074911 -0.00012637
v -0.02026165 -0.00024970 0.00025062
v -0.02026165 0.00024970 0.00329768
v 0.02026165 -0.00024970 0.00329768
v 0.02017835 -0.00174792 0.00025062
v 0.01953972 -0.00514466 -0.00005328
v 0.01904786 -0.00674989 -0.00005748
v 0.01859962 -0.00774870 -0.00010294
v 0.02003158 -0.00274672 -0.00004559
v 0.02000778 -0.00304795 -0.00001236
v 0.01812759 -0.00874751 -0.00011064
v 0.02013472 -0.00224732 0.00025062
v 0.01724700 -0.00974631 -0.00024108
v 0.01624740 -0.01124849 -0.00025017
v 0.01574760 -0.01174790 -0.00027360
v 0.01524781 -0.01224730 -0.00027465
v -0.01953575 -0.00514466 -0.00005328
v -0.01859962 -0.00774870 -0.00010294
v -0.01904786 -0.00674989 -0.00005748
v -0.01812759 -0.00874751 -0.00011064
v -0.01624740 -0.01124849 -0.00025017
v -0.01724700 -0.00974631 -0.00024108
v -0.01524781 -0.01224730 -0.00027465
v -0.01574760 -0.01174790 -0.00027360
v -0.02000382 -0.00304795 -0.00001236
v -0.02002762 -0.00274672 -0.00004559
v -0.02017835 -0.00174792 0.00025062
v -0.02026165 -0.00024970 0.00329768
v 0.02017835 -0.00174792 0.00329768
v 0.01980152 -0.00424890 0.00025062
v 0.01969045 -0.00474434 0.00025062
v 0.01955955 -0.00521997 0.00025062
v 0.01926602 -0.00624652 0.00025062
v 0.01900026 -0.00699959 -0.00000187
v 0.01853219 -0.00808560 -0.00004594
v 0.02006332 -0.00274672 0.00025062
v 0.02001175 -0.00307173 0.00025062
v 0.01804429 -0.00908441 -0.00005608
v 0.01761589 -0.00974631 -0.00010364
v 0.01726286 -0.01024176 -0.00013756
v 0.02013472 -0.00224732 0.00329768
v 0.02005935 -0.00277843 0.00329768
v 0.01674720 -0.01074909 -0.00020646
v 0.01626327 -0.01174790 -0.00014456
v 0.01524781 -0.01274671 -0.00021240
v 0.01474801 -0.01324611 -0.00023304
v 0.01424821 -0.01374551 -0.00024388
v 0.01324861 -0.01424888 -0.00027465
v -0.01899629 -0.00699959 -0.00000187
v -0.01926205 -0.00624652 0.00025062
v -0.01955955 -0.00521997 0.00025062
v -0.01969045 -0.00474434 0.00025062
v -0.01980152 -0.00424890 0.00025062
v -0.01853219 -0.00808560 -0.00004594
v -0.01726286 -0.01024176 -0.00013756
v -0.01761589 -0.00974631 -0.00010364
v -0.01804429 -0.00908441 -0.00005608
v -0.01626327 -0.01174790 -0.00014456
v -0.01674720 -0.01074909 -0.00020646
v -0.01524781 -0.01274671 -0.00021240
v -0.01424821 -0.01374551 -0.00024388
v -0.01224902 -0.01524373 -0.00027465
v -0.01474801 -0.01324611 -0.00023304
v -0.02000778 -0.00307173 0.00025062
v -0.02005935 -0.00274672 0.00025062
v -0.02013075 -0.00224732 0.00025062
v -0.02013869 -0.00219976 0.00329768
v -0.02017835 -0.00174792 0.00329768
v 0.01990069 -0.00374950 0.00075036
v 0.01980945 -0.00424890 0.00075036
v 0.01969045 -0.00474434 0.00329768
v 0.01949212 -0.00546967 0.00075036
v 0.01926999 -0.00624652 0.00075036
v 0.01909942 -0.00674989 0.00025062
v 0.01855202 -0.00812920 0.00025062
v 0.01844493 -0.00838286 0.00025062
v 0.02001175 -0.00307173 0.00329768
v 0.01826643 -0.00874751 0.00025062
v 0.01806809 -0.00913197 0.00025062
v 0.01753656 -0.01006340 -0.00004664
v 0.01708040 -0.01074909 -0.00006902
v 0.01610460 -0.01214425 -0.00009000
v 0.01578330 -0.01227901 -0.00016379
v 0.01655283 -0.01157746 -0.00005888
v 0.01472817 -0.01372173 -0.00010679
v 0.01422441 -0.01422907 -0.00011099
v 0.01374841 -0.01424888 -0.00023828
v 0.01174525 -0.01574710 -0.00027080
v 0.01224505 -0.01524373 -0.00027465
v -0.01844096 -0.00838286 0.00025062
v -0.01854806 -0.00812920 0.00025062
v -0.01870276 -0.00774870 0.00025062
v -0.01909942 -0.00674989 0.00025062
v -0.01926999 -0.00624652 0.00075036
v -0.01941279 -0.00574712 0.00075036
v -0.01955955 -0.00521997 0.00329768
v -0.01969045 -0.00474434 0.00329768
v -0.01980549 -0.00424890 0.00075036
v -0.01989672 -0.00374950 0.00075036
v -0.01708040 -0.01074909 -0.00006902
v -0.01753260 -0.01006340 -0.00004664
v -0.01806809 -0.00913197 0.00025062
v -0.01826246 -0.00874751 0.00025062
v -0.01655283 -0.01157746 -0.00005888
v -0.01578330 -0.01227901 -0.00016379
v -0.01610460 -0.01214425 -0.00009000
v -0.01472817 -0.01372173 -0.00010679
v -0.01422441 -0.01422907 -0.00011099
v -0.01174922 -0.01574710 -0.00027080
v -0.01374841 -0.01424888 -0.00023828
v -0.00925023 -0.01724927 -0.00027465
v -0.01024586 -0.01674987 -0.00027325
v -0.02000778 -0.00307173 0.00329768
v -0.02006729 -0.00269916 0.00329768
v 0.01990069 -0.00374950 0.00329768
v 0.01980945 -0.00424890 0.00329768
v 0.01949212 -0.00546967 0.00329768
v 0.01926999 -0.00624652 0.00329768
v 0.01925412 -0.00629408 0.00329768
v 0.01909942 -0.00674989 0.00329768
v 0.01870276 -0.00774870 0.00329768
v 0.01844889 -0.00838286 0.00329768
v 0.01844889 -0.00838286 0.00075036
v 0.01827039 -0.00874751 0.00075036
v 0.01772696 -0.00978199 0.00329768
v 0.01774283 -0.00974631 0.00075036
v 0.01755243 -0.01010303 0.00025062
v 0.01741756 -0.01035670 0.00025062
v 0.01699710 -0.01099879 -0.00000048
v 0.01550564 -0.01300830 -0.00000852
v 0.01502964 -0.01353545 -0.00003580
v 0.01454967 -0.01404278 -0.00005014
v 0.01404194 -0.01453822 -0.00004279
v 0.01371668 -0.01472054 -0.00010189
v 0.01274485 -0.01524373 -0.00022115
v 0.01324861 -0.01474829 -0.00023234
v 0.01124545 -0.01624650 -0.00025402
v 0.01024586 -0.01674987 -0.00027325
v 0.00925023 -0.01724927 -0.00027465
v -0.01844889 -0.00838286 0.00075036
v -0.01872259 -0.00770113 0.00329768
v -0.01909942 -0.00674989 0.00329768
v -0.01926999 -0.00624652 0.00329768
v -0.01941279 -0.00574712 0.00329768
v -0.01980549 -0.00424890 0.00329768
v -0.01981739 -0.00419738 0.00329768
v -0.01989672 -0.00374950 0.00329768
v -0.01699710 -0.01099879 -0.00000048
v -0.01755243 -0.01010303 0.00025062
v -0.01741360 -0.01035670 0.00025062
v -0.01827039 -0.00874751 0.00075036
v -0.01776266 -0.00971461 0.00329768
v -0.01550564 -0.01300830 -0.00000852
v -0.01502964 -0.01353545 -0.00003580
v -0.01454967 -0.01404278 -0.00005014
v -0.01324861 -0.01474829 -0.00023234
v -0.01274882 -0.01524373 -0.00022115
v -0.01371668 -0.01472054 -0.00010189
v -0.01404194 -0.01453822 -0.00004279
v -0.01124942 -0.01624650 -0.00025402
v -0.00875043 -0.01774868 -0.00024912
v -0.00724707 -0.01824808 -0.00027465
v -0.00975003 -0.01724927 -0.00023968
v 0.01827039 -0.00874751 0.00329768
v 0.01741756 -0.01035670 0.00329768
v 0.01716766 -0.01074909 0.00025062
v 0.01683050 -0.01124849 0.00025062
v 0.01641003 -0.01186680 0.00025062
v 0.01616013 -0.01221559 0.00025062
v 0.01596577 -0.01246133 0.00025062
v 0.01550960 -0.01301226 0.00025062
v 0.01504551 -0.01355130 0.00025062
v 0.01482337 -0.01380497 0.00025062
v 0.01457347 -0.01407052 0.00025062
v 0.01353025 -0.01502970 -0.00003510
v 0.01431168 -0.01432419 0.00025062
v 0.01320895 -0.01521202 -0.00008825
v 0.01274485 -0.01560837 -0.00008371
v 0.01174525 -0.01625839 -0.00014526
v 0.01074566 -0.01674987 -0.00020786
v 0.00975003 -0.01724927 -0.00023968
v 0.00874646 -0.01774868 -0.00024912
v 0.00725104 -0.01824808 -0.00027465
v -0.01844889 -0.00838286 0.00329768
v -0.01716766 -0.01074909 0.00025062
v -0.01616013 -0.01221559 0.00025062
v -0.01641003 -0.01186680 0.00025062
v -0.01741756 -0.01035670 0.00075036
v -0.01827039 -0.00874751 0.00329768
v -0.01741756 -0.01035670 0.00329768
v -0.01504551 -0.01355130 0.00025062
v -0.01550564 -0.01301226 0.00025062
v -0.01596577 -0.01246133 0.00025062
v -0.01482337 -0.01380497 0.00025062
v -0.01457347 -0.01407052 0.00025062
v -0.01174525 -0.01625839 -0.00014526
v -0.01274882 -0.01560837 -0.00008371
v -0.01320895 -0.01521202 -0.00008825
v -0.01353025 -0.01502970 -0.00003510
v -0.01431168 -0.01432419 0.00025062
v -0.01074566 -0.01674987 -0.00020786
v -0.00875043 -0.01812125 -0.00011168
v -0.00926213 -0.01777642 -0.00014421
v -0.00775084 -0.01824808 -0.00024003
v -0.00574768 -0.01874749 -0.00027465
v -0.00624747 -0.01874749 -0.00025717
v -0.01023396 -0.01726116 -0.00013582
v 0.01716766 -0.01074909 0.00329768
v 0.01715180 -0.01077287 0.00329768
v 0.01680670 -0.01128416 0.00329768
v 0.01638623 -0.01190247 0.00329768
v 0.01616013 -0.01221559 0.00329768
v 0.01596974 -0.01246133 0.00075036
v 0.01550960 -0.01301226 0.00329768
v 0.01504551 -0.01355130 0.00329768
v 0.01482337 -0.01380497 0.00329768
v 0.01457347 -0.01407052 0.00329768
v 0.01428788 -0.01434797 0.00329768
v 0.01327638 -0.01529922 0.00025062
v 0.01301458 -0.01550928 -0.00002006
v 0.01379998 -0.01481170 0.00025062
v 0.01213398 -0.01609589 -0.00008650
v 0.01157865 -0.01655962 -0.00006377
v 0.01119785 -0.01673401 -0.00009560
v 0.01023396 -0.01726116 -0.00013582
v 0.00926213 -0.01777642 -0.00014421
v 0.00874646 -0.01812125 -0.00011168
v 0.00774687 -0.01824808 -0.00024003
v 0.00625144 -0.01874749 -0.00025717
v 0.00575164 -0.01874749 -0.00027465
v -0.01716766 -0.01074909 0.00329768
v -0.01596974 -0.01246133 0.00075036
v -0.01616013 -0.01221559 0.00329768
v -0.01641003 -0.01186680 0.00329768
v -0.01502567 -0.01357508 0.00329768
v -0.01596974 -0.01246133 0.00329768
v -0.01482337 -0.01380497 0.00329768
v -0.01454967 -0.01409827 0.00329768
v -0.01120182 -0.01673401 -0.00009560
v -0.01157865 -0.01655962 -0.00006377
v -0.01213398 -0.01609589 -0.00008650
v -0.01301855 -0.01550928 -0.00002006
v -0.01379998 -0.01481170 0.00025062
v -0.00910346 -0.01804198 -0.00005713
v -0.00975003 -0.01761788 -0.00010189
v -0.00775084 -0.01860480 -0.00010259
v -0.00624747 -0.01912006 -0.00011938
v -0.00374848 -0.01924689 -0.00027465
v -0.00424828 -0.01924689 -0.00026941
v -0.00474808 -0.01924689 -0.00024283
v -0.01074566 -0.01707884 -0.00007042
v 0.01596974 -0.01246133 0.00329768
v 0.01327638 -0.01529922 0.00329768
v 0.01302648 -0.01552117 0.00025062
v 0.01220142 -0.01615138 0.00025062
v 0.01162229 -0.01659133 0.00025062
v 0.01100349 -0.01699957 -0.00000397
v 0.01074566 -0.01707884 -0.00007042
v 0.00975003 -0.01761788 -0.00010189
v 0.00910346 -0.01804198 -0.00005713
v 0.00774687 -0.01860480 -0.00010259
v 0.00625144 -0.01912006 -0.00011938
v 0.00474808 -0.01924689 -0.00024283
v 0.00424828 -0.01924689 -0.00026941
v 0.00374848 -0.01924689 -0.00027465
v -0.01431168 -0.01432419 0.00329768
v -0.01100349 -0.01699957 -0.00000397
v -0.01302648 -0.01552117 0.00025062
v -0.01327638 -0.01529922 0.00025062
v -0.01162229 -0.01659133 0.00025062
v -0.01220142 -0.01615138 0.00025062
v -0.01352231 -0.01507330 0.00329768
v -0.00807610 -0.01852949 -0.00004524
v -0.00915503 -0.01806972 0.00025062
v -0.00940493 -0.01794289 0.00025062
v -0.01005943 -0.01753465 -0.00004454
v -0.00674727 -0.01904475 -0.00005293
v -0.00700511 -0.01900115 -0.00000222
v -0.00474808 -0.01959172 -0.00010539
v -0.00524788 -0.01953226 -0.00004629
v -0.00074970 -0.01974629 -0.00026731
v -0.00124949 -0.01974629 -0.00026031
v -0.00174929 -0.01974629 -0.00024248
v -0.00224909 -0.01974629 -0.00021730
v -0.00424828 -0.01963928 -0.00013162
v 0.01302648 -0.01552117 0.00329768
v 0.01242752 -0.01598094 0.00329768
v 0.01184838 -0.01642089 0.00329768
v 0.01162229 -0.01659133 0.00329768
v 0.01128909 -0.01681725 0.00329768
v 0.01125339 -0.01683707 0.00025062
v 0.01122959 -0.01685688 0.00329768
v 0.01100349 -0.01699957 0.00329768
v 0.01009116 -0.01755446 0.00025062
v 0.01005943 -0.01753465 -0.00004454
v 0.00940493 -0.01794289 0.00025062
v 0.00915503 -0.01806972 0.00025062
v 0.00807610 -0.01852949 -0.00004524
v 0.00700511 -0.01900115 -0.00000222
v 0.00675124 -0.01904475 -0.00005293
v 0.00524788 -0.01953226 -0.00004629
v 0.00474808 -0.01959172 -0.00010539
v 0.00424828 -0.01963928 -0.00013162
v 0.00224909 -0.01974629 -0.00021730
v 0.00174929 -0.01974629 -0.00024248
v 0.00124949 -0.01974629 -0.00026031
v 0.00074970 -0.01974629 -0.00026731
v -0.01009116 -0.01755446 0.00025062
v -0.01097969 -0.01701939 0.00329768
v -0.01125339 -0.01683707 0.00025062
v -0.01222522 -0.01613552 0.00329768
v -0.01299871 -0.01554099 0.00329768
v -0.01305028 -0.01549739 0.00329768
v -0.01327638 -0.01529922 0.00329768
v -0.01164609 -0.01657547 0.00329768
v -0.00775084 -0.01871578 0.00025062
v -0.00811577 -0.01854931 0.00025062
v -0.00813957 -0.01854138 0.00329768
v -0.00911536 -0.01808954 0.00329768
v -0.00940493 -0.01795082 0.00075036
v -0.00975003 -0.01774868 0.00025062
v -0.00550968 -0.01950056 -0.00000502
v -0.00700511 -0.01900115 0.00025062
v -0.00725500 -0.01891395 0.00075036
v -0.00725500 -0.01890999 0.00025062
v -0.00551364 -0.01950452 0.00025062
v -0.00553744 -0.01949659 0.00329768
v -0.00274889 -0.02003167 -0.00004769
v -0.00308209 -0.02001185 -0.00001971
v -0.00074970 -0.02012283 -0.00012987
v -0.00124949 -0.02011094 -0.00012287
v -0.00174929 -0.02008716 -0.00010504
v -0.00274889 -0.01974629 -0.00018513
v -0.00224909 -0.02005941 -0.00007986
v 0.01009116 -0.01755446 0.00329768
v 0.00975003 -0.01775660 0.00075036
v 0.00975003 -0.01774868 0.00025062
v 0.00940493 -0.01795082 0.00075036
v 0.00915503 -0.01806972 0.00329768
v 0.00840137 -0.01841851 0.00329768
v 0.00811180 -0.01854931 0.00025062
v 0.00938113 -0.01796271 0.00329768
v 0.00774687 -0.01871578 0.00025062
v 0.00725897 -0.01890999 0.00025062
v 0.00725897 -0.01891395 0.00075036
v 0.00700907 -0.01900115 0.00025062
v 0.00551761 -0.01950452 0.00025062
v 0.00550968 -0.01950056 -0.00000502
v 0.00308209 -0.02001185 -0.00001971
v 0.00274889 -0.02003167 -0.00004769
v 0.00224909 -0.02005941 -0.00007986
v 0.00174929 -0.02008716 -0.00010504
v 0.00274889 -0.01974629 -0.00018513
v 0.00124949 -0.02011094 -0.00012287
v 0.00074970 -0.02012283 -0.00012987
v -0.00975003 -0.01775660 0.00075036
v -0.00971829 -0.01777642 0.00329768
v -0.01009116 -0.01755446 0.00329768
v -0.00775084 -0.01871578 0.00329768
v -0.00940493 -0.01795082 0.00329768
v -0.00474808 -0.01968288 0.00025062
v -0.00524788 -0.01956794 0.00025062
v -0.00725500 -0.01891395 0.00329768
v -0.00551364 -0.01950452 0.00329768
v -0.00124949 -0.02022192 0.00025062
v -0.00174929 -0.02017436 0.00025062
v -0.00274889 -0.02006338 0.00025062
v -0.00312175 -0.02001581 0.00025062
v -0.00337165 -0.01996825 0.00025062
v -0.00074970 -0.02024570 0.00025062
v 0.00975003 -0.01775660 0.00329768
v 0.00943666 -0.01793496 0.00329768
v 0.00774687 -0.01871578 0.00329768
v 0.00725897 -0.01891395 0.00329768
v 0.00700907 -0.01900115 0.00329768
v 0.00677504 -0.01908042 0.00329768
v 0.00574371 -0.01942921 0.00329768
v 0.00551761 -0.01950452 0.00329768
v 0.00527565 -0.01956397 0.00329768
v 0.00524788 -0.01956794 0.00025062
v 0.00474808 -0.01968288 0.00025062
v 0.00337165 -0.01996825 0.00025062
v 0.00312175 -0.02001581 0.00025062
v 0.00274889 -0.02006338 0.00025062
v 0.00174929 -0.02017436 0.00025062
v 0.00124949 -0.02022192 0.00025062
v 0.00074970 -0.02024570 0.00025062
v -0.00374848 -0.01990087 0.00075036
v -0.00470048 -0.01969477 0.00329768
v -0.00120190 -0.02022588 0.00329768
v -0.00124949 -0.02022192 0.00329768
v -0.00174929 -0.02017436 0.00329768
v -0.00274889 -0.02006338 0.00329768
v -0.00308605 -0.02002374 0.00329768
v -0.00337165 -0.01997618 0.00075036
v -0.00074970 -0.02024570 0.00329768
v 0.00474808 -0.01968288 0.00329768
v 0.00374848 -0.01990087 0.00075036
v 0.00337165 -0.01997618 0.00075036
v 0.00312175 -0.02001581 0.00329768
v 0.00278459 -0.02005941 0.00329768
v 0.00229669 -0.02011490 0.00329768
v 0.00174929 -0.02017436 0.00329768
v 0.00129709 -0.02021796 0.00329768
v 0.00124949 -0.02022192 0.00329768
v 0.00074970 -0.02024570 0.00329768
v -0.00374848 -0.01990087 0.00329768
v -0.00337165 -0.01997618 0.00329768
v 0.00374848 -0.01990087 0.00329768
v 0.00341132 -0.01996825 0.00329768
f 1 2 3
f 1 3 9
f 1 9 4
f 1 4 10
f 1 10 25
f 1 25 48
f 1 48 72
f 1 72 91
f 1 91 90
f 1 90 111
f 1 111 110
f 1 110 97
f 1 97 96
f 1 96 112
f 1 112 113
f 1 113 119
f 1 119 118
f 1 118 136
f 1 136 135
f 1 135 159
f 1 159 158
f 1 158 157
f 1 157 189
f 1 189 224
f 1 224 218
f 1 218 220
f 1 220 219
f 1 219 255
f 1 255 262
f 1 262 261
f 1 261 293
f 1 293 292
f 1 292 290
f 1 290 291
f 1 291 328
f 1 328 327
f 1 327 374
f 1 374 373
f 1 373 370
f 1 370 369
f 1 369 372
f 1 372 417
f 1 417 416
f 1 416 465
f 1 465 414
f 1 414 411
f 1 411 410
f 1 410 461
f 1 461 460
f 1 460 464
f 1 464 462
f 1 462 463
f 1 463 494
f 1 494 493
f 1 493 448
f 1 448 447
f 1 447 446
f 1 446 492
f 1 492 491
f 1 491 490
f 1 490 489
f 1 489 488
f 1 488 506
f 1 506 531
f 1 531 571
f 1 571 570
f 1 570 617
f 1 617 616
f 1 616 650
f 1 650 649
f 1 649 648
f 1 648 600
f 1 600 599
f 1 599 647
f 1 647 646
f 1 646 645
f 1 645 644
f 1 644 687
f 1 687 692
f 1 692 655
f 1 655 693
f 1 693 734
f 1 734 737
f 1 737 736
f 1 736 739
f 1 739 738
f 1 738 740
f 1 740 741
f 1 741 769
f 1 769 775
f 1 775 817
f 1 817 816
f 1 816 815
f 1 815 814
f 1 814 818
f 1 818 812
f 1 812 861
f 1 861 860
f 1 860 863
f 1 863 822
f 1 822 821
f 1 821 862
f 1 862 866
f 1 866 830
f 1 830 867
f 1 867 892
f 1 892 910
f 1 910 911
f 1 911 897
f 1 897 896
f 1 896 895
f 1 895 894
f 1 894 893
f 1 893 899
f 1 899 909
f 1 909 908
f 1 908 907
f 1 907 906
f 1 906 905
f 1 905 904
f 1 904 903
f 1 903 913
f 1 913 912
f 1 912 900
f 1 900 882
f 1 882 881
f 1 881 880
f 1 880 879
f 1 879 878
f 1 878 877
f 1 877 876
f 1 876 843
f 1 843 842
f 1 842 845
f 1 845 875
f 1 875 874
f 1 874 838
f 1 838 796
f 1 796 795
f 1 795 793
f 1 793 792
f 1 792 791
f 1 791 790
f 1 790 789
f 1 789 756
f 1 756 721
f 1 721 720
f 1 720 719
f 1 719 718
f 1 718 717
f 1 717 755
f 1 755 715
f 1 715 714
f 1 714 713
f 1 713 712
f 1 712 711
f 1 711 668
f 1 668 628
f 1 628 667
f 1 667 625
f 1 625 624
f 1 624 623
f 1 623 622
f 1 622 621
f 1 621 620
f 1 620 574
f 1 574 619
f 1 619 618
f 1 618 580
f 1 580 545
f 1 545 544
f 1 544 532
f 1 532 507
f 1 507 476
f 1 476 475
f 1 475 474
f 1 474 473
f 1 473 472
f 1 472 471
f 1 471 470
f 1 470 469
f 1 469 424
f 1 424 468
f 1 468 467
f 1 467 466
f 1 466 421
f 1 421 379
f 1 379 420
f 1 420 419
f 1 419 418
f 1 418 375
f 1 375 349
f 1 349 348
f 1 348 347
f 1 347 346
f 1 346 345
f 1 345 306
f 1 306 344
f 1 344 304
f 1 304 271
f 1 271 270
f 1 270 269
f 1 269 263
f 1 263 229
f 1 229 227
f 1 227 226
f 1 226 228
f 1 228 225
f 1 225 190
f 1 190 163
f 1 163 162
f 1 162 161
f 1 161 137
f 1 137 120
f 1 120 100
f 1 100 99
f 1 99 98
f 1 98 76
f 1 76 75
f 1 75 52
f 1 52 74
f 1 74 73
f 1 73 49
f 1 49 26
f 1 26 11
f 1 11 5
f 1 5 2
f 2 5 6
f 2 6 3
f 3 6 7
f 3 7 8
f 3 8 22
f 3 22 9
f 4 9 24
f 4 24 10
f 5 11 12
f 5 12 6
f 6 12 13
f 6 13 14
f 6 14 15
f 6 15 16
f 6 16 7
f 7 17 8
f 7 16 18
f 7 18 19
f 7 19 17
f 8 17 20
f 8 20 21
f 8 21 22
f 9 22 23
f 9 23 24
f 10 24 25
f 11 26 27
f 11 27 12
f 12 27 13
f 13 27 28
f 13 28 29
f 13 29 30
f 13 30 31
f 13 31 32
f 13 32 33
f 13 33 14
f 14 33 34
f 14 34 15
f 15 34 16
f 16 34 35
f 16 35 18
f 17 19 36
f 17 36 20
f 18 35 34
f 18 34 37
f 18 37 36
f 18 36 19
f 20 36 38
f 20 38 60
f 20 60 39
f 20 39 21
f 21 39 22
f 22 39 40
f 22 40 23
f 23 40 41
f 23 41 42
f 23 42 43
f 23 43 24
f 24 43 44
f 24 44 45
f 24 45 46
f 24 46 47
f 24 47 25
f 25 47 48
f 26 49 27
f 27 49 28
f 28 49 50
f 28 50 29
f 29 50 51
f 29 51 30
f 30 51 52
f 30 52 53
f 30 53 31
f 31 53 54
f 31 54 55
f 31 55 56
f 31 56 32
f 32 56 57
f 32 57 33
f 33 57 37
f 33 37 34
f 36 37 58
f 36 58 59
f 36 59 38
f 37 57 58
f 38 59 84
f 38 84 106
f 38 106 128
f 38 128 147
f 38 147 173
f 38 173 199
f 38 199 234
f 38 234 268
f 38 268 303
f 38 303 343
f 38 343 393
f 38 393 439
f 38 439 487
f 38 487 519
f 38 519 551
f 38 551 592
f 38 592 642
f 38 642 686
f 38 686 733
f 38 733 768
f 38 768 751
f 38 751 708
f 38 708 665
f 38 665 614
f 38 614 565
f 38 565 526
f 38 526 498
f 38 498 452
f 38 452 400
f 38 400 354
f 38 354 314
f 38 314 279
f 38 279 244
f 38 244 210
f 38 210 179
f 38 179 149
f 38 149 129
f 38 129 107
f 38 107 85
f 38 85 60
f 39 60 61
f 39 61 40
f 40 61 41
f 41 61 42
f 42 62 43
f 42 61 63
f 42 63 64
f 42 64 62
f 43 62 64
f 43 64 44
f 44 64 45
f 45 64 65
f 45 65 46
f 46 66 67
f 46 67 68
f 46 68 47
f 46 65 69
f 46 69 70
f 46 70 71
f 46 71 66
f 47 68 72
f 47 72 48
f 49 73 50
f 50 73 74
f 50 74 51
f 51 74 52
f 52 75 53
f 53 75 54
f 54 75 76
f 54 76 77
f 54 77 55
f 55 77 78
f 55 78 79
f 55 79 80
f 55 80 81
f 55 81 82
f 55 82 56
f 56 82 57
f 57 82 83
f 57 83 58
f 58 83 84
f 58 84 59
f 60 85 61
f 61 85 86
f 61 86 63
f 63 65 64
f 63 86 87
f 63 87 65
f 65 87 69
f 66 88 67
f 66 71 89
f 66 89 88
f 67 88 90
f 67 90 91
f 67 91 68
f 68 91 72
f 69 87 92
f 69 92 70
f 70 93 94
f 70 94 71
f 70 92 95
f 70 95 93
f 71 94 96
f 71 96 97
f 71 97 110
f 71 110 89
f 76 98 77
f 77 98 78
f 78 98 99
f 78 99 80
f 78 80 79
f 80 99 100
f 80 100 101
f 80 101 81
f 81 101 102
f 81 102 103
f 81 103 82
f 82 103 104
f 82 104 83
f 83 104 105
f 83 105 84
f 84 105 106
f 85 107 86
f 86 107 108
f 86 108 87
f 87 108 109
f 87 109 92
f 88 89 110
f 88 110 111
f 88 111 90
f 92 109 95
f 93 112 96
f 93 96 94
f 93 95 113
f 93 113 112
f 95 109 114
f 95 114 115
f 95 115 116
f 95 116 117
f 95 117 136
f 95 136 118
f 95 118 119
f 95 119 113
f 100 120 102
f 100 102 101
f 102 120 121
f 102 121 122
f 102 122 103
f 103 122 123
f 103 123 124
f 103 124 104
f 104 124 125
f 104 125 105
f 105 125 126
f 105 126 127
f 105 127 106
f 106 127 128
f 107 129 130
f 107 130 108
f 108 130 131
f 108 131 109
f 109 131 132
f 109 132 114
f 114 132 133
f 114 133 134
f 114 134 115
f 115 135 136
f 115 136 117
f 115 117 116
f 115 134 135
f 120 137 121
f 121 137 161
f 121 161 138
f 121 138 139
f 121 139 122
f 122 139 123
f 123 139 140
f 123 140 141
f 123 141 142
f 123 142 124
f 124 142 143
f 124 143 125
f 125 143 126
f 126 143 144
f 126 144 145
f 126 145 127
f 127 145 146
f 127 146 128
f 128 146 148
f 128 148 147
f 129 149 150
f 129 150 130
f 130 150 151
f 130 151 152
f 130 152 131
f 131 152 153
f 131 153 132
f 132 154 133
f 132 153 155
f 132 155 154
f 133 154 156
f 133 156 157
f 133 157 158
f 133 158 159
f 133 159 160
f 133 160 134
f 134 160 159
f 134 159 135
f 138 161 162
f 138 162 140
f 138 140 139
f 140 162 163
f 140 163 141
f 141 163 164
f 141 164 165
f 141 165 166
f 141 166 167
f 141 167 142
f 142 167 168
f 142 168 143
f 143 168 169
f 143 169 144
f 144 169 145
f 145 169 170
f 145 170 146
f 146 170 171
f 146 171 172
f 146 172 148
f 147 148 173
f 148 174 175
f 148 175 176
f 148 176 177
f 148 177 173
f 148 172 174
f 149 178 150
f 149 179 180
f 149 180 178
f 150 178 181
f 150 181 151
f 151 181 182
f 151 182 183
f 151 183 152
f 152 183 153
f 153 183 184
f 153 184 155
f 154 155 185
f 154 185 188
f 154 188 156
f 155 186 185
f 155 184 187
f 155 187 186
f 156 188 189
f 156 189 157
f 163 190 165
f 163 165 164
f 165 190 225
f 165 225 191
f 165 191 166
f 166 192 193
f 166 193 167
f 166 191 194
f 166 194 195
f 166 195 196
f 166 196 197
f 166 197 192
f 167 193 169
f 167 169 168
f 169 193 192
f 169 192 170
f 170 192 197
f 170 197 198
f 170 198 174
f 170 174 171
f 171 174 172
f 173 177 199
f 174 200 175
f 174 198 201
f 174 201 200
f 175 200 202
f 175 202 203
f 175 203 204
f 175 204 205
f 175 205 176
f 176 205 177
f 177 205 206
f 177 206 199
f 178 180 207
f 178 207 208
f 178 208 209
f 178 209 181
f 179 210 211
f 179 211 180
f 180 211 212
f 180 212 213
f 180 213 214
f 180 214 207
f 181 209 215
f 181 215 182
f 182 215 183
f 183 215 216
f 183 216 184
f 184 216 217
f 184 217 187
f 185 186 188
f 186 218 224
f 186 224 188
f 186 187 220
f 186 220 218
f 187 219 220
f 187 217 221
f 187 221 222
f 187 222 223
f 187 223 219
f 188 224 189
f 191 225 194
f 194 226 227
f 194 227 195
f 194 225 228
f 194 228 226
f 195 227 229
f 195 229 230
f 195 230 196
f 196 230 231
f 196 231 201
f 196 201 198
f 196 198 197
f 199 232 233
f 199 233 234
f 199 206 232
f 200 235 202
f 200 201 235
f 201 231 235
f 202 235 236
f 202 236 237
f 202 237 203
f 203 238 204
f 203 237 239
f 203 239 238
f 204 238 205
f 205 238 206
f 206 238 240
f 206 240 232
f 207 214 208
f 208 214 209
f 209 241 215
f 209 214 242
f 209 242 243
f 209 243 241
f 210 244 245
f 210 245 246
f 210 246 247
f 210 247 211
f 211 248 212
f 211 247 248
f 212 248 213
f 213 248 249
f 213 249 250
f 213 250 251
f 213 251 252
f 213 252 214
f 214 252 253
f 214 253 242
f 215 217 216
f 215 241 254
f 215 254 217
f 217 254 221
f 219 223 222
f 219 222 255
f 221 243 256
f 221 256 257
f 221 257 258
f 221 258 259
f 221 259 260
f 221 260 222
f 221 254 241
f 221 241 243
f 222 260 293
f 222 293 261
f 222 261 262
f 222 262 255
f 229 263 230
f 230 263 231
f 231 263 269
f 231 269 235
f 232 240 264
f 232 264 265
f 232 265 233
f 233 265 266
f 233 266 234
f 234 266 267
f 234 267 268
f 235 269 270
f 235 270 236
f 236 270 271
f 236 271 272
f 236 272 237
f 237 273 274
f 237 274 275
f 237 275 276
f 237 276 239
f 237 272 273
f 238 239 277
f 238 277 264
f 238 264 240
f 239 276 277
f 242 253 256
f 242 256 243
f 244 278 245
f 244 279 280
f 244 280 278
f 245 278 281
f 245 281 246
f 246 282 283
f 246 283 247
f 246 281 282
f 247 283 284
f 247 284 248
f 248 284 249
f 249 284 250
f 250 285 251
f 250 284 286
f 250 286 285
f 251 287 288
f 251 288 252
f 251 285 287
f 252 288 253
f 253 288 289
f 253 289 256
f 256 289 257
f 257 290 258
f 257 289 291
f 257 291 290
f 258 290 292
f 258 292 259
f 259 292 293
f 259 293 260
f 264 277 294
f 264 294 295
f 264 295 265
f 265 295 296
f 265 296 297
f 265 297 298
f 265 298 266
f 266 298 299
f 266 299 300
f 266 300 267
f 267 300 299
f 267 299 301
f 267 301 302
f 267 302 268
f 268 302 303
f 271 304 273
f 271 273 272
f 273 304 344
f 273 344 305
f 273 305 274
f 274 305 275
f 275 305 344
f 275 344 306
f 275 306 345
f 275 345 307
f 275 307 276
f 276 308 309
f 276 309 294
f 276 294 277
f 276 307 310
f 276 310 308
f 278 280 311
f 278 311 312
f 278 312 313
f 278 313 281
f 279 314 315
f 279 315 280
f 280 315 316
f 280 316 312
f 280 312 311
f 281 317 318
f 281 318 282
f 281 313 319
f 281 319 317
f 282 320 284
f 282 284 283
f 282 318 321
f 282 321 320
f 284 320 286
f 285 286 322
f 285 322 323
f 285 323 324
f 285 324 325
f 285 325 326
f 285 326 287
f 286 320 322
f 287 327 328
f 287 328 288
f 287 326 374
f 287 374 327
f 288 328 291
f 288 291 289
f 294 309 329
f 294 329 330
f 294 330 296
f 294 296 295
f 296 330 331
f 296 331 332
f 296 332 297
f 297 332 333
f 297 333 334
f 297 334 298
f 298 334 299
f 299 335 336
f 299 336 301
f 299 334 335
f 301 336 337
f 301 337 338
f 301 338 302
f 302 338 339
f 302 339 340
f 302 340 341
f 302 341 342
f 302 342 303
f 303 342 391
f 303 391 343
f 307 345 346
f 307 346 310
f 308 310 347
f 308 347 348
f 308 348 309
f 309 348 349
f 309 349 350
f 309 350 329
f 310 346 347
f 312 316 351
f 312 351 352
f 312 352 353
f 312 353 313
f 313 353 319
f 314 354 402
f 314 402 355
f 314 355 315
f 315 355 356
f 315 356 357
f 315 357 358
f 315 358 359
f 315 359 316
f 316 359 360
f 316 360 351
f 317 321 318
f 317 319 361
f 317 361 362
f 317 362 363
f 317 363 321
f 319 353 364
f 319 364 361
f 320 321 322
f 321 363 365
f 321 365 366
f 321 366 322
f 322 366 367
f 322 367 368
f 322 368 323
f 323 369 370
f 323 370 371
f 323 371 324
f 323 368 372
f 323 372 369
f 324 371 325
f 325 373 326
f 325 371 370
f 325 370 373
f 326 373 374
f 329 350 330
f 330 350 349
f 330 349 375
f 330 375 376
f 330 376 331
f 331 376 377
f 331 377 332
f 332 377 378
f 332 378 333
f 333 379 380
f 333 380 381
f 333 381 335
f 333 335 334
f 333 378 379
f 335 382 383
f 335 383 384
f 335 384 385
f 335 385 336
f 335 381 382
f 336 385 386
f 336 386 387
f 336 387 337
f 337 387 338
f 338 387 388
f 338 388 339
f 339 388 389
f 339 389 390
f 339 390 340
f 340 390 341
f 341 390 342
f 342 390 432
f 342 432 391
f 343 392 393
f 343 391 392
f 351 360 394
f 351 394 395
f 351 395 352
f 352 395 396
f 352 396 397
f 352 397 398
f 352 398 399
f 352 399 364
f 352 364 353
f 354 400 401
f 354 401 402
f 355 402 458
f 355 458 403
f 355 403 356
f 356 403 357
f 357 403 358
f 358 403 404
f 358 404 405
f 358 405 359
f 359 405 406
f 359 406 360
f 360 406 394
f 361 364 407
f 361 407 408
f 361 408 409
f 361 409 362
f 362 409 363
f 363 409 461
f 363 461 410
f 363 410 411
f 363 411 365
f 364 399 412
f 364 412 413
f 364 413 407
f 365 411 414
f 365 414 465
f 365 465 415
f 365 415 366
f 366 415 367
f 367 416 417
f 367 417 372
f 367 372 368
f 367 415 465
f 367 465 416
f 375 418 376
f 376 418 419
f 376 419 377
f 377 419 378
f 378 419 420
f 378 420 379
f 379 421 380
f 380 421 466
f 380 466 422
f 380 422 381
f 381 422 423
f 381 423 382
f 382 423 383
f 383 424 469
f 383 469 425
f 383 425 384
f 383 423 468
f 383 468 424
f 384 425 426
f 384 426 427
f 384 427 385
f 385 427 428
f 385 428 429
f 385 429 386
f 386 429 387
f 387 429 430
f 387 430 431
f 387 431 388
f 388 431 389
f 389 431 390
f 390 431 477
f 390 477 432
f 391 432 433
f 391 433 392
f 392 434 435
f 392 435 393
f 392 433 436
f 392 436 437
f 392 437 438
f 392 438 434
f 393 435 439
f 394 406 440
f 394 440 441
f 394 441 395
f 395 441 442
f 395 442 443
f 395 443 396
f 396 443 444
f 396 444 445
f 396 445 397
f 397 445 446
f 397 446 447
f 397 447 448
f 397 448 398
f 398 448 493
f 398 493 449
f 398 449 450
f 398 450 399
f 399 450 412
f 400 451 401
f 400 452 451
f 401 451 453
f 401 453 454
f 401 454 455
f 401 455 456
f 401 456 457
f 401 457 402
f 402 457 458
f 403 458 505
f 403 505 459
f 403 459 404
f 404 459 405
f 405 459 440
f 405 440 406
f 407 413 408
f 408 460 461
f 408 461 409
f 408 413 460
f 412 462 464
f 412 464 413
f 412 450 463
f 412 463 462
f 413 464 460
f 422 466 467
f 422 467 423
f 423 467 468
f 425 469 470
f 425 470 426
f 426 470 471
f 426 471 427
f 427 471 472
f 427 472 428
f 428 472 429
f 429 473 474
f 429 474 430
f 429 472 473
f 430 474 475
f 430 475 431
f 431 476 507
f 431 507 477
f 431 475 476
f 432 477 478
f 432 478 437
f 432 437 436
f 432 436 433
f 434 479 435
f 434 438 480
f 434 480 481
f 434 481 479
f 435 479 482
f 435 482 483
f 435 483 439
f 437 478 484
f 437 484 438
f 438 484 485
f 438 485 480
f 439 483 486
f 439 486 487
f 440 459 506
f 440 506 488
f 440 488 489
f 440 489 441
f 441 489 442
f 442 489 490
f 442 490 443
f 443 491 492
f 443 492 444
f 443 490 491
f 444 492 446
f 444 446 445
f 449 493 494
f 449 494 450
f 450 494 463
f 451 495 496
f 451 496 453
f 451 452 497
f 451 497 495
f 452 498 499
f 452 499 497
f 453 496 500
f 453 500 501
f 453 501 454
f 454 501 502
f 454 502 503
f 454 503 455
f 455 503 504
f 455 504 458
f 455 458 456
f 456 458 457
f 458 504 505
f 459 505 531
f 459 531 506
f 477 507 532
f 477 532 508
f 477 508 485
f 477 485 484
f 477 484 478
f 479 481 509
f 479 509 510
f 479 510 511
f 479 511 483
f 479 483 482
f 480 485 481
f 481 485 512
f 481 512 513
f 481 513 509
f 483 514 486
f 483 511 514
f 485 508 515
f 485 515 512
f 486 514 516
f 486 516 487
f 487 516 517
f 487 517 518
f 487 518 519
f 495 497 496
f 496 520 500
f 496 497 521
f 496 521 522
f 496 522 520
f 497 499 523
f 497 523 521
f 498 524 525
f 498 525 499
f 498 526 527
f 498 527 524
f 499 525 523
f 500 528 529
f 500 529 501
f 500 520 528
f 501 529 502
f 502 529 530
f 502 530 503
f 503 530 505
f 503 505 504
f 505 530 571
f 505 571 531
f 508 532 544
f 508 544 515
f 509 513 533
f 509 533 534
f 509 534 535
f 509 535 536
f 509 536 537
f 509 537 510
f 510 537 538
f 510 538 511
f 511 538 514
f 512 515 513
f 513 515 539
f 513 539 540
f 513 540 533
f 514 541 542
f 514 542 543
f 514 543 516
f 514 538 541
f 515 544 545
f 515 545 539
f 516 543 546
f 516 546 517
f 517 547 548
f 517 548 518
f 517 546 547
f 518 548 549
f 518 549 550
f 518 550 519
f 519 550 551
f 520 522 552
f 520 552 553
f 520 553 554
f 520 554 555
f 520 555 556
f 520 556 528
f 521 557 522
f 521 523 557
f 522 557 552
f 523 525 558
f 523 558 559
f 523 559 560
f 523 560 557
f 524 561 562
f 524 562 525
f 524 527 563
f 524 563 561
f 525 562 558
f 526 564 527
f 526 565 564
f 527 564 566
f 527 566 563
f 528 556 567
f 528 567 568
f 528 568 569
f 528 569 529
f 529 569 530
f 530 569 570
f 530 570 571
f 533 540 572
f 533 572 573
f 533 573 534
f 534 573 619
f 534 619 574
f 534 574 620
f 534 620 575
f 534 575 535
f 535 575 576
f 535 576 536
f 536 576 577
f 536 577 537
f 537 577 578
f 537 578 579
f 537 579 538
f 538 579 541
f 539 545 540
f 540 580 618
f 540 618 572
f 540 545 580
f 541 579 581
f 541 581 582
f 541 582 583
f 541 583 542
f 542 583 543
f 543 583 584
f 543 584 547
f 543 547 546
f 547 585 586
f 547 586 548
f 547 584 587
f 547 587 585
f 548 588 549
f 548 586 588
f 549 588 550
f 550 588 589
f 550 589 590
f 550 590 591
f 550 591 592
f 550 592 551
f 552 557 593
f 552 593 594
f 552 594 595
f 552 595 596
f 552 596 553
f 553 596 597
f 553 597 554
f 554 597 598
f 554 598 647
f 554 647 599
f 554 599 600
f 554 600 555
f 555 600 648
f 555 648 601
f 555 601 556
f 556 601 602
f 556 602 567
f 557 560 593
f 558 562 561
f 558 561 603
f 558 603 604
f 558 604 559
f 559 604 560
f 560 604 605
f 560 605 606
f 560 606 593
f 561 607 603
f 561 563 608
f 561 608 609
f 561 609 607
f 563 566 610
f 563 610 608
f 564 611 610
f 564 610 566
f 564 565 612
f 564 612 613
f 564 613 611
f 565 614 615
f 565 615 612
f 567 616 617
f 567 617 568
f 567 602 650
f 567 650 616
f 568 617 570
f 568 570 569
f 572 618 619
f 572 619 573
f 575 620 621
f 575 621 576
f 576 621 622
f 576 622 577
f 577 623 578
f 577 622 623
f 578 623 624
f 578 624 625
f 578 625 626
f 578 626 579
f 579 626 627
f 579 627 581
f 581 627 582
f 582 627 628
f 582 628 629
f 582 629 630
f 582 630 583
f 583 630 631
f 583 631 632
f 583 632 584
f 584 632 587
f 585 633 634
f 585 634 588
f 585 588 586
f 585 587 633
f 587 632 633
f 588 635 589
f 588 634 635
f 589 635 636
f 589 636 637
f 589 637 638
f 589 638 639
f 589 639 590
f 590 639 591
f 591 639 638
f 591 638 640
f 591 640 641
f 591 641 592
f 592 641 642
f 593 643 594
f 593 606 654
f 593 654 643
f 594 643 595
f 595 643 644
f 595 644 596
f 596 645 646
f 596 646 597
f 596 644 645
f 597 646 647
f 597 647 598
f 601 648 649
f 601 649 602
f 602 649 650
f 603 607 651
f 603 651 604
f 604 652 605
f 604 651 653
f 604 653 652
f 605 654 606
f 605 652 655
f 605 655 654
f 607 609 656
f 607 656 651
f 608 610 609
f 609 610 657
f 609 657 656
f 610 611 658
f 610 658 657
f 611 613 659
f 611 659 660
f 611 660 661
f 611 661 662
f 611 662 658
f 612 663 660
f 612 660 659
f 612 659 613
f 612 615 663
f 614 664 615
f 614 665 664
f 615 664 666
f 615 666 663
f 625 667 627
f 625 627 626
f 627 667 628
f 628 668 631
f 628 631 629
f 629 631 630
f 631 668 711
f 631 711 669
f 631 669 632
f 632 670 671
f 632 671 672
f 632 672 633
f 632 669 670
f 633 672 673
f 633 673 674
f 633 674 675
f 633 675 676
f 633 676 634
f 634 676 677
f 634 677 635
f 635 677 636
f 636 678 637
f 636 677 679
f 636 679 678
f 637 678 680
f 637 680 638
f 638 681 682
f 638 682 640
f 638 680 681
f 640 683 684
f 640 684 641
f 640 682 683
f 641 684 685
f 641 685 642
f 642 685 686
f 643 654 692
f 643 692 687
f 643 687 644
f 651 688 653
f 651 656 689
f 651 689 690
f 651 690 688
f 652 653 691
f 652 691 655
f 653 688 691
f 654 655 692
f 655 691 693
f 656 694 695
f 656 695 696
f 656 696 689
f 656 657 697
f 656 697 694
f 657 658 698
f 657 698 697
f 658 662 698
f 660 663 699
f 660 699 700
f 660 700 701
f 660 701 661
f 661 701 702
f 661 702 662
f 662 702 703
f 662 703 698
f 663 666 704
f 663 704 699
f 664 705 706
f 664 706 666
f 664 665 707
f 664 707 705
f 665 708 709
f 665 709 707
f 666 710 704
f 666 706 710
f 669 711 712
f 669 712 713
f 669 713 670
f 670 713 714
f 670 714 671
f 671 714 672
f 672 714 715
f 672 715 755
f 672 755 716
f 672 716 673
f 673 716 674
f 674 716 755
f 674 755 717
f 674 717 718
f 674 718 675
f 675 718 719
f 675 719 676
f 676 719 720
f 676 720 677
f 677 720 721
f 677 721 679
f 678 722 723
f 678 723 680
f 678 679 724
f 678 724 722
f 679 721 724
f 680 723 681
f 681 723 725
f 681 725 682
f 682 725 726
f 682 726 727
f 682 727 728
f 682 728 683
f 683 728 684
f 684 729 685
f 684 728 729
f 685 729 730
f 685 730 731
f 685 731 686
f 686 731 732
f 686 732 733
f 688 690 737
f 688 737 734
f 688 734 693
f 688 693 691
f 689 696 735
f 689 735 739
f 689 739 736
f 689 736 737
f 689 737 690
f 694 697 738
f 694 738 695
f 695 738 739
f 695 739 735
f 695 735 696
f 697 740 738
f 697 698 741
f 697 741 740
f 698 703 741
f 699 704 710
f 699 710 742
f 699 742 743
f 699 743 744
f 699 744 700
f 700 744 745
f 700 745 701
f 701 745 702
f 702 746 703
f 702 745 746
f 703 746 741
f 705 747 748
f 705 748 706
f 705 707 749
f 705 749 747
f 706 748 710
f 707 709 750
f 707 750 749
f 708 751 752
f 708 752 709
f 709 752 753
f 709 753 750
f 710 754 742
f 710 748 754
f 721 756 724
f 722 724 756
f 722 756 789
f 722 789 757
f 722 757 723
f 723 757 758
f 723 758 759
f 723 759 760
f 723 760 726
f 723 726 725
f 726 760 761
f 726 761 727
f 727 761 728
f 728 761 762
f 728 762 729
f 729 762 730
f 730 762 763
f 730 763 764
f 730 764 731
f 731 764 765
f 731 765 732
f 732 765 766
f 732 766 767
f 732 767 733
f 733 767 768
f 741 746 769
f 742 754 743
f 743 745 744
f 743 754 770
f 743 770 745
f 745 771 772
f 745 772 746
f 745 770 773
f 745 773 774
f 745 774 771
f 746 772 775
f 746 775 769
f 747 749 776
f 747 776 777
f 747 777 778
f 747 778 779
f 747 779 748
f 748 779 754
f 749 750 780
f 749 780 781
f 749 781 776
f 750 753 782
f 750 782 783
f 750 783 780
f 751 784 752
f 751 768 810
f 751 810 784
f 752 784 785
f 752 785 786
f 752 786 787
f 752 787 753
f 753 787 788
f 753 788 782
f 754 779 770
f 757 790 758
f 757 789 790
f 758 790 791
f 758 791 759
f 759 791 792
f 759 792 793
f 759 793 795
f 759 795 794
f 759 794 760
f 760 794 795
f 760 795 796
f 760 796 838
f 760 838 797
f 760 797 798
f 760 798 761
f 761 798 762
f 762 798 763
f 763 798 799
f 763 799 800
f 763 800 801
f 763 801 764
f 764 801 802
f 764 802 803
f 764 803 765
f 765 804 805
f 765 805 766
f 765 803 804
f 766 805 806
f 766 806 807
f 766 807 767
f 767 807 808
f 767 808 809
f 767 809 810
f 767 810 768
f 770 779 811
f 770 811 812
f 770 812 813
f 770 813 773
f 771 774 814
f 771 814 815
f 771 815 816
f 771 816 817
f 771 817 772
f 772 817 775
f 773 813 812
f 773 812 818
f 773 818 814
f 773 814 774
f 776 819 820
f 776 820 777
f 776 781 819
f 777 820 821
f 777 821 822
f 777 822 823
f 777 823 778
f 778 823 859
f 778 859 824
f 778 824 779
f 779 824 811
f 780 783 825
f 780 825 781
f 781 826 866
f 781 866 827
f 781 827 828
f 781 828 819
f 781 825 829
f 781 829 830
f 781 830 826
f 782 788 831
f 782 831 832
f 782 832 783
f 783 832 825
f 784 833 785
f 784 810 858
f 784 858 833
f 785 833 834
f 785 834 786
f 786 834 787
f 787 834 835
f 787 835 836
f 787 836 788
f 788 836 835
f 788 835 837
f 788 837 831
f 797 838 874
f 797 874 839
f 797 839 840
f 797 840 798
f 798 840 799
f 799 840 839
f 799 839 841
f 799 841 800
f 800 842 843
f 800 843 844
f 800 844 801
f 800 841 845
f 800 845 842
f 801 846 802
f 801 844 846
f 802 846 847
f 802 847 848
f 802 848 849
f 802 849 850
f 802 850 851
f 802 851 803
f 803 851 804
f 804 851 852
f 804 852 805
f 805 852 853
f 805 853 806
f 806 853 854
f 806 854 855
f 806 855 856
f 806 856 807
f 807 856 855
f 807 855 857
f 807 857 808
f 808 857 809
f 809 857 858
f 809 858 810
f 811 824 859
f 811 859 860
f 811 860 861
f 811 861 812
f 819 821 820
f 819 828 827
f 819 827 866
f 819 866 862
f 819 862 821
f 822 863 823
f 823 863 860
f 823 860 859
f 825 832 864
f 825 864 865
f 825 865 829
f 826 830 866
f 829 865 867
f 829 867 830
f 831 837 868
f 831 868 832
f 832 868 869
f 832 869 870
f 832 870 871
f 832 871 872
f 832 872 864
f 833 873 834
f 833 858 890
f 833 890 873
f 834 873 868
f 834 868 835
f 835 868 837
f 839 875 841
f 839 874 875
f 841 875 845
f 843 876 846
f 843 846 844
f 846 876 877
f 846 877 848
f 846 848 847
f 848 877 878
f 848 878 849
f 849 878 879
f 849 879 880
f 849 880 850
f 850 880 881
f 850 881 882
f 850 882 883
f 850 883 851
f 851 883 884
f 851 884 852
f 852 885 886
f 852 886 887
f 852 887 888
f 852 888 889
f 852 889 853
f 852 884 885
f 853 889 854
f 854 889 855
f 855 889 857
f 857 889 890
f 857 890 858
f 864 891 892
f 864 892 865
f 864 872 891
f 865 892 867
f 868 873 893
f 868 893 894
f 868 894 895
f 868 895 869
f 869 895 896
f 869 896 870
f 870 896 897
f 870 897 871
f 871 898 872
f 871 897 898
f 872 898 891
f 873 899 893
f 873 890 909
f 873 909 899
f 882 900 884
f 882 884 883
f 884 900 912
f 884 912 901
f 884 901 885
f 885 901 902
f 885 902 886
f 886 902 903
f 886 903 904
f 886 904 887
f 887 904 905
f 887 905 888
f 888 906 907
f 888 907 889
f 888 905 906
f 889 908 909
f 889 909 890
f 889 907 908
f 891 910 892
f 891 898 911
f 891 911 910
f 897 911 898
f 901 912 913
f 901 913 902
f 902 913 903

o geometry_1
v -0.01272265 -0.01575972 0.00330262
v -0.01300308 -0.01554497 0.00330262
v -0.01272265 -0.00986548 0.00330262
v -0.01272265 -0.01575972 0.04924956
v -0.01302964 -0.01552334 0.00330262
v -0.01302964 -0.01552334 0.04974619
v -0.01286803 -0.00936644 0.00330262
v -0.01272265 -0.01082030 0.04974619
v -0.01272265 -0.01575509 0.04974619
v -0.01275069 -0.01573500 0.04974619
v -0.01305400 -0.01550171 0.00330262
v -0.01302005 -0.01551561 0.05001749
v -0.01327981 -0.01529931 0.04974619
v -0.01628183 0.00002418 0.00330262
v -0.01671575 0.00002418 0.04974619
v -0.01272265 -0.01119729 0.05016004
v -0.01275069 -0.01561449 0.05008187
v -0.01272265 -0.01562531 0.05008647
v -0.01327981 -0.01529931 0.00330262
v -0.01321192 -0.01521897 0.05008647
v -0.01353515 -0.01503202 0.05003129
v -0.01355286 -0.01504902 0.04974619
v -0.02026091 0.00002418 0.00330262
v -0.01685818 0.00002418 0.05013705
v -0.01272265 -0.01121583 0.05016464
v -0.01275069 -0.01524987 0.05021982
v -0.01272265 -0.01524987 0.05022442
v -0.01355286 -0.01504902 0.00330262
v -0.01372111 -0.01472456 0.05010026
v -0.01404434 -0.01454071 0.05004048
v -0.01457641 -0.01407566 0.04974619
v -0.01431665 -0.01432440 0.04974619
v -0.01406648 -0.01456234 0.04974619
v -0.02026091 -0.00025083 0.00330262
v -0.02026091 0.00002418 0.04974619
v -0.01724930 0.00002418 0.05027040
v -0.01272265 -0.01174731 0.05026580
v -0.01422662 -0.01423016 0.05010946
v -0.01375063 -0.01424870 0.05023821
v -0.01272265 -0.01474928 0.05027040
v -0.01275069 -0.01474928 0.05027040
v -0.01406648 -0.01456234 0.00330262
v -0.01455132 -0.01404939 0.05004968
v -0.01503247 -0.01353644 0.05003588
v -0.01482658 -0.01380528 0.04974619
v -0.01460076 -0.01404939 0.00330262
v -0.01457641 -0.01407566 0.00330262
v -0.01431665 -0.01432440 0.00330262
v -0.02023730 -0.00070198 0.00330262
v -0.02026091 -0.00025083 0.04974619
v -0.02013029 0.00002418 0.05013245
v -0.01974951 0.00002418 0.05027040
v -0.01275069 -0.01174886 0.05027040
v -0.01272265 -0.01224944 0.05027040
v -0.01425023 -0.01374966 0.05024281
v -0.01473064 -0.01372185 0.05010486
v -0.01375063 -0.01374966 0.05027040
v -0.01550771 -0.01300805 0.05000829
v -0.01521991 -0.01320426 0.05008187
v -0.01610841 -0.01214438 0.05008647
v -0.01504870 -0.01355653 0.04974619
v -0.01482658 -0.01380528 0.00330262
v -0.02018048 -0.00175105 0.00330262
v -0.02018048 -0.00175105 0.04974619
v -0.02023435 -0.00075142 0.04974619
v -0.02008971 -0.00175105 0.05010486
v -0.02010373 -0.00125046 0.05011406
v -0.02011701 -0.00075142 0.05012325
v -0.02013029 -0.00025083 0.05013245
v -0.01974951 -0.00025083 0.05027040
v -0.01525017 -0.01224944 0.05027040
v -0.01575050 -0.01174886 0.05027040
v -0.01475057 -0.01324907 0.05022902
v -0.01525017 -0.01274849 0.05021062
v -0.01578740 -0.01228652 0.05016004
v -0.01655414 -0.01157891 0.05005888
v -0.01700061 -0.01100107 0.04999910
v -0.01616228 -0.01221545 0.04974619
v -0.01597041 -0.01246575 0.04974619
v -0.01551066 -0.01301114 0.04974619
v -0.01529887 -0.01326143 0.04974619
v -0.01626560 -0.01174731 0.05014165
v -0.01573427 -0.01274849 0.04924956
v -0.01575714 -0.01272222 0.00330262
v -0.01504870 -0.01355653 0.00330262
v -0.02014063 -0.00220219 0.00330262
v -0.02013620 -0.00225009 0.04974619
v -0.02003215 -0.00275067 0.05004508
v -0.02006757 -0.00225009 0.05008647
v -0.01974951 -0.00225009 0.05022442
v -0.01974951 -0.00175105 0.05024281
v -0.01974951 -0.00075142 0.05026121
v -0.01924991 -0.00425089 0.05027040
v -0.01625010 -0.01124982 0.05024741
v -0.01674970 -0.01024865 0.05027040
v -0.01708400 -0.01074923 0.05006807
v -0.01683161 -0.01125136 0.04974619
v -0.01641245 -0.01186937 0.04974619
v -0.01753710 -0.01007097 0.05004508
v -0.01741829 -0.01035680 0.04974619
v -0.01716960 -0.01074923 0.04974619
v -0.01717034 -0.01074923 0.04924956
v -0.01700061 -0.01100107 0.00330262
v -0.01597337 -0.01246575 0.04924956
v -0.01618664 -0.01218301 0.00330262
v -0.01614457 -0.01224017 0.00330262
v -0.01674970 -0.01074923 0.05020603
v -0.01726701 -0.01024247 0.05013705
v -0.01597337 -0.01246575 0.00330262
v -0.02013620 -0.00225009 0.00330262
v -0.02006462 -0.00275067 0.04974619
v -0.02000779 -0.00305041 0.05000829
v -0.01959601 -0.00475147 0.05010486
v -0.01964841 -0.00425089 0.05013245
v -0.01924991 -0.00475147 0.05024281
v -0.01824997 -0.00725131 0.05027040
v -0.01874957 -0.00625014 0.05026121
v -0.01724930 -0.00974960 0.05023821
v -0.01774964 -0.00874998 0.05024741
v -0.01683161 -0.01125136 0.00330262
v -0.01641245 -0.01186937 0.00330262
v -0.01761754 -0.00974960 0.05010026
v -0.01804777 -0.00908988 0.05005428
v -0.01807139 -0.00913469 0.04974619
v -0.01755629 -0.01010650 0.04974619
v -0.01741903 -0.01035680 0.04924956
v -0.01719395 -0.01071215 0.00330262
v -0.01717034 -0.01074923 0.00330262
v -0.01813042 -0.00874998 0.05010946
v -0.02006462 -0.00275067 0.00330262
v -0.01997090 -0.00332387 0.04924956
v -0.02001148 -0.00307513 0.04974619
v -0.02000779 -0.00309830 0.00330262
v -0.01954066 -0.00514854 0.05004968
v -0.01980412 -0.00425089 0.04974619
v -0.01913110 -0.00625014 0.05012325
v -0.01824997 -0.00775035 0.05023821
v -0.01853483 -0.00808717 0.05004508
v -0.01844553 -0.00838226 0.04974619
v -0.01826695 -0.00874998 0.04974619
v -0.01827285 -0.00874998 0.04924956
v -0.01807139 -0.00913469 0.00330262
v -0.01757474 -0.01007251 0.00330262
v -0.01755629 -0.01010650 0.00330262
v -0.01741903 -0.01035680 0.00330262
v -0.01860124 -0.00775035 0.05010026
v -0.01990079 -0.00375030 0.04924956
v -0.01997090 -0.00332387 0.00330262
v -0.01990743 -0.00371013 0.00330262
v -0.01969268 -0.00475147 0.04974619
v -0.01956133 -0.00522270 0.04974619
v -0.01926762 -0.00625014 0.04974619
v -0.01900122 -0.00700411 0.04999910
v -0.01905066 -0.00675072 0.05005428
v -0.01981076 -0.00425089 0.04924956
v -0.01855254 -0.00813197 0.04974619
v -0.01845144 -0.00838226 0.04924956
v -0.01827285 -0.00874998 0.00330262
v -0.01990079 -0.00375030 0.00330262
v -0.01981961 -0.00420299 0.00330262
v -0.01949196 -0.00547299 0.04924956
v -0.01941447 -0.00575110 0.04924956
v -0.01969268 -0.00475147 0.00330262
v -0.01927279 -0.00625014 0.04924956
v -0.01910232 -0.00675072 0.04974619
v -0.01900195 -0.00700565 0.04974619
v -0.01981076 -0.00425089 0.00330262
v -0.01870530 -0.00775035 0.04924956
v -0.01872448 -0.00770400 0.00330262
v -0.01854294 -0.00815669 0.00330262
v -0.01845144 -0.00838226 0.00330262
v -0.01949196 -0.00547299 0.00330262
v -0.01942185 -0.00572483 0.00330262
v -0.01941447 -0.00575110 0.00330262
v -0.01927279 -0.00625014 0.00330262
v -0.01910232 -0.00675072 0.00330262
v -0.01901155 -0.00698248 0.00330262
v -0.01890233 -0.00725595 0.04924956
f 914 915 918
f 914 918 924
f 914 924 932
f 914 932 941
f 914 941 955
f 914 955 961
f 914 961 960
f 914 960 959
f 914 959 975
f 914 975 998
f 914 998 997
f 914 997 1022
f 914 1022 1019
f 914 1019 1018
f 914 1018 1034
f 914 1034 1033
f 914 1033 1016
f 914 1016 1041
f 914 1041 1040
f 914 1040 1058
f 914 1058 1057
f 914 1057 1056
f 914 1056 1055
f 914 1055 1071
f 914 1071 1084
f 914 1084 1083
f 914 1083 1082
f 914 1082 1090
f 914 1090 1089
f 914 1089 1088
f 914 1088 1087
f 914 1087 1086
f 914 1086 1085
f 914 1085 1076
f 914 1076 1080
f 914 1080 1073
f 914 1073 1072
f 914 1072 1062
f 914 1062 1061
f 914 1061 1046
f 914 1046 1043
f 914 1043 1023
f 914 1023 999
f 914 999 976
f 914 976 962
f 914 962 947
f 914 947 936
f 914 936 927
f 914 927 920
f 914 920 916
f 914 916 921
f 914 921 929
f 914 929 938
f 914 938 950
f 914 950 967
f 914 967 953
f 914 953 940
f 914 940 931
f 914 931 922
f 914 922 917
f 914 917 915
f 915 917 919
f 915 919 918
f 916 920 921
f 917 922 923
f 917 923 919
f 918 919 924
f 919 923 925
f 919 925 926
f 919 926 924
f 920 927 921
f 921 928 929
f 921 927 928
f 922 930 925
f 922 925 923
f 922 931 930
f 924 926 932
f 925 930 933
f 925 933 934
f 925 934 935
f 925 935 926
f 926 935 941
f 926 941 932
f 927 936 948
f 927 948 964
f 927 964 965
f 927 965 949
f 927 949 937
f 927 937 928
f 928 937 929
f 929 937 938
f 930 931 939
f 930 939 933
f 931 940 939
f 933 939 942
f 933 942 934
f 934 943 944
f 934 944 945
f 934 945 946
f 934 946 935
f 934 942 943
f 935 946 955
f 935 955 941
f 936 947 963
f 936 963 948
f 937 949 950
f 937 950 938
f 939 951 942
f 939 940 952
f 939 952 951
f 940 953 954
f 940 954 952
f 942 951 956
f 942 956 943
f 943 956 944
f 944 956 957
f 944 957 958
f 944 958 959
f 944 959 960
f 944 960 961
f 944 961 945
f 945 961 955
f 945 955 946
f 947 962 963
f 948 963 982
f 948 982 964
f 949 965 983
f 949 983 1006
f 949 1006 1029
f 949 1029 1008
f 949 1008 985
f 949 985 984
f 949 984 970
f 949 970 954
f 949 954 953
f 949 953 967
f 949 967 966
f 949 966 950
f 950 966 967
f 951 952 968
f 951 968 969
f 951 969 956
f 952 954 968
f 954 970 968
f 956 969 957
f 957 971 958
f 957 969 972
f 957 972 973
f 957 973 971
f 958 971 974
f 958 974 998
f 958 998 975
f 958 975 959
f 962 976 977
f 962 977 978
f 962 978 963
f 963 978 979
f 963 979 980
f 963 980 981
f 963 981 982
f 964 982 983
f 964 983 965
f 968 970 984
f 968 984 985
f 968 985 986
f 968 986 969
f 969 986 987
f 969 987 988
f 969 988 973
f 969 973 972
f 971 989 990
f 971 990 991
f 971 991 992
f 971 992 993
f 971 993 994
f 971 994 974
f 971 973 989
f 973 988 995
f 973 995 989
f 974 994 996
f 974 996 997
f 974 997 998
f 976 999 977
f 977 1000 1001
f 977 1001 1002
f 977 1002 978
f 977 999 1000
f 978 1002 979
f 979 1002 1003
f 979 1003 1004
f 979 1004 980
f 980 1004 981
f 981 1004 982
f 982 1004 1005
f 982 1005 983
f 983 1005 1006
f 985 1007 987
f 985 987 986
f 985 1008 1007
f 987 995 988
f 987 1007 995
f 989 1009 990
f 989 995 1009
f 990 1010 1011
f 990 1011 991
f 990 1009 1012
f 990 1012 1013
f 990 1013 1014
f 990 1014 1015
f 990 1015 1041
f 990 1041 1016
f 990 1016 1033
f 990 1033 1010
f 991 1017 992
f 991 1011 1018
f 991 1018 1019
f 991 1019 1017
f 992 1017 993
f 993 1017 996
f 993 996 994
f 995 1007 1020
f 995 1020 1021
f 995 1021 1009
f 996 1017 997
f 997 1017 1022
f 999 1023 1000
f 1000 1024 1025
f 1000 1025 1001
f 1000 1023 1043
f 1000 1043 1024
f 1001 1025 1026
f 1001 1026 1002
f 1002 1026 1027
f 1002 1027 1003
f 1003 1028 1006
f 1003 1006 1004
f 1003 1027 1028
f 1004 1006 1005
f 1006 1028 1030
f 1006 1030 1029
f 1007 1008 1031
f 1007 1031 1020
f 1008 1029 1032
f 1008 1032 1031
f 1009 1021 1012
f 1010 1033 1034
f 1010 1034 1011
f 1011 1034 1018
f 1012 1021 1035
f 1012 1035 1036
f 1012 1036 1037
f 1012 1037 1038
f 1012 1038 1013
f 1013 1038 1039
f 1013 1039 1015
f 1013 1015 1014
f 1015 1039 1040
f 1015 1040 1041
f 1017 1019 1022
f 1020 1031 1021
f 1021 1031 1042
f 1021 1042 1035
f 1024 1044 1045
f 1024 1045 1025
f 1024 1043 1046
f 1024 1046 1044
f 1025 1047 1026
f 1025 1045 1048
f 1025 1048 1047
f 1026 1049 1028
f 1026 1028 1027
f 1026 1047 1049
f 1028 1049 1030
f 1029 1030 1050
f 1029 1050 1032
f 1030 1049 1050
f 1031 1032 1042
f 1032 1050 1042
f 1035 1042 1036
f 1036 1051 1052
f 1036 1052 1053
f 1036 1053 1037
f 1036 1042 1051
f 1037 1053 1054
f 1037 1054 1071
f 1037 1071 1055
f 1037 1055 1056
f 1037 1056 1038
f 1038 1056 1057
f 1038 1057 1058
f 1038 1058 1039
f 1039 1058 1040
f 1042 1059 1051
f 1042 1050 1059
f 1044 1060 1045
f 1044 1046 1061
f 1044 1061 1062
f 1044 1062 1060
f 1045 1060 1048
f 1047 1048 1063
f 1047 1063 1064
f 1047 1064 1065
f 1047 1065 1066
f 1047 1066 1067
f 1047 1067 1049
f 1048 1060 1068
f 1048 1068 1063
f 1049 1067 1059
f 1049 1059 1050
f 1051 1059 1067
f 1051 1067 1066
f 1051 1066 1069
f 1051 1069 1052
f 1052 1069 1070
f 1052 1070 1054
f 1052 1054 1053
f 1054 1070 1084
f 1054 1084 1071
f 1060 1062 1072
f 1060 1072 1073
f 1060 1073 1068
f 1063 1074 1075
f 1063 1075 1064
f 1063 1068 1080
f 1063 1080 1076
f 1063 1076 1085
f 1063 1085 1074
f 1064 1075 1077
f 1064 1077 1065
f 1065 1078 1066
f 1065 1077 1078
f 1066 1078 1079
f 1066 1079 1069
f 1068 1073 1080
f 1069 1079 1081
f 1069 1081 1082
f 1069 1082 1083
f 1069 1083 1070
f 1070 1083 1084
f 1074 1085 1086
f 1074 1086 1075
f 1075 1086 1087
f 1075 1087 1088
f 1075 1088 1077
f 1077 1088 1089
f 1077 1089 1078
f 1078 1089 1090
f 1078 1090 1079
f 1079 1091 1081
f 1079 1090 1082
f 1079 1082 1091
f 1081 1091 1082

o geometry_2
v 0.00931052 0.01724988 0.05027040
v 0.00931052 0.01475018 0.05027040
v 0.00931052 0.01776171 0.05013705
v 0.00874931 0.01774941 0.05024741
v 0.00724972 0.01824963 0.05027040
v 0.00924948 0.01475018 0.05027040
v 0.00931052 0.01422400 0.05016924
v 0.00926132 0.01777743 0.05014165
v 0.00931052 0.01799474 0.04974619
v 0.00910280 0.01804735 0.05005428
v 0.00874931 0.01812389 0.05010946
v 0.00774989 0.01824963 0.05023821
v 0.00624938 0.01874984 0.05025661
v 0.00574922 0.01874984 0.05027040
v 0.00000321 0.01724988 0.05027040
v 0.00000321 0.01705513 0.05020603
v 0.00931052 0.01404769 0.05010946
v 0.00931052 0.01799815 0.04924956
v 0.00915473 0.01807127 0.04974619
v 0.00807604 0.01853527 0.05004508
v 0.00774989 0.01860634 0.05010026
v 0.00624938 0.01912432 0.05011865
v 0.00474979 0.01924937 0.05024281
v 0.00425054 0.01924937 0.05026580
v 0.00375037 0.01924937 0.05027040
v 0.00000321 0.01950289 0.05027040
v 0.00000321 0.01685490 0.05013705
v 0.00931052 0.01387617 0.04975079
v 0.00931052 0.01799815 0.00330262
v 0.00917842 0.01806034 0.00330262
v 0.00874931 0.01825919 0.04924956
v 0.00811431 0.01855303 0.04974619
v 0.00911556 0.01808972 0.00330262
v 0.00774989 0.01871567 0.04974619
v 0.00700465 0.01900131 0.04999910
v 0.00674955 0.01904436 0.05004968
v 0.00551052 0.01950289 0.05000370
v 0.00524996 0.01953501 0.05004508
v 0.00474979 0.01959173 0.05010486
v 0.00425054 0.01964093 0.05012785
v 0.00225078 0.01974958 0.05021522
v 0.00175061 0.01974958 0.05024281
v 0.00125044 0.01974958 0.05025661
v 0.00075027 0.01974958 0.05026580
v 0.00000321 0.01974958 0.05026580
v 0.00000321 0.01678178 0.04994392
v 0.00000321 0.01670730 0.04974619
v 0.00930961 0.01387617 0.04974619
v 0.00931052 0.01326457 0.00330262
v 0.00871287 0.01827628 0.00330262
v 0.00774989 0.01871909 0.04924956
v 0.00811431 0.01855303 0.00330262
v 0.00725792 0.01891248 0.04974619
v 0.00700738 0.01900268 0.04974619
v 0.00551599 0.01950494 0.04974619
v 0.00308348 0.02001268 0.05001749
v 0.00524996 0.01956986 0.04974619
v 0.00474979 0.01968467 0.04974619
v 0.00275003 0.02003249 0.05004508
v 0.00275003 0.01974958 0.05018303
v 0.00225078 0.02005983 0.05007727
v 0.00175061 0.02008716 0.05010486
v 0.00125044 0.02011176 0.05012325
v 0.00075027 0.02012270 0.05012785
v 0.00000321 0.01993819 0.05019683
v 0.00000321 0.01626995 0.00330262
v 0.00838580 0.01338620 0.00330262
v 0.00725792 0.01891589 0.04924956
v 0.00774989 0.01871909 0.00330262
v 0.00576562 0.01942089 0.04924956
v 0.00700738 0.01900268 0.00330262
v 0.00551599 0.01950494 0.00330262
v 0.00337410 0.01997373 0.04974619
v 0.00312448 0.02001883 0.04974619
v 0.00275003 0.02006529 0.04974619
v 0.00225078 0.02011996 0.04974619
v 0.00175061 0.02017463 0.04974619
v 0.00125044 0.02022315 0.04974619
v 0.00524996 0.01956986 0.00330262
v 0.00425054 0.01979469 0.04924956
v 0.00375037 0.01990471 0.04924956
v 0.00474979 0.01968467 0.00330262
v 0.00075027 0.02024570 0.04974619
v 0.00000321 0.02012270 0.05012785
v 0.00000321 0.02024570 0.00330262
v 0.00725792 0.01891589 0.00330262
v 0.00576562 0.01942089 0.00330262
v 0.00337410 0.01997987 0.04924956
v 0.00314816 0.02001541 0.00330262
v 0.00312448 0.02001883 0.00330262
v 0.00308894 0.02002361 0.00330262
v 0.00275003 0.02006529 0.00330262
v 0.00270266 0.02007076 0.00330262
v 0.00220249 0.02012543 0.00330262
v 0.00175061 0.02017463 0.00330262
v 0.00170232 0.02017941 0.00330262
v 0.00125044 0.02022315 0.00330262
v 0.00120215 0.02022588 0.00330262
v 0.00425054 0.01979469 0.00330262
v 0.00375037 0.01990471 0.00330262
v 0.00000321 0.02024570 0.04974619
v 0.00075027 0.02024570 0.00330262
v 0.00337410 0.01997987 0.00330262
f 1092 1093 1098
f 1092 1098 1108
f 1092 1108 1119
f 1092 1119 1140
f 1092 1140 1120
f 1092 1120 1109
f 1092 1109 1100
f 1092 1100 1094
f 1092 1094 1095
f 1092 1095 1096
f 1092 1096 1105
f 1092 1105 1116
f 1092 1116 1117
f 1092 1117 1106
f 1092 1106 1097
f 1092 1097 1093
f 1093 1097 1098
f 1094 1099 1095
f 1094 1100 1101
f 1094 1101 1102
f 1094 1102 1099
f 1095 1099 1102
f 1095 1102 1103
f 1095 1103 1096
f 1096 1103 1104
f 1096 1104 1105
f 1097 1106 1098
f 1098 1106 1107
f 1098 1107 1108
f 1100 1109 1110
f 1100 1110 1101
f 1101 1110 1111
f 1101 1111 1112
f 1101 1112 1102
f 1102 1112 1103
f 1103 1113 1104
f 1103 1112 1113
f 1104 1113 1114
f 1104 1114 1115
f 1104 1115 1105
f 1105 1115 1116
f 1106 1117 1136
f 1106 1136 1156
f 1106 1156 1175
f 1106 1175 1192
f 1106 1192 1176
f 1106 1176 1157
f 1106 1157 1138
f 1106 1138 1137
f 1106 1137 1118
f 1106 1118 1107
f 1107 1118 1108
f 1108 1118 1119
f 1109 1120 1121
f 1109 1121 1110
f 1110 1122 1123
f 1110 1123 1111
f 1110 1121 1124
f 1110 1124 1122
f 1111 1123 1125
f 1111 1125 1126
f 1111 1126 1112
f 1112 1126 1127
f 1112 1127 1113
f 1113 1127 1128
f 1113 1128 1129
f 1113 1129 1130
f 1113 1130 1114
f 1114 1131 1132
f 1114 1132 1133
f 1114 1133 1115
f 1114 1130 1131
f 1115 1133 1134
f 1115 1134 1135
f 1115 1135 1116
f 1116 1135 1117
f 1117 1135 1136
f 1118 1137 1119
f 1119 1137 1138
f 1119 1138 1139
f 1119 1139 1140
f 1120 1140 1158
f 1120 1158 1157
f 1120 1157 1176
f 1120 1176 1193
f 1120 1193 1189
f 1120 1189 1188
f 1120 1188 1187
f 1120 1187 1186
f 1120 1186 1185
f 1120 1185 1184
f 1120 1184 1183
f 1120 1183 1182
f 1120 1182 1181
f 1120 1181 1180
f 1120 1180 1194
f 1120 1194 1191
f 1120 1191 1190
f 1120 1190 1173
f 1120 1173 1170
f 1120 1170 1163
f 1120 1163 1178
f 1120 1178 1162
f 1120 1162 1177
f 1120 1177 1160
f 1120 1160 1143
f 1120 1143 1141
f 1120 1141 1124
f 1120 1124 1121
f 1122 1124 1141
f 1122 1141 1123
f 1123 1142 1125
f 1123 1141 1143
f 1123 1143 1160
f 1123 1160 1142
f 1125 1144 1126
f 1125 1142 1159
f 1125 1159 1144
f 1126 1144 1145
f 1126 1145 1146
f 1126 1146 1128
f 1126 1128 1127
f 1128 1147 1129
f 1128 1146 1148
f 1128 1148 1149
f 1128 1149 1147
f 1129 1147 1130
f 1130 1147 1150
f 1130 1150 1131
f 1131 1151 1132
f 1131 1150 1152
f 1131 1152 1153
f 1131 1153 1151
f 1132 1151 1153
f 1132 1153 1154
f 1132 1154 1133
f 1133 1154 1134
f 1134 1154 1135
f 1135 1154 1155
f 1135 1155 1156
f 1135 1156 1136
f 1138 1157 1158
f 1138 1158 1139
f 1139 1158 1140
f 1142 1160 1177
f 1142 1177 1159
f 1144 1159 1145
f 1145 1161 1146
f 1145 1159 1177
f 1145 1177 1162
f 1145 1162 1178
f 1145 1178 1161
f 1146 1161 1178
f 1146 1178 1163
f 1146 1163 1170
f 1146 1170 1148
f 1147 1149 1164
f 1147 1164 1165
f 1147 1165 1166
f 1147 1166 1167
f 1147 1167 1168
f 1147 1168 1169
f 1147 1169 1150
f 1148 1170 1173
f 1148 1173 1149
f 1149 1171 1172
f 1149 1172 1164
f 1149 1173 1190
f 1149 1190 1171
f 1150 1169 1152
f 1152 1169 1153
f 1153 1169 1154
f 1154 1169 1174
f 1154 1174 1155
f 1155 1174 1192
f 1155 1192 1175
f 1155 1175 1156
f 1164 1172 1179
f 1164 1179 1165
f 1165 1179 1180
f 1165 1180 1181
f 1165 1181 1182
f 1165 1182 1166
f 1166 1182 1183
f 1166 1183 1184
f 1166 1184 1167
f 1167 1184 1185
f 1167 1185 1168
f 1168 1185 1186
f 1168 1186 1187
f 1168 1187 1169
f 1169 1187 1188
f 1169 1188 1189
f 1169 1189 1174
f 1171 1190 1191
f 1171 1191 1172
f 1172 1191 1194
f 1172 1194 1179
f 1174 1189 1193
f 1174 1193 1176
f 1174 1176 1192
f 1179 1194 1180

o geometry_3
v -0.02026165 0.00002418 0.00330262
v -0.02026165 0.00025059 0.00330262
v -0.01628176 0.00002418 0.00330262
v -0.02026165 0.00002418 0.04974619
v -0.02018027 0.00175079 0.00330262
v -0.02026165 0.00025059 0.04974619
v -0.01315600 0.00942666 0.00330262
v -0.01671578 0.00002418 0.04974619
v -0.02013019 0.00002418 0.05013245
v -0.02017610 0.00179865 0.00330262
v -0.02018027 0.00175079 0.04974619
v -0.02013019 0.00025059 0.05013245
v -0.02010376 0.00125011 0.05011406
v -0.02008985 0.00175079 0.05010486
v -0.02006759 0.00225055 0.05008647
v -0.01791698 0.00942666 0.00330262
v -0.01378547 0.00942666 0.04974619
v -0.01385711 0.00942666 0.05001749
v -0.01685767 0.00002418 0.05013705
v -0.01974973 0.00002418 0.05027040
v -0.02013645 0.00225055 0.00330262
v -0.02013645 0.00225055 0.04974619
v -0.01974973 0.00025059 0.05027040
v -0.01974973 0.00175079 0.05024281
v -0.01974973 0.00225055 0.05022442
v -0.02003212 0.00275031 0.05004508
v -0.01964818 0.00425051 0.05013245
v -0.01959602 0.00474935 0.05010486
v -0.01792046 0.00942021 0.00330262
v -0.01791698 0.00942666 0.04924956
v -0.01388910 0.00942666 0.05008647
v -0.01404282 0.00942666 0.05014625
v -0.01724996 0.00002418 0.05027040
v -0.02006481 0.00275031 0.00330262
v -0.02000778 0.00304943 0.05000829
v -0.02006481 0.00275031 0.04974619
v -0.01924964 0.00425051 0.05027040
v -0.01924964 0.00474935 0.05024281
v -0.01913070 0.00624955 0.05012325
v -0.01954107 0.00514787 0.05004968
v -0.01807139 0.00913490 0.00330262
v -0.01807139 0.00913490 0.04974619
v -0.01791211 0.00942666 0.04974619
v -0.01423131 0.00942666 0.05019683
v -0.01457351 0.00942666 0.05027040
v -0.02005994 0.00278160 0.00330262
v -0.01980398 0.00425051 0.04974619
v -0.02001195 0.00307428 0.04974619
v -0.01824945 0.00724999 0.05027040
v -0.01874954 0.00624955 0.05026121
v -0.01824945 0.00774975 0.05023821
v -0.01860139 0.00774975 0.05010026
v -0.01905071 0.00674931 0.05005428
v -0.01900133 0.00700333 0.04999910
v -0.01926772 0.00624955 0.04974619
v -0.01956124 0.00522150 0.04974619
v -0.01969270 0.00474935 0.04974619
v -0.01825362 0.00878700 0.00330262
v -0.01827310 0.00874927 0.04924956
v -0.01826753 0.00874927 0.04974619
v -0.01804774 0.00908980 0.05005428
v -0.01789820 0.00942666 0.04978757
v -0.01707329 0.00942666 0.05027040
v -0.02001195 0.00307428 0.00330262
v -0.01981094 0.00425051 0.04924956
v -0.01990066 0.00375075 0.04924956
v -0.01724996 0.00924995 0.05027040
v -0.01774936 0.00874927 0.05024741
v -0.01813051 0.00874927 0.05010946
v -0.01853532 0.00808844 0.05004508
v -0.01855271 0.00813262 0.04974619
v -0.01900203 0.00700517 0.04974619
v -0.01910218 0.00674931 0.04974619
v -0.01927259 0.00624955 0.04924956
v -0.01941448 0.00574979 0.04924956
v -0.01948473 0.00549853 0.00330262
v -0.01969270 0.00474935 0.00330262
v -0.01827310 0.00874927 0.00330262
v -0.01845116 0.00838296 0.04924956
v -0.01843446 0.00841793 0.00330262
v -0.01844559 0.00838296 0.04974619
v -0.01771806 0.00942666 0.05012785
v -0.01724996 0.00942666 0.05026121
v -0.01990066 0.00375075 0.00330262
v -0.01981094 0.00425051 0.00330262
v -0.01989232 0.00379861 0.00330262
v -0.01759008 0.00942666 0.05017384
v -0.01890256 0.00725551 0.04924956
v -0.01846089 0.00835903 0.00330262
v -0.01855271 0.00813262 0.00330262
v -0.01900203 0.00700517 0.00330262
v -0.01910218 0.00674931 0.00330262
v -0.01925659 0.00629741 0.00330262
v -0.01927259 0.00624955 0.00330262
v -0.01940127 0.00579765 0.00330262
v -0.01845116 0.00838296 0.00330262
v -0.01890256 0.00725551 0.00330262
f 1195 1196 1199
f 1195 1199 1204
f 1195 1204 1215
f 1195 1215 1228
f 1195 1228 1240
f 1195 1240 1258
f 1195 1258 1278
f 1195 1278 1280
f 1195 1280 1279
f 1195 1279 1271
f 1195 1271 1270
f 1195 1270 1289
f 1195 1289 1288
f 1195 1288 1287
f 1195 1287 1286
f 1195 1286 1285
f 1195 1285 1291
f 1195 1291 1284
f 1195 1284 1283
f 1195 1283 1290
f 1195 1290 1274
f 1195 1274 1272
f 1195 1272 1252
f 1195 1252 1235
f 1195 1235 1223
f 1195 1223 1210
f 1195 1210 1201
f 1195 1201 1197
f 1195 1197 1202
f 1195 1202 1213
f 1195 1213 1227
f 1195 1227 1214
f 1195 1214 1203
f 1195 1203 1198
f 1195 1198 1200
f 1195 1200 1196
f 1196 1200 1205
f 1196 1205 1199
f 1197 1201 1202
f 1198 1203 1206
f 1198 1206 1200
f 1199 1205 1204
f 1200 1206 1207
f 1200 1207 1208
f 1200 1208 1209
f 1200 1209 1205
f 1201 1210 1224
f 1201 1224 1237
f 1201 1237 1256
f 1201 1256 1276
f 1201 1276 1281
f 1201 1281 1277
f 1201 1277 1257
f 1201 1257 1239
f 1201 1239 1238
f 1201 1238 1226
f 1201 1226 1225
f 1201 1225 1212
f 1201 1212 1211
f 1201 1211 1202
f 1202 1211 1212
f 1202 1212 1213
f 1203 1214 1217
f 1203 1217 1206
f 1204 1205 1216
f 1204 1216 1215
f 1205 1209 1216
f 1206 1217 1218
f 1206 1218 1207
f 1207 1218 1208
f 1208 1218 1219
f 1208 1219 1209
f 1209 1220 1216
f 1209 1219 1221
f 1209 1221 1222
f 1209 1222 1220
f 1210 1223 1224
f 1212 1225 1213
f 1213 1226 1227
f 1213 1225 1226
f 1214 1227 1239
f 1214 1239 1257
f 1214 1257 1261
f 1214 1261 1243
f 1214 1243 1231
f 1214 1231 1217
f 1215 1216 1230
f 1215 1230 1228
f 1216 1220 1229
f 1216 1229 1230
f 1217 1231 1218
f 1218 1231 1219
f 1219 1231 1232
f 1219 1232 1221
f 1220 1222 1229
f 1221 1232 1222
f 1222 1232 1233
f 1222 1233 1234
f 1222 1234 1229
f 1223 1235 1236
f 1223 1236 1224
f 1224 1236 1237
f 1226 1238 1227
f 1227 1238 1239
f 1228 1230 1240
f 1229 1234 1241
f 1229 1241 1242
f 1229 1242 1230
f 1230 1242 1240
f 1231 1243 1244
f 1231 1244 1232
f 1232 1244 1233
f 1233 1244 1245
f 1233 1245 1246
f 1233 1246 1247
f 1233 1247 1234
f 1234 1247 1248
f 1234 1248 1249
f 1234 1249 1250
f 1234 1250 1251
f 1234 1251 1241
f 1235 1252 1236
f 1236 1253 1254
f 1236 1254 1255
f 1236 1255 1237
f 1236 1252 1253
f 1237 1255 1256
f 1240 1242 1258
f 1241 1251 1259
f 1241 1259 1260
f 1241 1260 1242
f 1242 1260 1278
f 1242 1278 1258
f 1243 1261 1262
f 1243 1262 1245
f 1243 1245 1244
f 1245 1262 1263
f 1245 1263 1246
f 1246 1264 1247
f 1246 1263 1264
f 1247 1264 1248
f 1248 1264 1265
f 1248 1265 1266
f 1248 1266 1267
f 1248 1267 1249
f 1249 1267 1268
f 1249 1268 1250
f 1250 1268 1269
f 1250 1269 1251
f 1251 1269 1270
f 1251 1270 1271
f 1251 1271 1279
f 1251 1279 1259
f 1252 1272 1253
f 1253 1273 1275
f 1253 1275 1254
f 1253 1272 1274
f 1253 1274 1273
f 1254 1275 1255
f 1255 1275 1264
f 1255 1264 1263
f 1255 1263 1276
f 1255 1276 1256
f 1257 1277 1261
f 1259 1279 1280
f 1259 1280 1260
f 1260 1280 1278
f 1261 1277 1262
f 1262 1277 1281
f 1262 1281 1276
f 1262 1276 1263
f 1264 1275 1265
f 1265 1282 1266
f 1265 1275 1273
f 1265 1273 1283
f 1265 1283 1284
f 1265 1284 1291
f 1265 1291 1282
f 1266 1282 1291
f 1266 1291 1285
f 1266 1285 1286
f 1266 1286 1267
f 1267 1286 1287
f 1267 1287 1268
f 1268 1287 1288
f 1268 1288 1289
f 1268 1289 1269
f 1269 1289 1270
f 1273 1274 1290
f 1273 1290 1283

o geometry_4
v 0.00000321 -0.01724990 0.05027040
v 0.00000321 -0.01949675 0.05027040
v 0.00000321 -0.01685473 0.05013705
v -0.01036671 -0.01327164 0.05010026
v -0.01024998 -0.01375037 0.05023821
v -0.01036671 -0.01375037 0.05024741
v -0.01024998 -0.01425019 0.05027040
v -0.00375051 -0.01924996 0.05027040
v -0.00075098 -0.01974978 0.05026580
v 0.00000321 -0.01974978 0.05026580
v 0.00000321 -0.01677976 0.04993932
v -0.01036671 -0.01318105 0.05005428
v -0.01036671 -0.01425019 0.05027040
v -0.00574917 -0.01874936 0.05027040
v -0.00425094 -0.01924996 0.05026580
v -0.00125040 -0.01974978 0.05025661
v -0.00125040 -0.02011137 0.05012325
v -0.00075098 -0.02012231 0.05012785
v 0.00000321 -0.02012231 0.05012785
v 0.00000321 -0.01670713 0.04974619
v -0.01036671 -0.01309748 0.04974619
v -0.01036671 -0.01625026 0.05027040
v -0.00724944 -0.01824954 0.05027040
v -0.00624960 -0.01874936 0.05025661
v -0.00475035 -0.01924996 0.05024281
v -0.00175083 -0.01974978 0.05024281
v -0.00225024 -0.01974978 0.05021522
v -0.00175083 -0.02008716 0.05010486
v -0.00125040 -0.02022305 0.04974619
v -0.00075098 -0.02024570 0.04974619
v 0.00000321 -0.02024570 0.04974619
v 0.00000321 -0.01626900 0.00330262
v -0.00987847 -0.01237899 0.00330262
v -0.01036671 -0.01226731 0.00330262
v -0.01036671 -0.01674930 0.05025661
v -0.01024998 -0.01674930 0.05027040
v -0.00924913 -0.01724990 0.05027040
v -0.00874971 -0.01774972 0.05024741
v -0.00774987 -0.01824954 0.05023821
v -0.00624960 -0.01912423 0.05011865
v -0.00475035 -0.01959203 0.05010486
v -0.00425094 -0.01964123 0.05012785
v -0.00275067 -0.01974978 0.05018303
v -0.00225024 -0.02005983 0.05007727
v -0.00275067 -0.02003250 0.05004508
v -0.00308361 -0.02001219 0.05001749
v -0.00175083 -0.02017463 0.04974619
v -0.00125040 -0.02022305 0.00330262
v -0.00120269 -0.02022539 0.00330262
v -0.00075098 -0.02024570 0.00330262
v 0.00000321 -0.02024570 0.00330262
v -0.01036671 -0.01738969 0.00330262
v -0.01036671 -0.01721554 0.05011865
v -0.01023679 -0.01726161 0.05013245
v -0.00974955 -0.01724990 0.05023821
v -0.00926131 -0.01777705 0.05014165
v -0.00874971 -0.01812380 0.05010946
v -0.00774987 -0.01860644 0.05010026
v -0.00674902 -0.01904457 0.05004968
v -0.00551063 -0.01950300 0.05000370
v -0.00524976 -0.01953502 0.05004508
v -0.00337493 -0.01997392 0.04974619
v -0.00312421 -0.02001922 0.04974619
v -0.00275067 -0.02006530 0.04974619
v -0.00270296 -0.02007076 0.00330262
v -0.00220253 -0.02012543 0.00330262
v -0.00175083 -0.02017463 0.00330262
v -0.01009163 -0.01755526 0.00330262
v -0.01036671 -0.01738969 0.04974619
v -0.01006118 -0.01753651 0.05004508
v -0.00974955 -0.01762398 0.05010026
v -0.00910296 -0.01804727 0.05005428
v -0.00807571 -0.01853538 0.05004508
v -0.00700481 -0.01900162 0.04999910
v -0.00551571 -0.01950534 0.04974619
v -0.00524976 -0.01957016 0.04974619
v -0.00475035 -0.01968418 0.04974619
v -0.00375051 -0.01990442 0.04924956
v -0.00337493 -0.01997939 0.04924956
v -0.00312421 -0.02001922 0.00330262
v -0.00275067 -0.02006530 0.00330262
v -0.01005915 -0.01757478 0.00330262
v -0.01009163 -0.01755526 0.04974619
v -0.00974955 -0.01775362 0.04974619
v -0.00940443 -0.01794887 0.04974619
v -0.00915473 -0.01807148 0.04974619
v -0.00811428 -0.01855256 0.04974619
v -0.00774987 -0.01871578 0.04974619
v -0.00725756 -0.01891258 0.04974619
v -0.00700786 -0.01900240 0.04974619
v -0.00698248 -0.01901099 0.00330262
v -0.00551571 -0.01950534 0.00330262
v -0.00549033 -0.01951159 0.00330262
v -0.00524976 -0.01957016 0.00330262
v -0.00470264 -0.01969512 0.00330262
v -0.00425094 -0.01979430 0.04924956
v -0.00420221 -0.01980523 0.00330262
v -0.00375051 -0.01990442 0.00330262
v -0.00337493 -0.01997939 0.00330262
v -0.00974955 -0.01775909 0.00330262
v -0.00974955 -0.01775909 0.04924956
v -0.00940443 -0.01795355 0.04924956
v -0.00874971 -0.01825891 0.04924956
v -0.00915473 -0.01807148 0.00330262
v -0.00911615 -0.01808944 0.00330262
v -0.00774987 -0.01871890 0.04924956
v -0.00813864 -0.01854162 0.00330262
v -0.00725756 -0.01891571 0.04924956
v -0.00700786 -0.01900240 0.00330262
v -0.00940443 -0.01795355 0.00330262
v -0.00807875 -0.01856896 0.00330262
v -0.00774987 -0.01871890 0.00330262
v -0.00725756 -0.01891571 0.00330262
f 1292 1293 1301
f 1292 1301 1310
f 1292 1310 1322
f 1292 1322 1342
f 1292 1342 1323
f 1292 1323 1311
f 1292 1311 1302
f 1292 1302 1294
f 1292 1294 1295
f 1292 1295 1296
f 1292 1296 1297
f 1292 1297 1298
f 1292 1298 1304
f 1292 1304 1313
f 1292 1313 1327
f 1292 1327 1328
f 1292 1328 1314
f 1292 1314 1305
f 1292 1305 1299
f 1292 1299 1293
f 1293 1299 1300
f 1293 1300 1301
f 1294 1302 1303
f 1294 1303 1295
f 1295 1297 1296
f 1295 1303 1312
f 1295 1312 1325
f 1295 1325 1343
f 1295 1343 1360
f 1295 1360 1344
f 1295 1344 1326
f 1295 1326 1313
f 1295 1313 1304
f 1295 1304 1297
f 1297 1304 1298
f 1299 1305 1306
f 1299 1306 1300
f 1300 1306 1307
f 1300 1307 1308
f 1300 1308 1309
f 1300 1309 1310
f 1300 1310 1301
f 1302 1311 1303
f 1303 1311 1312
f 1305 1314 1315
f 1305 1315 1306
f 1306 1315 1316
f 1306 1316 1317
f 1306 1317 1307
f 1307 1317 1308
f 1308 1318 1319
f 1308 1319 1320
f 1308 1320 1321
f 1308 1321 1309
f 1308 1317 1318
f 1309 1321 1322
f 1309 1322 1310
f 1311 1323 1324
f 1311 1324 1312
f 1312 1324 1325
f 1313 1326 1327
f 1314 1328 1329
f 1314 1329 1330
f 1314 1330 1315
f 1315 1330 1331
f 1315 1331 1316
f 1316 1331 1332
f 1316 1332 1333
f 1316 1333 1318
f 1316 1318 1317
f 1318 1333 1334
f 1318 1334 1319
f 1319 1334 1333
f 1319 1333 1335
f 1319 1335 1320
f 1320 1335 1336
f 1320 1336 1337
f 1320 1337 1338
f 1320 1338 1358
f 1320 1358 1339
f 1320 1339 1340
f 1320 1340 1321
f 1321 1340 1341
f 1321 1341 1342
f 1321 1342 1322
f 1323 1342 1341
f 1323 1341 1340
f 1323 1340 1339
f 1323 1339 1358
f 1323 1358 1357
f 1323 1357 1356
f 1323 1356 1372
f 1323 1372 1371
f 1323 1371 1390
f 1323 1390 1389
f 1323 1389 1388
f 1323 1388 1386
f 1323 1386 1385
f 1323 1385 1384
f 1323 1384 1383
f 1323 1383 1382
f 1323 1382 1400
f 1323 1400 1404
f 1323 1404 1403
f 1323 1403 1402
f 1323 1402 1398
f 1323 1398 1396
f 1323 1396 1395
f 1323 1395 1401
f 1323 1401 1391
f 1323 1391 1373
f 1323 1373 1359
f 1323 1359 1343
f 1323 1343 1325
f 1323 1325 1324
f 1326 1344 1345
f 1326 1345 1346
f 1326 1346 1327
f 1327 1346 1329
f 1327 1329 1328
f 1329 1346 1347
f 1329 1347 1348
f 1329 1348 1330
f 1330 1348 1349
f 1330 1349 1331
f 1331 1349 1350
f 1331 1350 1351
f 1331 1351 1352
f 1331 1352 1332
f 1332 1352 1337
f 1332 1337 1336
f 1332 1336 1333
f 1333 1336 1335
f 1337 1352 1351
f 1337 1351 1353
f 1337 1353 1354
f 1337 1354 1355
f 1337 1355 1338
f 1338 1355 1356
f 1338 1356 1357
f 1338 1357 1358
f 1343 1359 1374
f 1343 1374 1360
f 1344 1360 1361
f 1344 1361 1362
f 1344 1362 1345
f 1345 1362 1346
f 1346 1362 1347
f 1347 1362 1348
f 1348 1362 1363
f 1348 1363 1349
f 1349 1363 1364
f 1349 1364 1365
f 1349 1365 1350
f 1350 1365 1351
f 1351 1365 1366
f 1351 1366 1367
f 1351 1367 1368
f 1351 1368 1353
f 1353 1368 1369
f 1353 1369 1370
f 1353 1370 1354
f 1354 1370 1390
f 1354 1390 1371
f 1354 1371 1372
f 1354 1372 1355
f 1355 1372 1356
f 1359 1373 1374
f 1360 1374 1361
f 1361 1374 1375
f 1361 1375 1376
f 1361 1376 1363
f 1361 1363 1362
f 1363 1376 1377
f 1363 1377 1364
f 1364 1377 1378
f 1364 1378 1379
f 1364 1379 1365
f 1365 1379 1380
f 1365 1380 1381
f 1365 1381 1366
f 1366 1381 1382
f 1366 1382 1383
f 1366 1383 1384
f 1366 1384 1367
f 1367 1384 1385
f 1367 1385 1386
f 1367 1386 1368
f 1368 1387 1369
f 1368 1386 1387
f 1369 1387 1386
f 1369 1386 1388
f 1369 1388 1389
f 1369 1389 1390
f 1369 1390 1370
f 1373 1391 1392
f 1373 1392 1374
f 1374 1392 1375
f 1375 1392 1376
f 1376 1392 1393
f 1376 1393 1377
f 1377 1394 1378
f 1377 1393 1401
f 1377 1401 1395
f 1377 1395 1396
f 1377 1396 1394
f 1378 1397 1379
f 1378 1394 1398
f 1378 1398 1397
f 1379 1397 1399
f 1379 1399 1380
f 1380 1399 1381
f 1381 1399 1404
f 1381 1404 1400
f 1381 1400 1382
f 1391 1401 1393
f 1391 1393 1392
f 1394 1396 1398
f 1397 1398 1402
f 1397 1402 1403
f 1397 1403 1404
f 1397 1404 1399

o geometry_5
v 0.01152749 -0.01666013 0.00330262
v 0.01152749 -0.01123557 0.00330262
v 0.01162496 -0.01659393 0.00330262
v 0.01152749 -0.01666013 0.04974619
v 0.01628101 0.00024570 0.00330262
v 0.01152749 -0.01208284 0.04974619
v 0.01190624 -0.01638046 0.00330262
v 0.01162496 -0.01659393 0.04974619
v 0.01158307 -0.01656249 0.05006348
v 0.01152749 -0.01661048 0.05000829
v 0.02026165 0.00024570 0.00330262
v 0.01671532 0.00024570 0.04974619
v 0.01152749 -0.01210436 0.04980137
v 0.01275007 -0.01573838 0.00330262
v 0.01275007 -0.01573838 0.04924956
v 0.01220376 -0.01615375 0.04974619
v 0.01302024 -0.01551498 0.05001749
v 0.01213622 -0.01610245 0.05008647
v 0.01174978 -0.01626131 0.05014165
v 0.01152749 -0.01645493 0.05012325
v 0.01152749 -0.01658731 0.05006807
v 0.02026165 -0.00025075 0.00330262
v 0.02026165 0.00024570 0.04974619
v 0.01152749 -0.01230294 0.05012325
v 0.01685639 0.00024570 0.05013245
v 0.01302964 -0.01552325 0.00330262
v 0.01302964 -0.01552325 0.04974619
v 0.01353491 -0.01503177 0.05003129
v 0.01321260 -0.01521876 0.05008647
v 0.01275007 -0.01561427 0.05008187
v 0.01328014 -0.01529819 0.04974619
v 0.01355287 -0.01504831 0.04974619
v 0.01275007 -0.01524855 0.05021982
v 0.01152749 -0.01625635 0.05019223
v 0.02018043 -0.00175003 0.00330262
v 0.02026165 -0.00025075 0.04974619
v 0.02012999 0.00024570 0.05013245
v 0.01152749 -0.01241381 0.05016004
v 0.01685810 0.00024570 0.05013705
v 0.01325620 -0.01531971 0.00330262
v 0.01406669 -0.01456179 0.04974619
v 0.01431634 -0.01432515 0.04974619
v 0.01457710 -0.01407527 0.04974619
v 0.01404446 -0.01454028 0.05004048
v 0.01372129 -0.01472397 0.05010026
v 0.01328014 -0.01529819 0.00330262
v 0.01330579 -0.01527503 0.00330262
v 0.01355287 -0.01504831 0.00330262
v 0.01382816 -0.01478851 0.00330262
v 0.01375036 -0.01424903 0.05023821
v 0.01175064 -0.01574997 0.05027040
v 0.01152749 -0.01597171 0.05026121
v 0.01422657 -0.01422917 0.05010946
v 0.02017616 -0.00179968 0.00330262
v 0.02018043 -0.00175003 0.04974619
v 0.02012999 -0.00025075 0.05013245
v 0.02011716 -0.00075051 0.05012325
v 0.02008981 -0.00175003 0.05010486
v 0.02006758 -0.00225145 0.05008647
v 0.01974954 0.00024570 0.05027040
v 0.01152749 -0.01273651 0.05022442
v 0.01152749 -0.01297149 0.05027040
v 0.01724625 0.00024570 0.05027040
v 0.01429240 -0.01434832 0.00330262
v 0.01482674 -0.01380553 0.04974619
v 0.01503278 -0.01353745 0.05003588
v 0.01455145 -0.01405045 0.05004968
v 0.01457710 -0.01407527 0.00330262
v 0.01480280 -0.01383201 0.00330262
v 0.01425051 -0.01374927 0.05024281
v 0.01152749 -0.01574997 0.05027040
v 0.01525080 -0.01224998 0.05027040
v 0.01473099 -0.01372113 0.05010486
v 0.02013597 -0.00225145 0.00330262
v 0.02013597 -0.00225145 0.04974619
v 0.02003253 -0.00275121 0.05004508
v 0.01974954 -0.00025075 0.05027040
v 0.01974954 -0.00175003 0.05024281
v 0.01974954 -0.00225145 0.05022442
v 0.01964865 -0.00425049 0.05013245
v 0.01959565 -0.00475026 0.05010486
v 0.01504903 -0.01355565 0.04974619
v 0.01550728 -0.01300790 0.05000829
v 0.01484811 -0.01378236 0.00330262
v 0.01610745 -0.01214407 0.05008647
v 0.01522002 -0.01320482 0.05008187
v 0.01475065 -0.01324950 0.05022902
v 0.01575009 -0.01174857 0.05027040
v 0.01578770 -0.01228639 0.05016004
v 0.01525080 -0.01274974 0.05021062
v 0.02006501 -0.00275121 0.00330262
v 0.02000773 -0.00304908 0.05000829
v 0.02006501 -0.00275121 0.04974619
v 0.01924939 -0.00425049 0.05027040
v 0.01924939 -0.00475026 0.05024281
v 0.01913055 -0.00625119 0.05012325
v 0.01954093 -0.00514907 0.05004968
v 0.01573384 -0.01274974 0.04924956
v 0.01551070 -0.01301121 0.04974619
v 0.01504903 -0.01355565 0.00330262
v 0.01531919 -0.01323792 0.00330262
v 0.01700002 -0.01100058 0.04999910
v 0.01655374 -0.01157977 0.05005888
v 0.01573128 -0.01274974 0.04974619
v 0.01596981 -0.01246511 0.04974619
v 0.01616132 -0.01221523 0.04974619
v 0.01626476 -0.01174691 0.05014165
v 0.01624938 -0.01124881 0.05024741
v 0.01674952 -0.01024928 0.05027040
v 0.02005988 -0.00278265 0.00330262
v 0.01980425 -0.00425049 0.04974619
v 0.02001201 -0.00307390 0.04974619
v 0.01990086 -0.00375073 0.04924956
v 0.01824996 -0.00725072 0.05027040
v 0.01874925 -0.00625119 0.05026121
v 0.01860134 -0.00775048 0.05010026
v 0.01905104 -0.00675095 0.05005428
v 0.01824996 -0.00775048 0.05023821
v 0.01900146 -0.00700414 0.04999910
v 0.01926734 -0.00625119 0.04974619
v 0.01956145 -0.00522354 0.04974619
v 0.01969225 -0.00475026 0.04974619
v 0.01597237 -0.01246511 0.04924956
v 0.01573384 -0.01274974 0.00330262
v 0.01594929 -0.01249324 0.00330262
v 0.01753693 -0.01007056 0.05004508
v 0.01708381 -0.01074904 0.05006807
v 0.01641182 -0.01186937 0.04974619
v 0.01683160 -0.01125046 0.04974619
v 0.01700088 -0.01100058 0.04974619
v 0.01716930 -0.01074904 0.04974619
v 0.01741809 -0.01035685 0.04974619
v 0.01599033 -0.01244194 0.00330262
v 0.01616132 -0.01221523 0.00330262
v 0.01638788 -0.01190247 0.00330262
v 0.01726677 -0.01024266 0.05013705
v 0.01674952 -0.01074904 0.05020603
v 0.01724967 -0.00974952 0.05023821
v 0.01774981 -0.00875000 0.05024741
v 0.01990086 -0.00375073 0.00330262
v 0.01981109 -0.00425049 0.04924956
v 0.01989231 -0.00379872 0.00330262
v 0.01813026 -0.00875000 0.05010946
v 0.01853465 -0.00808972 0.05004508
v 0.01855261 -0.00813440 0.04974619
v 0.01900146 -0.00700580 0.04974619
v 0.01910234 -0.00675095 0.04974619
v 0.01927247 -0.00625119 0.04924956
v 0.01941440 -0.00575143 0.04924956
v 0.01949220 -0.00547342 0.04924956
v 0.01956145 -0.00522354 0.00330262
v 0.01969225 -0.00475026 0.00330262
v 0.01597237 -0.01246511 0.00330262
v 0.01755659 -0.01010531 0.04974619
v 0.01807127 -0.00913392 0.04974619
v 0.01804733 -0.00908924 0.05005428
v 0.01761815 -0.00974952 0.05010026
v 0.01641182 -0.01186937 0.00330262
v 0.01642806 -0.01184620 0.00330262
v 0.01684784 -0.01122729 0.00330262
v 0.01717016 -0.01074904 0.04924956
v 0.01715391 -0.01077387 0.00330262
v 0.01741895 -0.01035685 0.04924956
v 0.01981109 -0.00425049 0.00330262
v 0.01844574 -0.00838263 0.04974619
v 0.01890228 -0.00725568 0.04924956
v 0.01845087 -0.00838263 0.04924956
v 0.01846113 -0.00835780 0.00330262
v 0.01855261 -0.00813440 0.00330262
v 0.01888347 -0.00730367 0.00330262
v 0.01891169 -0.00723251 0.00330262
v 0.01900146 -0.00700580 0.00330262
v 0.01910234 -0.00675095 0.00330262
v 0.01925623 -0.00629918 0.00330262
v 0.01927247 -0.00625119 0.00330262
v 0.01941440 -0.00575143 0.00330262
v 0.01949220 -0.00547342 0.00330262
v 0.01774554 -0.00974952 0.04924956
v 0.01743263 -0.01033202 0.00330262
v 0.01755659 -0.01010531 0.00330262
v 0.01772758 -0.00978427 0.00330262
v 0.01827304 -0.00875000 0.04924956
v 0.01826705 -0.00875000 0.04974619
v 0.01795158 -0.00936063 0.00330262
v 0.01807127 -0.00913392 0.00330262
v 0.01717016 -0.01074904 0.00330262
v 0.01741895 -0.01035685 0.00330262
v 0.01845087 -0.00838263 0.00330262
v 0.01827304 -0.00875000 0.00330262
f 1405 1406 1409
f 1405 1409 1415
f 1405 1415 1426
f 1405 1426 1439
f 1405 1439 1458
f 1405 1458 1478
f 1405 1478 1495
f 1405 1495 1514
f 1405 1514 1544
f 1405 1544 1546
f 1405 1546 1568
f 1405 1568 1556
f 1405 1556 1555
f 1405 1555 1581
f 1405 1581 1580
f 1405 1580 1579
f 1405 1579 1578
f 1405 1578 1577
f 1405 1577 1576
f 1405 1576 1575
f 1405 1575 1574
f 1405 1574 1573
f 1405 1573 1572
f 1405 1572 1592
f 1405 1592 1593
f 1405 1593 1589
f 1405 1589 1588
f 1405 1588 1585
f 1405 1585 1584
f 1405 1584 1583
f 1405 1583 1591
f 1405 1591 1590
f 1405 1590 1566
f 1405 1566 1564
f 1405 1564 1563
f 1405 1563 1562
f 1405 1562 1539
f 1405 1539 1538
f 1405 1538 1537
f 1405 1537 1557
f 1405 1557 1529
f 1405 1529 1528
f 1405 1528 1505
f 1405 1505 1504
f 1405 1504 1488
f 1405 1488 1473
f 1405 1473 1472
f 1405 1472 1468
f 1405 1468 1453
f 1405 1453 1452
f 1405 1452 1451
f 1405 1451 1450
f 1405 1450 1444
f 1405 1444 1430
f 1405 1430 1418
f 1405 1418 1411
f 1405 1411 1407
f 1405 1407 1412
f 1405 1412 1408
f 1405 1408 1414
f 1405 1414 1425
f 1405 1425 1424
f 1405 1424 1438
f 1405 1438 1456
f 1405 1456 1475
f 1405 1475 1466
f 1405 1466 1465
f 1405 1465 1442
f 1405 1442 1428
f 1405 1428 1417
f 1405 1417 1410
f 1405 1410 1406
f 1406 1410 1409
f 1407 1411 1412
f 1408 1412 1413
f 1408 1413 1414
f 1409 1410 1416
f 1409 1416 1429
f 1409 1429 1443
f 1409 1443 1467
f 1409 1467 1464
f 1409 1464 1441
f 1409 1441 1427
f 1409 1427 1415
f 1410 1417 1416
f 1411 1418 1419
f 1411 1419 1412
f 1412 1419 1420
f 1412 1420 1421
f 1412 1421 1413
f 1413 1421 1422
f 1413 1422 1423
f 1413 1423 1424
f 1413 1424 1425
f 1413 1425 1414
f 1415 1427 1440
f 1415 1440 1426
f 1416 1417 1428
f 1416 1428 1429
f 1418 1430 1431
f 1418 1431 1419
f 1419 1431 1420
f 1420 1431 1421
f 1421 1432 1433
f 1421 1433 1434
f 1421 1434 1422
f 1421 1431 1435
f 1421 1435 1436
f 1421 1436 1432
f 1422 1434 1437
f 1422 1437 1423
f 1423 1437 1438
f 1423 1438 1424
f 1426 1440 1459
f 1426 1459 1439
f 1427 1441 1460
f 1427 1460 1440
f 1428 1442 1443
f 1428 1443 1429
f 1430 1444 1431
f 1431 1444 1435
f 1432 1436 1445
f 1432 1445 1446
f 1432 1446 1447
f 1432 1447 1448
f 1432 1448 1449
f 1432 1449 1433
f 1433 1449 1437
f 1433 1437 1434
f 1435 1444 1450
f 1435 1450 1451
f 1435 1451 1436
f 1436 1451 1452
f 1436 1452 1453
f 1436 1453 1445
f 1437 1454 1455
f 1437 1455 1456
f 1437 1456 1438
f 1437 1449 1457
f 1437 1457 1454
f 1439 1459 1458
f 1440 1460 1461
f 1440 1461 1462
f 1440 1462 1463
f 1440 1463 1459
f 1441 1464 1481
f 1441 1481 1460
f 1442 1465 1443
f 1443 1465 1466
f 1443 1466 1467
f 1445 1453 1446
f 1446 1453 1468
f 1446 1468 1447
f 1447 1469 1470
f 1447 1470 1471
f 1447 1471 1448
f 1447 1468 1472
f 1447 1472 1473
f 1447 1473 1469
f 1448 1471 1449
f 1449 1471 1457
f 1454 1457 1474
f 1454 1474 1455
f 1455 1475 1456
f 1455 1474 1476
f 1455 1476 1492
f 1455 1492 1513
f 1455 1513 1518
f 1455 1518 1498
f 1455 1498 1481
f 1455 1481 1464
f 1455 1464 1467
f 1455 1467 1466
f 1455 1466 1475
f 1457 1477 1474
f 1457 1471 1477
f 1458 1459 1479
f 1458 1479 1478
f 1459 1463 1480
f 1459 1480 1479
f 1460 1481 1482
f 1460 1482 1461
f 1461 1482 1462
f 1462 1482 1483
f 1462 1483 1463
f 1463 1483 1484
f 1463 1484 1485
f 1463 1485 1480
f 1469 1486 1487
f 1469 1487 1470
f 1469 1473 1488
f 1469 1488 1486
f 1470 1487 1489
f 1470 1489 1490
f 1470 1490 1477
f 1470 1477 1471
f 1474 1477 1491
f 1474 1491 1492
f 1474 1492 1476
f 1477 1490 1489
f 1477 1489 1493
f 1477 1493 1494
f 1477 1494 1491
f 1478 1479 1497
f 1478 1497 1495
f 1479 1480 1496
f 1479 1496 1497
f 1480 1485 1496
f 1481 1498 1482
f 1482 1498 1483
f 1483 1498 1499
f 1483 1499 1484
f 1484 1499 1485
f 1485 1499 1500
f 1485 1500 1501
f 1485 1501 1496
f 1486 1502 1503
f 1486 1503 1487
f 1486 1488 1504
f 1486 1504 1505
f 1486 1505 1502
f 1487 1506 1507
f 1487 1507 1489
f 1487 1503 1508
f 1487 1508 1509
f 1487 1509 1510
f 1487 1510 1506
f 1489 1511 1493
f 1489 1507 1511
f 1491 1494 1492
f 1492 1494 1512
f 1492 1512 1513
f 1493 1511 1494
f 1494 1511 1512
f 1495 1497 1514
f 1496 1501 1515
f 1496 1515 1516
f 1496 1516 1497
f 1497 1516 1517
f 1497 1517 1514
f 1498 1518 1519
f 1498 1519 1499
f 1499 1519 1500
f 1500 1520 1521
f 1500 1521 1501
f 1500 1519 1522
f 1500 1522 1520
f 1501 1521 1523
f 1501 1523 1524
f 1501 1524 1525
f 1501 1525 1526
f 1501 1526 1515
f 1502 1527 1509
f 1502 1509 1508
f 1502 1508 1503
f 1502 1505 1528
f 1502 1528 1529
f 1502 1529 1527
f 1506 1530 1531
f 1506 1531 1507
f 1506 1510 1532
f 1506 1532 1533
f 1506 1533 1534
f 1506 1534 1535
f 1506 1535 1536
f 1506 1536 1530
f 1507 1531 1511
f 1509 1527 1510
f 1510 1527 1537
f 1510 1537 1538
f 1510 1538 1539
f 1510 1539 1532
f 1511 1540 1541
f 1511 1541 1512
f 1511 1531 1540
f 1512 1541 1542
f 1512 1542 1513
f 1513 1542 1543
f 1513 1543 1518
f 1514 1517 1544
f 1515 1526 1545
f 1515 1545 1517
f 1515 1517 1516
f 1517 1545 1546
f 1517 1546 1544
f 1518 1543 1522
f 1518 1522 1519
f 1520 1522 1547
f 1520 1547 1548
f 1520 1548 1521
f 1521 1548 1523
f 1522 1543 1547
f 1523 1548 1549
f 1523 1549 1550
f 1523 1550 1551
f 1523 1551 1524
f 1524 1551 1552
f 1524 1552 1525
f 1525 1552 1553
f 1525 1553 1554
f 1525 1554 1581
f 1525 1581 1555
f 1525 1555 1556
f 1525 1556 1526
f 1526 1556 1568
f 1526 1568 1545
f 1527 1529 1557
f 1527 1557 1537
f 1530 1536 1558
f 1530 1558 1559
f 1530 1559 1560
f 1530 1560 1561
f 1530 1561 1540
f 1530 1540 1531
f 1532 1539 1562
f 1532 1562 1563
f 1532 1563 1564
f 1532 1564 1533
f 1533 1564 1534
f 1534 1565 1535
f 1534 1564 1566
f 1534 1566 1565
f 1535 1565 1567
f 1535 1567 1536
f 1536 1567 1558
f 1540 1561 1547
f 1540 1547 1542
f 1540 1542 1541
f 1542 1547 1543
f 1545 1568 1546
f 1547 1561 1560
f 1547 1560 1548
f 1548 1560 1569
f 1548 1569 1549
f 1549 1570 1550
f 1549 1569 1571
f 1549 1571 1572
f 1549 1572 1573
f 1549 1573 1574
f 1549 1574 1570
f 1550 1570 1574
f 1550 1574 1575
f 1550 1575 1576
f 1550 1576 1577
f 1550 1577 1551
f 1551 1577 1578
f 1551 1578 1552
f 1552 1578 1579
f 1552 1579 1580
f 1552 1580 1553
f 1553 1580 1581
f 1553 1581 1554
f 1558 1582 1559
f 1558 1567 1583
f 1558 1583 1584
f 1558 1584 1585
f 1558 1585 1582
f 1559 1586 1587
f 1559 1587 1560
f 1559 1582 1585
f 1559 1585 1588
f 1559 1588 1589
f 1559 1589 1593
f 1559 1593 1586
f 1560 1587 1569
f 1565 1566 1590
f 1565 1590 1591
f 1565 1591 1567
f 1567 1591 1583
f 1569 1587 1586
f 1569 1586 1571
f 1571 1586 1593
f 1571 1593 1592
f 1571 1592 1572

o geometry_6
v 0.01152749 -0.01123733 0.00329805
v 0.01152749 -0.01201074 0.00358465
v 0.01152749 -0.01665999 0.00329805
v 0.00000321 -0.01626932 0.00329805
v 0.00000321 -0.01664852 0.00358465
v 0.01152749 -0.01665999 0.00358465
v 0.01124886 -0.01684959 0.00358465
v 0.01129286 -0.01681961 0.00329805
v 0.00000321 -0.02024570 0.00329805
v 0.00000321 -0.02024570 0.00358465
v 0.01100746 -0.01700392 0.00358465
v 0.01100746 -0.01700392 0.00329805
v 0.01123307 -0.01685929 0.00329805
v 0.00075112 -0.02024570 0.00329805
v 0.00075112 -0.02024570 0.00358465
v 0.01091270 -0.01706124 0.00358465
v 0.01038138 -0.01738136 0.00329805
v 0.00125085 -0.02022365 0.00329805
v 0.00125085 -0.02022365 0.00358465
v 0.01017382 -0.01750571 0.00358465
v 0.01031821 -0.01741928 0.00329805
v 0.00175058 -0.02017427 0.00329805
v 0.00175058 -0.02017427 0.00358465
v 0.01009147 -0.01755509 0.00358465
v 0.01009147 -0.01755509 0.00329805
v 0.00208561 -0.02013811 0.00358465
v 0.00275004 -0.02006580 0.00329805
v 0.00996626 -0.01763005 0.00358465
v 0.00978238 -0.01773941 0.00329805
v 0.00275004 -0.02006580 0.00358465
v 0.00278614 -0.02006139 0.00329805
v 0.00974967 -0.01775881 0.00358465
v 0.00974967 -0.01775881 0.00329805
v 0.00312456 -0.02001906 0.00358465
v 0.00312456 -0.02001906 0.00329805
v 0.00962332 -0.01783024 0.00358465
v 0.00940448 -0.01795370 0.00329805
v 0.00336596 -0.01998114 0.00358465
v 0.00337499 -0.01997937 0.00329805
v 0.00940448 -0.01795370 0.00358465
v 0.00938079 -0.01796517 0.00329805
v 0.00337499 -0.01997937 0.00358465
v 0.00341109 -0.01997232 0.00329805
v 0.00923753 -0.01803219 0.00358465
v 0.00902094 -0.01813360 0.00358465
v 0.00915405 -0.01807099 0.00329805
v 0.00375063 -0.01990441 0.00358465
v 0.00375063 -0.01990441 0.00329805
v 0.00878856 -0.01824119 0.00329805
v 0.00835538 -0.01844138 0.00358465
v 0.00834072 -0.01844843 0.00329805
v 0.00379914 -0.01989383 0.00329805
v 0.00458540 -0.01972098 0.00358465
v 0.00811398 -0.01855250 0.00358465
v 0.00811398 -0.01855250 0.00329805
v 0.00479860 -0.01967336 0.00329805
v 0.00475010 -0.01968394 0.00358465
v 0.00774961 -0.01871917 0.00358465
v 0.00778458 -0.01870330 0.00329805
v 0.00525096 -0.01957018 0.00329805
v 0.00508513 -0.01960810 0.00358465
v 0.00774961 -0.01871917 0.00329805
v 0.00725778 -0.01891583 0.00358465
v 0.00525096 -0.01957018 0.00358465
v 0.00551718 -0.01950492 0.00329805
v 0.00725778 -0.01891583 0.00329805
v 0.00708970 -0.01897403 0.00358465
v 0.00551718 -0.01950492 0.00358465
v 0.00574279 -0.01942908 0.00329805
v 0.00700735 -0.01900225 0.00329805
v 0.00700735 -0.01900225 0.00358465
v 0.00658433 -0.01914512 0.00358465
v 0.00692162 -0.01903135 0.00358465
v 0.00674902 -0.01908956 0.00329805
f 1594 1595 1599
f 1594 1599 1596
f 1594 1596 1601
f 1594 1601 1606
f 1594 1606 1605
f 1594 1605 1610
f 1594 1610 1614
f 1594 1614 1618
f 1594 1618 1622
f 1594 1622 1626
f 1594 1626 1630
f 1594 1630 1634
f 1594 1634 1639
f 1594 1639 1642
f 1594 1642 1644
f 1594 1644 1648
f 1594 1648 1652
f 1594 1652 1655
f 1594 1655 1659
f 1594 1659 1663
f 1594 1663 1667
f 1594 1667 1662
f 1594 1662 1658
f 1594 1658 1653
f 1594 1653 1649
f 1594 1649 1645
f 1594 1645 1641
f 1594 1641 1636
f 1594 1636 1632
f 1594 1632 1628
f 1594 1628 1624
f 1594 1624 1620
f 1594 1620 1615
f 1594 1615 1611
f 1594 1611 1607
f 1594 1607 1602
f 1594 1602 1597
f 1594 1597 1598
f 1594 1598 1595
f 1595 1598 1603
f 1595 1603 1608
f 1595 1608 1612
f 1595 1612 1616
f 1595 1616 1619
f 1595 1619 1623
f 1595 1623 1627
f 1595 1627 1631
f 1595 1631 1635
f 1595 1635 1640
f 1595 1640 1646
f 1595 1646 1650
f 1595 1650 1654
f 1595 1654 1657
f 1595 1657 1661
f 1595 1661 1665
f 1595 1665 1666
f 1595 1666 1664
f 1595 1664 1660
f 1595 1660 1656
f 1595 1656 1651
f 1595 1651 1647
f 1595 1647 1643
f 1595 1643 1638
f 1595 1638 1637
f 1595 1637 1633
f 1595 1633 1629
f 1595 1629 1625
f 1595 1625 1621
f 1595 1621 1617
f 1595 1617 1613
f 1595 1613 1609
f 1595 1609 1604
f 1595 1604 1600
f 1595 1600 1599
f 1596 1599 1600
f 1596 1600 1601
f 1597 1602 1603
f 1597 1603 1598
f 1600 1604 1605
f 1600 1605 1606
f 1600 1606 1601
f 1602 1607 1608
f 1602 1608 1603
f 1604 1609 1605
f 1605 1609 1610
f 1607 1611 1612
f 1607 1612 1608
f 1609 1613 1610
f 1610 1613 1614
f 1611 1615 1616
f 1611 1616 1612
f 1613 1617 1614
f 1614 1617 1618
f 1615 1619 1616
f 1615 1620 1619
f 1617 1621 1618
f 1618 1621 1622
f 1619 1620 1623
f 1620 1624 1623
f 1621 1625 1622
f 1622 1625 1626
f 1623 1624 1627
f 1624 1628 1627
f 1625 1629 1626
f 1626 1629 1630
f 1627 1628 1631
f 1628 1632 1631
f 1629 1633 1630
f 1630 1633 1634
f 1631 1632 1636
f 1631 1636 1635
f 1633 1637 1634
f 1634 1637 1638
f 1634 1638 1639
f 1635 1636 1640
f 1636 1641 1640
f 1638 1642 1639
f 1638 1643 1644
f 1638 1644 1642
f 1640 1641 1645
f 1640 1645 1646
f 1643 1647 1644
f 1644 1647 1648
f 1645 1649 1646
f 1646 1649 1650
f 1647 1651 1652
f 1647 1652 1648
f 1649 1653 1654
f 1649 1654 1650
f 1651 1655 1652
f 1651 1656 1659
f 1651 1659 1655
f 1653 1657 1654
f 1653 1658 1661
f 1653 1661 1657
f 1656 1660 1659
f 1658 1662 1661
f 1659 1660 1663
f 1660 1664 1663
f 1661 1662 1665
f 1662 1666 1665
f 1662 1667 1666
f 1663 1664 1666
f 1663 1666 1667

o geometry_7
v -0.01036672 -0.01738962 0.00330262
v -0.01100782 -0.01700445 0.00330262
v -0.01036672 -0.01226761 0.00330262
v -0.01036672 -0.01738962 0.04974619
v -0.01125780 -0.01684391 0.00330262
v -0.01100782 -0.01700445 0.04974619
v -0.01038609 -0.01188613 0.00330262
v -0.01036672 -0.01309759 0.04974619
v -0.01036672 -0.01721582 0.05011865
v -0.01075022 -0.01707957 0.05006807
v -0.01100528 -0.01700298 0.05000370
v -0.01158919 -0.01661782 0.00330262
v -0.01125780 -0.01684391 0.04974619
v -0.01237881 -0.00987931 0.00330262
v -0.01272242 -0.01082123 0.04974619
v -0.01049816 -0.01299891 0.04999910
v -0.01036672 -0.01318155 0.05005428
v -0.01036672 -0.01674964 0.05025661
v -0.01075022 -0.01674964 0.05020603
v -0.01120315 -0.01673712 0.05009567
v -0.01158273 -0.01656258 0.05006348
v -0.01162424 -0.01659352 0.04974619
v -0.01162424 -0.01659352 0.00330262
v -0.01272242 -0.00986679 0.00330262
v -0.01272242 -0.01119829 0.05016004
v -0.01237766 -0.01136031 0.05009107
v -0.01036672 -0.01327139 0.05010026
v -0.01036672 -0.01624959 0.05027040
v -0.01075022 -0.01624959 0.05027040
v -0.01174993 -0.01574955 0.05027040
v -0.01125019 -0.01624959 0.05025201
v -0.01174970 -0.01626138 0.05014165
v -0.01213551 -0.01610230 0.05008647
v -0.01272242 -0.01562508 0.05008647
v -0.01272242 -0.01575544 0.04974619
v -0.01220308 -0.01615386 0.04974619
v -0.01187423 -0.01640425 0.04974619
v -0.01187423 -0.01640425 0.00330262
v -0.01272242 -0.01575912 0.00330262
v -0.01272242 -0.01121670 0.05016464
v -0.01271573 -0.01121670 0.05016464
v -0.01036672 -0.01374935 0.05024741
v -0.01036672 -0.01424940 0.05027040
v -0.01272242 -0.01524950 0.05022442
v -0.01224990 -0.01524950 0.05027040
v -0.01228126 -0.01578269 0.05016004
v -0.01272242 -0.01575912 0.04929555
v -0.01272150 -0.01576059 0.00330262
v -0.01222730 -0.01613618 0.00330262
v -0.01272242 -0.01174916 0.05026580
v -0.01224990 -0.01225068 0.05027040
v -0.01075022 -0.01374935 0.05027040
v -0.01272242 -0.01474945 0.05027040
v -0.01272242 -0.01225068 0.05027040
f 1668 1669 1672
f 1668 1672 1679
f 1668 1679 1690
f 1668 1690 1705
f 1668 1705 1716
f 1668 1716 1715
f 1668 1715 1706
f 1668 1706 1691
f 1668 1691 1681
f 1668 1681 1674
f 1668 1674 1670
f 1668 1670 1675
f 1668 1675 1684
f 1668 1684 1694
f 1668 1694 1709
f 1668 1709 1710
f 1668 1710 1695
f 1668 1695 1685
f 1668 1685 1676
f 1668 1676 1671
f 1668 1671 1673
f 1668 1673 1669
f 1669 1673 1680
f 1669 1680 1672
f 1670 1674 1675
f 1671 1676 1677
f 1671 1677 1678
f 1671 1678 1673
f 1672 1680 1679
f 1673 1678 1680
f 1674 1681 1675
f 1675 1682 1683
f 1675 1683 1684
f 1675 1681 1682
f 1676 1685 1686
f 1676 1686 1687
f 1676 1687 1677
f 1677 1688 1678
f 1677 1687 1688
f 1678 1688 1689
f 1678 1689 1680
f 1679 1680 1689
f 1679 1689 1690
f 1681 1691 1682
f 1682 1691 1706
f 1682 1706 1714
f 1682 1714 1702
f 1682 1702 1701
f 1682 1701 1711
f 1682 1711 1720
f 1682 1720 1721
f 1682 1721 1717
f 1682 1717 1707
f 1682 1707 1692
f 1682 1692 1693
f 1682 1693 1683
f 1683 1693 1684
f 1684 1693 1694
f 1685 1695 1696
f 1685 1696 1697
f 1685 1697 1698
f 1685 1698 1686
f 1686 1699 1687
f 1686 1698 1699
f 1687 1699 1688
f 1688 1699 1700
f 1688 1700 1701
f 1688 1701 1702
f 1688 1702 1703
f 1688 1703 1704
f 1688 1704 1689
f 1689 1704 1705
f 1689 1705 1690
f 1692 1707 1708
f 1692 1708 1694
f 1692 1694 1693
f 1694 1708 1709
f 1695 1710 1719
f 1695 1719 1718
f 1695 1718 1721
f 1695 1721 1720
f 1695 1720 1712
f 1695 1712 1697
f 1695 1697 1696
f 1697 1711 1698
f 1697 1712 1711
f 1698 1711 1699
f 1699 1711 1713
f 1699 1713 1700
f 1700 1713 1711
f 1700 1711 1701
f 1702 1714 1703
f 1703 1714 1704
f 1704 1714 1715
f 1704 1715 1716
f 1704 1716 1705
f 1706 1715 1714
f 1707 1717 1708
f 1708 1717 1709
f 1709 1717 1718
f 1709 1718 1719
f 1709 1719 1710
f 1711 1712 1720
f 1717 1721 1718

o geometry_8
v 0.01628200 0.00024570 0.00330262
v 0.01338585 0.00838505 0.00330262
v 0.02026165 0.00024570 0.00330262
v 0.01671595 0.00024570 0.04974619
v 0.01332804 0.00884088 0.00330262
v 0.01404561 0.00904854 0.04974619
v 0.02026165 0.00025001 0.00330262
v 0.02026165 0.00024570 0.04974619
v 0.01685810 0.00024570 0.05013705
v 0.01331308 0.00904854 0.00330262
v 0.01427483 0.00904854 0.05013705
v 0.02023717 0.00070239 0.00330262
v 0.02026165 0.00025001 0.04974619
v 0.02026029 0.00024570 0.04975079
v 0.01724648 0.00024570 0.05027040
v 0.01811709 0.00904854 0.00330262
v 0.01475027 0.00874954 0.05023821
v 0.01475027 0.00904854 0.05025661
v 0.02018275 0.00170279 0.00330262
v 0.02023444 0.00075064 0.04974619
v 0.02006780 0.00225081 0.05008647
v 0.02009025 0.00175018 0.05010486
v 0.02013038 0.00025001 0.05013245
v 0.02013038 0.00024570 0.05013245
v 0.01974949 0.00024570 0.05027040
v 0.01525019 0.00824977 0.05027040
v 0.01827285 0.00874954 0.00330262
v 0.01811709 0.00904854 0.04924956
v 0.01525019 0.00904854 0.05027040
v 0.02018003 0.00175018 0.00330262
v 0.02018003 0.00175018 0.04974619
v 0.02003244 0.00275058 0.05004508
v 0.01959577 0.00474966 0.05010486
v 0.01964814 0.00425075 0.05013245
v 0.01974949 0.00225081 0.05022442
v 0.02013650 0.00225081 0.04974619
v 0.01974949 0.00175018 0.05024281
v 0.01974949 0.00075064 0.05026121
v 0.01974949 0.00025001 0.05027040
v 0.01845105 0.00838247 0.00330262
v 0.01827285 0.00874954 0.04924956
v 0.01811573 0.00904854 0.04974619
v 0.01724988 0.00904854 0.05027040
v 0.02013650 0.00225081 0.00330262
v 0.02000795 0.00304958 0.05000829
v 0.01954067 0.00514775 0.05004968
v 0.01913121 0.00624983 0.05012325
v 0.01924956 0.00474966 0.05024281
v 0.01924956 0.00425075 0.05027040
v 0.02006508 0.00275058 0.04974619
v 0.01854287 0.00815671 0.00330262
v 0.01845105 0.00838247 0.04924956
v 0.01826741 0.00874954 0.04974619
v 0.01805791 0.00904854 0.05005888
v 0.01774980 0.00824977 0.05027040
v 0.01774980 0.00874954 0.05024741
v 0.01776272 0.00904854 0.05018303
v 0.02006508 0.00275058 0.00330262
v 0.02001203 0.00307371 0.04974619
v 0.01980390 0.00425075 0.04974619
v 0.01900130 0.00700293 0.04999910
v 0.01905096 0.00674960 0.05005428
v 0.01969235 0.00474966 0.04974619
v 0.01956108 0.00522186 0.04974619
v 0.01948966 0.00547174 0.04974619
v 0.01926725 0.00624983 0.04974619
v 0.01824972 0.00774914 0.05023821
v 0.01874964 0.00624983 0.05026121
v 0.01860137 0.00774914 0.05010026
v 0.01824972 0.00724937 0.05027040
v 0.01856736 0.00809553 0.00330262
v 0.01855239 0.00813258 0.04974619
v 0.01844561 0.00838247 0.04974619
v 0.01853471 0.00808864 0.05004508
v 0.01813069 0.00874954 0.05010946
v 0.02001203 0.00307371 0.00330262
v 0.01990048 0.00375012 0.04924956
v 0.01990729 0.00370962 0.00330262
v 0.01981070 0.00425075 0.04924956
v 0.01910197 0.00674960 0.04974619
v 0.01900198 0.00700552 0.04974619
v 0.01941485 0.00574920 0.04924956
v 0.01970392 0.00470141 0.00330262
v 0.01969235 0.00474966 0.00330262
v 0.01955496 0.00524598 0.00330262
v 0.01927269 0.00624983 0.04924956
v 0.01872448 0.00770175 0.00330262
v 0.01870543 0.00774914 0.04924956
v 0.01990048 0.00375012 0.00330262
v 0.01981954 0.00420250 0.00330262
v 0.01981070 0.00425075 0.00330262
v 0.01910197 0.00674960 0.00330262
v 0.01900198 0.00700552 0.00330262
v 0.01942233 0.00572249 0.00330262
v 0.01941485 0.00574920 0.00330262
v 0.01927269 0.00624983 0.00330262
f 1722 1723 1726
f 1722 1726 1731
f 1722 1731 1737
f 1722 1737 1748
f 1722 1748 1761
f 1722 1761 1772
f 1722 1772 1792
f 1722 1792 1808
f 1722 1808 1814
f 1722 1814 1813
f 1722 1813 1817
f 1722 1817 1816
f 1722 1816 1815
f 1722 1815 1806
f 1722 1806 1805
f 1722 1805 1804
f 1722 1804 1812
f 1722 1812 1811
f 1722 1811 1810
f 1722 1810 1799
f 1722 1799 1797
f 1722 1797 1779
f 1722 1779 1765
f 1722 1765 1751
f 1722 1751 1740
f 1722 1740 1733
f 1722 1733 1728
f 1722 1728 1724
f 1722 1724 1729
f 1722 1729 1735
f 1722 1735 1745
f 1722 1745 1746
f 1722 1746 1736
f 1722 1736 1730
f 1722 1730 1725
f 1722 1725 1723
f 1723 1725 1727
f 1723 1727 1726
f 1724 1728 1734
f 1724 1734 1729
f 1725 1730 1727
f 1726 1727 1731
f 1727 1730 1732
f 1727 1732 1739
f 1727 1739 1750
f 1727 1750 1764
f 1727 1764 1778
f 1727 1778 1775
f 1727 1775 1763
f 1727 1763 1749
f 1727 1749 1737
f 1727 1737 1731
f 1728 1733 1734
f 1729 1734 1735
f 1730 1736 1732
f 1732 1736 1738
f 1732 1738 1739
f 1733 1740 1741
f 1733 1741 1734
f 1734 1741 1742
f 1734 1742 1743
f 1734 1743 1735
f 1735 1743 1744
f 1735 1744 1745
f 1736 1739 1738
f 1736 1746 1760
f 1736 1760 1770
f 1736 1770 1791
f 1736 1791 1776
f 1736 1776 1764
f 1736 1764 1750
f 1736 1750 1747
f 1736 1747 1739
f 1737 1749 1762
f 1737 1762 1748
f 1739 1747 1750
f 1740 1751 1752
f 1740 1752 1741
f 1741 1752 1742
f 1742 1753 1754
f 1742 1754 1755
f 1742 1755 1756
f 1742 1756 1743
f 1742 1752 1757
f 1742 1757 1753
f 1743 1756 1758
f 1743 1758 1744
f 1744 1758 1759
f 1744 1759 1760
f 1744 1760 1746
f 1744 1746 1745
f 1748 1762 1773
f 1748 1773 1761
f 1749 1763 1762
f 1751 1765 1757
f 1751 1757 1752
f 1753 1766 1754
f 1753 1757 1766
f 1754 1766 1767
f 1754 1767 1768
f 1754 1768 1769
f 1754 1769 1755
f 1755 1769 1756
f 1756 1769 1770
f 1756 1770 1758
f 1757 1771 1766
f 1757 1765 1779
f 1757 1779 1771
f 1758 1770 1759
f 1759 1770 1760
f 1761 1773 1772
f 1762 1763 1774
f 1762 1774 1794
f 1762 1794 1773
f 1763 1775 1774
f 1764 1776 1777
f 1764 1777 1778
f 1766 1771 1780
f 1766 1780 1781
f 1766 1781 1767
f 1767 1782 1783
f 1767 1783 1768
f 1767 1781 1784
f 1767 1784 1785
f 1767 1785 1786
f 1767 1786 1787
f 1767 1787 1782
f 1768 1788 1789
f 1768 1789 1769
f 1768 1783 1790
f 1768 1790 1788
f 1769 1789 1770
f 1770 1789 1791
f 1771 1779 1797
f 1771 1797 1780
f 1772 1773 1793
f 1772 1793 1792
f 1773 1794 1793
f 1774 1775 1795
f 1774 1795 1794
f 1775 1796 1795
f 1775 1778 1796
f 1776 1791 1777
f 1777 1791 1789
f 1777 1789 1788
f 1777 1788 1796
f 1777 1796 1778
f 1780 1798 1781
f 1780 1797 1799
f 1780 1799 1798
f 1781 1798 1800
f 1781 1800 1784
f 1782 1801 1802
f 1782 1802 1793
f 1782 1793 1795
f 1782 1795 1783
f 1782 1787 1801
f 1783 1795 1790
f 1784 1803 1785
f 1784 1800 1804
f 1784 1804 1805
f 1784 1805 1806
f 1784 1806 1803
f 1785 1803 1807
f 1785 1807 1786
f 1786 1807 1787
f 1787 1807 1801
f 1788 1790 1796
f 1790 1795 1796
f 1792 1793 1809
f 1792 1809 1808
f 1793 1794 1795
f 1793 1802 1809
f 1798 1799 1810
f 1798 1810 1811
f 1798 1811 1800
f 1800 1811 1812
f 1800 1812 1804
f 1801 1807 1817
f 1801 1817 1813
f 1801 1813 1814
f 1801 1814 1802
f 1802 1814 1808
f 1802 1808 1809
f 1803 1806 1815
f 1803 1815 1816
f 1803 1816 1817
f 1803 1817 1807

o geometry_9
v 0.01331385 0.00904854 0.00330262
v 0.01286817 0.00936743 0.00330262
v 0.01811628 0.00904854 0.00330262
v 0.01404486 0.00904854 0.04974619
v 0.00936914 0.01286999 0.00330262
v 0.01807146 0.00913615 0.00330262
v 0.01811628 0.00904854 0.04924956
v 0.01427416 0.00904854 0.05013705
v 0.01391124 0.00937006 0.05007727
v 0.00937518 0.01391777 0.05007267
v 0.00931052 0.01387572 0.04975079
v 0.00931052 0.01326510 0.00330262
v 0.01755596 0.01010772 0.00330262
v 0.01807146 0.00913615 0.04974619
v 0.01811542 0.00904854 0.04974619
v 0.01474915 0.00904854 0.05025661
v 0.00931052 0.01422352 0.05016924
v 0.00931052 0.01404656 0.05010946
v 0.00931052 0.01799766 0.00330262
v 0.01754303 0.01013137 0.00330262
v 0.01755596 0.01010772 0.04974619
v 0.01753699 0.01007180 0.05004508
v 0.01804732 0.00909059 0.05005428
v 0.01805767 0.00904854 0.05005888
v 0.01524999 0.00904854 0.05027040
v 0.01474915 0.00925004 0.05027040
v 0.00931052 0.01474917 0.05027040
v 0.00940535 0.01795386 0.00330262
v 0.00931052 0.01799766 0.04924956
v 0.01741889 0.01035740 0.00330262
v 0.01741889 0.01035740 0.04924956
v 0.01741803 0.01035740 0.04974619
v 0.01708442 0.01075076 0.05006807
v 0.01726717 0.01024351 0.05013705
v 0.01761802 0.00975028 0.05010026
v 0.01699994 0.01100131 0.04999910
v 0.01777147 0.00925442 0.05014165
v 0.01776285 0.00904854 0.05018303
v 0.01724993 0.00904854 0.05027040
v 0.00931052 0.01724949 0.05027040
v 0.00975016 0.01775937 0.00330262
v 0.00940535 0.01795386 0.04924956
v 0.00931052 0.01799503 0.04974619
v 0.01717062 0.01075076 0.00330262
v 0.01717062 0.01075076 0.04924956
v 0.01716976 0.01075076 0.04974619
v 0.01655426 0.01158040 0.05005888
v 0.01626462 0.01174861 0.05014165
v 0.01674995 0.01075076 0.05020603
v 0.01724993 0.00975028 0.05023821
v 0.01700080 0.01100219 0.04974619
v 0.01641203 0.01187126 0.04974619
v 0.01616203 0.01221731 0.04974619
v 0.01550688 0.01300841 0.05000829
v 0.01724993 0.00925004 0.05027040
v 0.01025015 0.01674925 0.05027040
v 0.00975016 0.01724949 0.05023821
v 0.00931052 0.01776200 0.05013705
v 0.01009239 0.01755524 0.00330262
v 0.00975016 0.01775937 0.04924956
v 0.00940535 0.01794860 0.04974619
v 0.00975016 0.01762445 0.05010026
v 0.01006222 0.01753684 0.05004508
v 0.01700080 0.01100219 0.00330262
v 0.01610772 0.01214459 0.05008647
v 0.01578618 0.01228739 0.05016004
v 0.01524999 0.01275084 0.05021062
v 0.01624996 0.01125012 0.05024741
v 0.01674995 0.01025052 0.05027040
v 0.01641203 0.01187126 0.00330262
v 0.01597238 0.01246699 0.04924956
v 0.01596980 0.01246699 0.04974619
v 0.01616203 0.01221731 0.00330262
v 0.01503190 0.01353756 0.05003588
v 0.01551033 0.01301279 0.04974619
v 0.01529741 0.01326334 0.04974619
v 0.01504741 0.01355595 0.04974619
v 0.01482587 0.01380651 0.04974619
v 0.01175010 0.01574965 0.05027040
v 0.01125012 0.01624989 0.05025201
v 0.01075013 0.01674925 0.05020603
v 0.01023722 0.01726176 0.05013245
v 0.01098375 0.01701908 0.00330262
v 0.01009239 0.01755524 0.04974619
v 0.00975016 0.01775411 0.04974619
v 0.01075013 0.01707953 0.05006807
v 0.01100530 0.01700244 0.05000370
v 0.01521896 0.01320552 0.05008187
v 0.01473018 0.01372241 0.05010486
v 0.01474915 0.01325020 0.05022902
v 0.01574998 0.01175036 0.05027040
v 0.01573274 0.01275084 0.04924956
v 0.01597238 0.01246699 0.00330262
v 0.01457588 0.01407547 0.04974619
v 0.01455088 0.01405006 0.05004968
v 0.01548964 0.01303732 0.00330262
v 0.01529741 0.01326334 0.00330262
v 0.01502672 0.01358048 0.00330262
v 0.01482587 0.01380651 0.00330262
v 0.01524999 0.01225060 0.05027040
v 0.01424916 0.01374957 0.05024281
v 0.01374918 0.01424981 0.05023821
v 0.01275007 0.01524941 0.05021982
v 0.01175010 0.01626128 0.05014165
v 0.01120357 0.01673699 0.05009567
v 0.01100788 0.01700419 0.00330262
v 0.01100788 0.01700419 0.04974619
v 0.01158373 0.01656265 0.05006348
v 0.01301989 0.01551574 0.05001749
v 0.01162511 0.01659331 0.04974619
v 0.01125787 0.01684387 0.04974619
v 0.01422589 0.01422966 0.05010946
v 0.01573274 0.01275084 0.00330262
v 0.01431554 0.01432515 0.04974619
v 0.01353539 0.01503214 0.05003129
v 0.01404400 0.01454154 0.05004048
v 0.01457588 0.01407547 0.00330262
v 0.01372073 0.01472464 0.05010026
v 0.01321213 0.01521962 0.05008647
v 0.01275007 0.01561561 0.05008187
v 0.01213630 0.01610271 0.05008647
v 0.01125787 0.01684387 0.00330262
v 0.01220354 0.01615440 0.04974619
v 0.01187510 0.01640408 0.04974619
v 0.01355263 0.01504879 0.04974619
v 0.01328023 0.01529935 0.04974619
v 0.01303023 0.01552362 0.04974619
v 0.01164924 0.01657579 0.00330262
v 0.01162511 0.01659331 0.00330262
v 0.01158976 0.01661784 0.00330262
v 0.01406555 0.01456257 0.04974619
v 0.01431554 0.01432515 0.00330262
v 0.01408968 0.01453979 0.00330262
v 0.01275007 0.01573826 0.04924956
v 0.01245353 0.01596429 0.04924956
v 0.01217250 0.01617805 0.00330262
v 0.01357677 0.01502601 0.00330262
v 0.01352677 0.01507332 0.00330262
v 0.01328023 0.01529935 0.00330262
v 0.01303023 0.01552362 0.00330262
v 0.01272162 0.01576016 0.00330262
v 0.01245353 0.01596429 0.00330262
f 1818 1819 1822
f 1818 1822 1829
f 1818 1829 1836
f 1818 1836 1845
f 1818 1845 1858
f 1818 1858 1876
f 1818 1876 1900
f 1818 1900 1923
f 1818 1923 1939
f 1818 1939 1947
f 1818 1947 1946
f 1818 1946 1945
f 1818 1945 1953
f 1818 1953 1959
f 1818 1959 1958
f 1818 1958 1957
f 1818 1957 1956
f 1818 1956 1955
f 1818 1955 1954
f 1818 1954 1950
f 1818 1950 1949
f 1818 1949 1934
f 1818 1934 1916
f 1818 1916 1915
f 1818 1915 1914
f 1818 1914 1913
f 1818 1913 1930
f 1818 1930 1910
f 1818 1910 1890
f 1818 1890 1887
f 1818 1887 1881
f 1818 1881 1861
f 1818 1861 1847
f 1818 1847 1837
f 1818 1837 1830
f 1818 1830 1823
f 1818 1823 1820
f 1818 1820 1824
f 1818 1824 1832
f 1818 1832 1841
f 1818 1841 1855
f 1818 1855 1856
f 1818 1856 1842
f 1818 1842 1833
f 1818 1833 1825
f 1818 1825 1821
f 1818 1821 1819
f 1819 1821 1822
f 1820 1823 1831
f 1820 1831 1824
f 1821 1825 1826
f 1821 1826 1827
f 1821 1827 1828
f 1821 1828 1822
f 1822 1828 1829
f 1823 1830 1838
f 1823 1838 1831
f 1824 1831 1832
f 1825 1833 1834
f 1825 1834 1835
f 1825 1835 1827
f 1825 1827 1826
f 1827 1835 1828
f 1828 1835 1834
f 1828 1834 1844
f 1828 1844 1857
f 1828 1857 1875
f 1828 1875 1860
f 1828 1860 1846
f 1828 1846 1836
f 1828 1836 1829
f 1830 1837 1838
f 1831 1838 1839
f 1831 1839 1840
f 1831 1840 1832
f 1832 1840 1841
f 1833 1842 1843
f 1833 1843 1844
f 1833 1844 1834
f 1836 1846 1859
f 1836 1859 1845
f 1837 1847 1848
f 1837 1848 1838
f 1838 1848 1849
f 1838 1849 1839
f 1839 1850 1851
f 1839 1851 1852
f 1839 1852 1840
f 1839 1849 1853
f 1839 1853 1850
f 1840 1852 1854
f 1840 1854 1841
f 1841 1854 1855
f 1842 1856 1872
f 1842 1872 1886
f 1842 1886 1908
f 1842 1908 1917
f 1842 1917 1896
f 1842 1896 1873
f 1842 1873 1857
f 1842 1857 1844
f 1842 1844 1843
f 1845 1859 1877
f 1845 1877 1858
f 1846 1860 1859
f 1847 1861 1862
f 1847 1862 1848
f 1848 1862 1863
f 1848 1863 1849
f 1849 1863 1853
f 1850 1853 1864
f 1850 1864 1865
f 1850 1865 1851
f 1851 1865 1866
f 1851 1866 1867
f 1851 1867 1854
f 1851 1854 1852
f 1853 1863 1868
f 1853 1868 1869
f 1853 1869 1870
f 1853 1870 1871
f 1853 1871 1864
f 1854 1867 1855
f 1855 1867 1872
f 1855 1872 1856
f 1857 1873 1874
f 1857 1874 1875
f 1858 1877 1901
f 1858 1901 1876
f 1859 1860 1878
f 1859 1878 1902
f 1859 1902 1877
f 1860 1875 1879
f 1860 1879 1880
f 1860 1880 1878
f 1861 1881 1868
f 1861 1868 1862
f 1862 1868 1863
f 1864 1882 1865
f 1864 1871 1882
f 1865 1882 1883
f 1865 1883 1884
f 1865 1884 1885
f 1865 1885 1866
f 1866 1885 1867
f 1867 1885 1886
f 1867 1886 1872
f 1868 1881 1887
f 1868 1887 1869
f 1869 1887 1890
f 1869 1890 1870
f 1870 1888 1889
f 1870 1889 1871
f 1870 1890 1910
f 1870 1910 1888
f 1871 1891 1882
f 1871 1889 1892
f 1871 1892 1893
f 1871 1893 1894
f 1871 1894 1895
f 1871 1895 1891
f 1873 1896 1897
f 1873 1897 1874
f 1874 1897 1898
f 1874 1898 1899
f 1874 1899 1879
f 1874 1879 1875
f 1876 1901 1900
f 1877 1902 1901
f 1878 1880 1902
f 1879 1899 1903
f 1879 1903 1880
f 1880 1903 1904
f 1880 1904 1902
f 1882 1905 1906
f 1882 1906 1883
f 1882 1891 1905
f 1883 1906 1884
f 1884 1906 1907
f 1884 1907 1908
f 1884 1908 1885
f 1885 1908 1886
f 1888 1909 1892
f 1888 1892 1889
f 1888 1910 1930
f 1888 1930 1909
f 1891 1895 1911
f 1891 1911 1912
f 1891 1912 1906
f 1891 1906 1905
f 1892 1909 1913
f 1892 1913 1893
f 1893 1913 1914
f 1893 1914 1915
f 1893 1915 1894
f 1894 1915 1895
f 1895 1915 1916
f 1895 1916 1934
f 1895 1934 1911
f 1896 1917 1918
f 1896 1918 1919
f 1896 1919 1920
f 1896 1920 1897
f 1897 1920 1921
f 1897 1921 1898
f 1898 1921 1922
f 1898 1922 1899
f 1899 1922 1903
f 1900 1901 1924
f 1900 1924 1923
f 1901 1902 1904
f 1901 1904 1924
f 1903 1925 1904
f 1903 1922 1925
f 1904 1926 1927
f 1904 1927 1928
f 1904 1928 1924
f 1904 1925 1926
f 1906 1912 1929
f 1906 1929 1918
f 1906 1918 1907
f 1907 1918 1908
f 1908 1918 1917
f 1909 1930 1913
f 1911 1931 1932
f 1911 1932 1933
f 1911 1933 1912
f 1911 1934 1949
f 1911 1949 1931
f 1912 1933 1935
f 1912 1935 1929
f 1918 1929 1919
f 1919 1929 1920
f 1920 1929 1935
f 1920 1935 1936
f 1920 1936 1937
f 1920 1937 1938
f 1920 1938 1921
f 1921 1938 1925
f 1921 1925 1922
f 1923 1924 1928
f 1923 1928 1939
f 1925 1938 1926
f 1926 1940 1941
f 1926 1941 1927
f 1926 1938 1937
f 1926 1937 1936
f 1926 1936 1932
f 1926 1932 1942
f 1926 1942 1943
f 1926 1943 1944
f 1926 1944 1940
f 1927 1941 1945
f 1927 1945 1946
f 1927 1946 1947
f 1927 1947 1928
f 1928 1947 1939
f 1931 1948 1932
f 1931 1949 1950
f 1931 1950 1948
f 1932 1948 1942
f 1932 1936 1935
f 1932 1935 1933
f 1940 1944 1951
f 1940 1951 1952
f 1940 1952 1953
f 1940 1953 1941
f 1941 1953 1945
f 1942 1948 1950
f 1942 1950 1954
f 1942 1954 1955
f 1942 1955 1943
f 1943 1955 1956
f 1943 1956 1957
f 1943 1957 1944
f 1944 1957 1958
f 1944 1958 1951
f 1951 1958 1952
f 1952 1958 1959
f 1952 1959 1953

o geometry_10
v -0.00766220 0.01783770 0.05027040
v -0.00766220 0.01574955 0.05027040
v -0.00766220 0.01824949 0.05024281
v -0.00825044 0.01774914 0.05027040
v -0.01457253 0.00942666 0.05027040
v -0.00766220 0.01533776 0.05023361
v -0.00766220 0.01833166 0.05021522
v -0.00775054 0.01824949 0.05023821
v -0.00875034 0.01774914 0.05024741
v -0.00925025 0.01724970 0.05027040
v -0.01707306 0.00942666 0.05027040
v -0.01423022 0.00942666 0.05019683
v -0.00766220 0.01524646 0.05021062
v -0.00766220 0.01863115 0.05010026
v -0.00775054 0.01860649 0.05010026
v -0.00875034 0.01812349 0.05010946
v -0.00926230 0.01777744 0.05014165
v -0.00975015 0.01724970 0.05023821
v -0.01025006 0.01674934 0.05027040
v -0.01674982 0.01025023 0.05027040
v -0.01724973 0.00942666 0.05026121
v -0.01404150 0.00942666 0.05014625
v -0.00766220 0.01496250 0.05009567
v -0.00766220 0.01866128 0.05003588
v -0.00807678 0.01853527 0.05004508
v -0.00910369 0.01804770 0.05005428
v -0.00975015 0.01762405 0.05010026
v -0.01075097 0.01674934 0.05020603
v -0.01125087 0.01624990 0.05025201
v -0.01023701 0.01726156 0.05013245
v -0.01175078 0.01574955 0.05027040
v -0.01574901 0.01175038 0.05027040
v -0.01624992 0.01125002 0.05024741
v -0.01724973 0.00975079 0.05023821
v -0.01759003 0.00942666 0.05017384
v -0.01388792 0.00942666 0.05008647
v -0.00766220 0.01492324 0.05007267
v -0.00766220 0.01875075 0.04974619
v -0.00775054 0.01871606 0.04974619
v -0.00811492 0.01855262 0.04974619
v -0.00915589 0.01807144 0.04974619
v -0.00940584 0.01794818 0.04974619
v -0.01006234 0.01753639 0.05004508
v -0.01075097 0.01707987 0.05006807
v -0.01120369 0.01673747 0.05009567
v -0.01175078 0.01626177 0.05014165
v -0.01275059 0.01524920 0.05021982
v -0.01324949 0.01474976 0.05022902
v -0.01374939 0.01424940 0.05023821
v -0.01424930 0.01375088 0.05024281
v -0.01275059 0.01474976 0.05027040
v -0.01524911 0.01225073 0.05027040
v -0.01474920 0.01325052 0.05022902
v -0.01524911 0.01275017 0.05021062
v -0.01626397 0.01174855 0.05014165
v -0.01674982 0.01075058 0.05020603
v -0.01726679 0.01024293 0.05013705
v -0.01771751 0.00942666 0.05012785
v -0.01385680 0.00942666 0.05001749
v -0.00766220 0.01485293 0.04982896
v -0.00766220 0.01875167 0.04965882
v -0.00775054 0.01871880 0.04924956
v -0.00778567 0.01870328 0.00330262
v -0.00811492 0.01855262 0.00330262
v -0.00834078 0.01844853 0.00330262
v -0.00940584 0.01795366 0.04924956
v -0.00840202 0.01842023 0.00330262
v -0.00915589 0.01807144 0.00330262
v -0.00975015 0.01775370 0.04974619
v -0.01100594 0.01700226 0.05000370
v -0.01158314 0.01656217 0.05006348
v -0.01213625 0.01610290 0.05008647
v -0.01275059 0.01561533 0.05008187
v -0.01321134 0.01521907 0.05008647
v -0.01372028 0.01472419 0.05010026
v -0.01422621 0.01423023 0.05010946
v -0.01473013 0.01372349 0.05010486
v -0.01374939 0.01375088 0.05027040
v -0.01578615 0.01228725 0.05016004
v -0.01610738 0.01214482 0.05008647
v -0.01655408 0.01158055 0.05005888
v -0.01708410 0.01075058 0.05006807
v -0.01753682 0.01007127 0.05004508
v -0.01761813 0.00975079 0.05010026
v -0.01789820 0.00942666 0.04978757
v -0.01378452 0.00942666 0.04974619
v -0.00766220 0.01484563 0.04974619
v -0.00766220 0.01875349 0.04924956
v -0.00775054 0.01871880 0.00330262
v -0.00975015 0.01775918 0.04924956
v -0.00940584 0.01795366 0.00330262
v -0.01009246 0.01755466 0.04974619
v -0.01301961 0.01551581 0.05001749
v -0.01034241 0.01740491 0.04974619
v -0.01075097 0.01715930 0.04974619
v -0.01100795 0.01700408 0.04974619
v -0.01125790 0.01684339 0.04974619
v -0.01162530 0.01659321 0.04974619
v -0.01353457 0.01503280 0.05003129
v -0.01404351 0.01454158 0.05004048
v -0.01455044 0.01405127 0.05004968
v -0.01503128 0.01353814 0.05003588
v -0.01521899 0.01320578 0.05008187
v -0.01550609 0.01300856 0.05000829
v -0.01699978 0.01100167 0.04999910
v -0.01741837 0.01035706 0.04974619
v -0.01755590 0.01010688 0.04974619
v -0.01791225 0.00942666 0.04974619
v -0.01315513 0.00942666 0.00330262
v -0.00766220 0.01428045 0.00330262
v -0.00766220 0.01875349 0.00330262
v -0.00975015 0.01775918 0.00330262
v -0.01009246 0.01755466 0.00330262
v -0.01031832 0.01741952 0.00330262
v -0.01187525 0.01640421 0.04974619
v -0.01220350 0.01615403 0.04974619
v -0.01302865 0.01552403 0.04974619
v -0.01327860 0.01529941 0.04974619
v -0.01355164 0.01504924 0.04974619
v -0.01075097 0.01715930 0.00330262
v -0.01100795 0.01700408 0.00330262
v -0.01123381 0.01685891 0.00330262
v -0.01125790 0.01684339 0.00330262
v -0.01129303 0.01681965 0.00330262
v -0.01162530 0.01659321 0.00330262
v -0.01185116 0.01642247 0.00330262
v -0.01406560 0.01456258 0.04974619
v -0.01431555 0.01432519 0.04974619
v -0.01457554 0.01407592 0.04974619
v -0.01482549 0.01380749 0.04974619
v -0.01504734 0.01355731 0.04974619
v -0.01551010 0.01301313 0.04974619
v -0.01596985 0.01246712 0.04974619
v -0.01616158 0.01221695 0.04974619
v -0.01641154 0.01187090 0.04974619
v -0.01700078 0.01100259 0.04974619
v -0.01716942 0.01075058 0.04974619
v -0.01741938 0.01035706 0.04924956
v -0.01774562 0.00975079 0.04924956
v -0.01791727 0.00942666 0.04924956
v -0.01743242 0.01033332 0.00330262
v -0.01755590 0.01010688 0.00330262
v -0.01791727 0.00942666 0.00330262
v -0.01275059 0.01573859 0.04924956
v -0.01187525 0.01640421 0.00330262
v -0.01302865 0.01552403 0.00330262
v -0.01327860 0.01529941 0.00330262
v -0.01355164 0.01504924 0.00330262
v -0.01406560 0.01456258 0.00330262
v -0.01434065 0.01430145 0.00330262
v -0.01457554 0.01407592 0.00330262
v -0.01482549 0.01380749 0.00330262
v -0.01484758 0.01378283 0.00330262
v -0.01504734 0.01355731 0.00330262
v -0.01527420 0.01329161 0.00330262
v -0.01597286 0.01246712 0.04924956
v -0.01571187 0.01277574 0.00330262
v -0.01599093 0.01244338 0.00330262
v -0.01616158 0.01221695 0.00330262
v -0.01641154 0.01187090 0.00330262
v -0.01717043 0.01075058 0.04924956
v -0.01700078 0.01100259 0.00330262
v -0.01739528 0.01039541 0.00330262
v -0.01741938 0.01035706 0.00330262
v -0.01774562 0.00975079 0.00330262
v -0.01275059 0.01573859 0.00330262
v -0.01594978 0.01249452 0.00330262
v -0.01597286 0.01246712 0.00330262
v -0.01717043 0.01075058 0.00330262
f 1960 1961 1965
f 1960 1965 1972
f 1960 1972 1982
f 1960 1982 1996
f 1960 1996 2019
f 1960 2019 2046
f 1960 2046 2069
f 1960 2069 2070
f 1960 2070 2047
f 1960 2047 2020
f 1960 2020 1997
f 1960 1997 1983
f 1960 1983 1973
f 1960 1973 1966
f 1960 1966 1962
f 1960 1962 1963
f 1960 1963 1969
f 1960 1969 1978
f 1960 1978 1990
f 1960 1990 2010
f 1960 2010 2037
f 1960 2037 2011
f 1960 2011 1991
f 1960 1991 1979
f 1960 1979 1970
f 1960 1970 1964
f 1960 1964 1961
f 1961 1964 1965
f 1962 1966 1967
f 1962 1967 1968
f 1962 1968 1963
f 1963 1968 1969
f 1964 1970 1980
f 1964 1980 1994
f 1964 1994 2017
f 1964 2017 2044
f 1964 2044 2067
f 1964 2067 2099
f 1964 2099 2102
f 1964 2102 2068
f 1964 2068 2045
f 1964 2045 2018
f 1964 2018 1995
f 1964 1995 1981
f 1964 1981 1971
f 1964 1971 1965
f 1965 1971 1972
f 1966 1973 1967
f 1967 1973 1974
f 1967 1974 1975
f 1967 1975 1968
f 1968 1975 1976
f 1968 1976 1977
f 1968 1977 1978
f 1968 1978 1969
f 1970 1979 1980
f 1971 1981 1972
f 1972 1981 1982
f 1973 1983 1974
f 1974 1983 1984
f 1974 1984 1985
f 1974 1985 1975
f 1975 1985 1986
f 1975 1986 1976
f 1976 1986 1977
f 1977 1987 1988
f 1977 1988 1978
f 1977 1986 1989
f 1977 1989 1987
f 1978 1988 1990
f 1979 1991 1992
f 1979 1992 1993
f 1979 1993 1980
f 1980 1993 1994
f 1981 1995 1982
f 1982 1995 1996
f 1983 1997 1984
f 1984 1997 1998
f 1984 1998 1999
f 1984 1999 2000
f 1984 2000 1985
f 1985 2000 2001
f 1985 2001 2002
f 1985 2002 1986
f 1986 2002 2003
f 1986 2003 1989
f 1987 1989 2004
f 1987 2004 2005
f 1987 2005 1988
f 1988 2005 2006
f 1988 2006 1990
f 1989 2003 2004
f 1990 2006 2007
f 1990 2007 2008
f 1990 2008 2009
f 1990 2009 2010
f 1991 2011 2009
f 1991 2009 2012
f 1991 2012 2013
f 1991 2013 1992
f 1992 2013 2014
f 1992 2014 2015
f 1992 2015 1993
f 1993 2015 2016
f 1993 2016 2017
f 1993 2017 1994
f 1995 2018 1996
f 1996 2018 2019
f 1997 2020 1998
f 1998 2020 2021
f 1998 2021 1999
f 1999 2021 2022
f 1999 2022 2023
f 1999 2023 2024
f 1999 2024 2026
f 1999 2026 2000
f 2000 2025 2001
f 2000 2026 2027
f 2000 2027 2050
f 2000 2050 2025
f 2001 2025 2049
f 2001 2049 2028
f 2001 2028 2002
f 2002 2028 2029
f 2002 2029 2003
f 2003 2030 2004
f 2003 2029 2030
f 2004 2030 2005
f 2005 2030 2031
f 2005 2031 2006
f 2006 2008 2007
f 2006 2031 2032
f 2006 2032 2033
f 2006 2033 2034
f 2006 2034 2035
f 2006 2035 2008
f 2008 2035 2009
f 2009 2035 2036
f 2009 2036 2012
f 2009 2011 2037
f 2009 2037 2010
f 2012 2036 2013
f 2013 2036 2038
f 2013 2038 2014
f 2014 2016 2015
f 2014 2038 2039
f 2014 2039 2040
f 2014 2040 2041
f 2014 2041 2016
f 2016 2041 2042
f 2016 2042 2043
f 2016 2043 2017
f 2017 2043 2042
f 2017 2042 2044
f 2018 2045 2019
f 2019 2045 2046
f 2020 2047 2021
f 2021 2047 2070
f 2021 2070 2048
f 2021 2048 2022
f 2022 2048 2070
f 2022 2070 2069
f 2022 2069 2068
f 2022 2068 2102
f 2022 2102 2124
f 2022 2124 2101
f 2022 2101 2100
f 2022 2100 2123
f 2022 2123 2122
f 2022 2122 2128
f 2022 2128 2121
f 2022 2121 2119
f 2022 2119 2118
f 2022 2118 2117
f 2022 2117 2127
f 2022 2127 2126
f 2022 2126 2116
f 2022 2116 2114
f 2022 2114 2113
f 2022 2113 2112
f 2022 2112 2111
f 2022 2111 2110
f 2022 2110 2109
f 2022 2109 2108
f 2022 2108 2107
f 2022 2107 2106
f 2022 2106 2105
f 2022 2105 2125
f 2022 2125 2104
f 2022 2104 2085
f 2022 2085 2084
f 2022 2084 2083
f 2022 2083 2082
f 2022 2082 2081
f 2022 2081 2080
f 2022 2080 2079
f 2022 2079 2073
f 2022 2073 2072
f 2022 2072 2071
f 2022 2071 2050
f 2022 2050 2027
f 2022 2027 2026
f 2022 2026 2024
f 2022 2024 2023
f 2025 2050 2071
f 2025 2071 2049
f 2028 2049 2051
f 2028 2051 2029
f 2029 2052 2030
f 2029 2051 2053
f 2029 2053 2054
f 2029 2054 2055
f 2029 2055 2056
f 2029 2056 2057
f 2029 2057 2052
f 2030 2052 2031
f 2031 2052 2032
f 2032 2052 2033
f 2033 2052 2058
f 2033 2058 2034
f 2034 2058 2059
f 2034 2059 2060
f 2034 2060 2035
f 2035 2060 2036
f 2036 2060 2061
f 2036 2061 2062
f 2036 2062 2039
f 2036 2039 2038
f 2039 2062 2061
f 2039 2061 2063
f 2039 2063 2040
f 2040 2063 2064
f 2040 2064 2041
f 2041 2064 2042
f 2042 2064 2065
f 2042 2065 2066
f 2042 2066 2067
f 2042 2067 2044
f 2045 2068 2069
f 2045 2069 2046
f 2049 2071 2072
f 2049 2072 2051
f 2051 2072 2073
f 2051 2073 2053
f 2052 2057 2074
f 2052 2074 2075
f 2052 2075 2076
f 2052 2076 2077
f 2052 2077 2078
f 2052 2078 2058
f 2053 2073 2054
f 2054 2073 2079
f 2054 2079 2080
f 2054 2080 2055
f 2055 2080 2081
f 2055 2081 2056
f 2056 2081 2082
f 2056 2082 2083
f 2056 2083 2057
f 2057 2083 2084
f 2057 2084 2085
f 2057 2085 2074
f 2058 2078 2086
f 2058 2086 2087
f 2058 2087 2088
f 2058 2088 2059
f 2059 2088 2060
f 2060 2088 2061
f 2061 2088 2089
f 2061 2089 2063
f 2063 2089 2090
f 2063 2090 2091
f 2063 2091 2092
f 2063 2092 2093
f 2063 2093 2064
f 2064 2093 2094
f 2064 2094 2095
f 2064 2095 2096
f 2064 2096 2065
f 2065 2096 2120
f 2065 2120 2097
f 2065 2097 2066
f 2066 2098 2099
f 2066 2099 2067
f 2066 2097 2100
f 2066 2100 2101
f 2066 2101 2124
f 2066 2124 2098
f 2074 2103 2075
f 2074 2085 2104
f 2074 2104 2125
f 2074 2125 2103
f 2075 2103 2076
f 2076 2103 2125
f 2076 2125 2105
f 2076 2105 2106
f 2076 2106 2077
f 2077 2106 2107
f 2077 2107 2078
f 2078 2107 2108
f 2078 2108 2086
f 2086 2108 2109
f 2086 2109 2087
f 2087 2109 2088
f 2088 2109 2110
f 2088 2110 2111
f 2088 2111 2089
f 2089 2111 2112
f 2089 2112 2090
f 2090 2112 2113
f 2090 2113 2114
f 2090 2114 2091
f 2091 2115 2092
f 2091 2114 2116
f 2091 2116 2115
f 2092 2115 2093
f 2093 2115 2117
f 2093 2117 2118
f 2093 2118 2119
f 2093 2119 2094
f 2094 2119 2121
f 2094 2121 2095
f 2095 2120 2096
f 2095 2121 2128
f 2095 2128 2120
f 2097 2120 2122
f 2097 2122 2123
f 2097 2123 2100
f 2098 2124 2102
f 2098 2102 2099
f 2115 2116 2126
f 2115 2126 2127
f 2115 2127 2117
f 2120 2128 2122

o geometry_11
v 0.00000321 0.01950304 0.05027040
v 0.00000321 0.01725053 0.05027040
v 0.00000321 0.01974942 0.05026580
v -0.00075013 0.01974942 0.05026580
v -0.00375071 0.01924964 0.05027040
v -0.00724951 0.01575002 0.05027040
v -0.00766220 0.01533782 0.05023361
v -0.00766220 0.01524733 0.05021062
v 0.00000321 0.01705552 0.05020603
v 0.00000321 0.01993859 0.05019683
v -0.00075013 0.02012251 0.05012785
v -0.00125060 0.02011141 0.05012325
v -0.00125060 0.01974942 0.05025661
v -0.00424968 0.01924964 0.05026580
v -0.00574960 0.01874987 0.05027040
v -0.00766220 0.01575002 0.05027040
v 0.00000321 0.01685584 0.05013705
v -0.00766220 0.01496299 0.05009567
v 0.00000321 0.02012251 0.05012785
v 0.00000321 0.02018498 0.04993472
v -0.00075013 0.02024512 0.04974619
v -0.00225004 0.01974942 0.05021522
v -0.00175032 0.01974942 0.05024281
v -0.00125060 0.02022351 0.04974619
v -0.00175032 0.02008689 0.05010486
v -0.00474940 0.01924964 0.05024281
v -0.00624932 0.01874987 0.05025661
v -0.00724951 0.01824950 0.05027040
v -0.00766220 0.01783730 0.05027040
v -0.00766220 0.01492387 0.05007267
v 0.00000321 0.01678228 0.04994392
v 0.00000321 0.02024512 0.04974619
v -0.00075013 0.02024512 0.00330262
v -0.00079815 0.02024336 0.00330262
v -0.00275051 0.01974942 0.05018303
v -0.00424968 0.01964141 0.05012785
v -0.00175032 0.02017447 0.04974619
v -0.00308291 0.02001274 0.05001749
v -0.00275051 0.02003259 0.05004508
v -0.00225004 0.02006004 0.05007727
v -0.00125060 0.02022351 0.00330262
v -0.00129862 0.02021884 0.00330262
v -0.00474940 0.01959237 0.05010486
v -0.00624932 0.01912412 0.05011865
v -0.00674979 0.01874987 0.05018763
v -0.00766220 0.01833241 0.05021522
v -0.00766220 0.01824950 0.05024281
v -0.00766220 0.01485381 0.04982896
v 0.00000321 0.01670754 0.04974619
v 0.00000321 0.02024512 0.00330262
v -0.00275051 0.02006587 0.04974619
v -0.00175032 0.02017447 0.00330262
v -0.00312418 0.02001916 0.04974619
v -0.00337404 0.01997421 0.04974619
v -0.00551024 0.01950304 0.05000370
v -0.00524988 0.01953457 0.05004508
v -0.00674979 0.01904471 0.05004968
v -0.00766220 0.01863134 0.05010026
v -0.00766220 0.01484622 0.04974619
v -0.00725027 0.01435286 0.00330262
v 0.00000321 0.01627024 0.00330262
v -0.00275051 0.02006587 0.00330262
v -0.00337404 0.01997946 0.04924956
v -0.00312418 0.02001916 0.00330262
v -0.00335003 0.01998355 0.00330262
v -0.00474940 0.01968462 0.04974619
v -0.00375071 0.01990473 0.04924956
v -0.00700491 0.01900151 0.04999910
v -0.00524988 0.01957018 0.04974619
v -0.00551549 0.01950479 0.04974619
v -0.00766220 0.01866112 0.05003588
v -0.00766220 0.01428105 0.00330262
v -0.00337404 0.01997946 0.00330262
v -0.00341081 0.01997246 0.00330262
v -0.00379873 0.01989422 0.00330262
v -0.00474940 0.01968462 0.00330262
v -0.00375071 0.01990473 0.00330262
v -0.00700791 0.01900267 0.04974619
v -0.00725777 0.01891276 0.04974619
v -0.00766220 0.01875103 0.04974619
v -0.00524988 0.01957018 0.00330262
v -0.00551549 0.01950479 0.00330262
v -0.00574134 0.01942889 0.00330262
v -0.00766220 0.01875395 0.00330262
v -0.00725777 0.01891568 0.04924956
v -0.00700791 0.01900267 0.00330262
v -0.00723376 0.01892444 0.00330262
v -0.00766220 0.01875162 0.04965882
v -0.00766220 0.01875395 0.04924956
v -0.00730504 0.01889700 0.00330262
v -0.00725777 0.01891568 0.00330262
f 2129 2130 2137
f 2129 2137 2145
f 2129 2145 2159
f 2129 2159 2177
f 2129 2177 2189
f 2129 2189 2178
f 2129 2178 2160
f 2129 2160 2148
f 2129 2148 2147
f 2129 2147 2138
f 2129 2138 2131
f 2129 2131 2132
f 2129 2132 2133
f 2129 2133 2143
f 2129 2143 2156
f 2129 2156 2157
f 2129 2157 2144
f 2129 2144 2134
f 2129 2134 2130
f 2130 2134 2135
f 2130 2135 2136
f 2130 2136 2137
f 2131 2138 2132
f 2132 2138 2139
f 2132 2139 2140
f 2132 2140 2141
f 2132 2141 2142
f 2132 2142 2133
f 2133 2142 2143
f 2134 2144 2135
f 2135 2144 2157
f 2135 2157 2175
f 2135 2175 2174
f 2135 2174 2186
f 2135 2186 2199
f 2135 2199 2208
f 2135 2208 2216
f 2135 2216 2217
f 2135 2217 2212
f 2135 2212 2200
f 2135 2200 2187
f 2135 2187 2176
f 2135 2176 2158
f 2135 2158 2146
f 2135 2146 2136
f 2136 2145 2137
f 2136 2146 2145
f 2138 2147 2139
f 2139 2147 2148
f 2139 2148 2149
f 2139 2149 2140
f 2140 2150 2151
f 2140 2151 2141
f 2140 2149 2152
f 2140 2152 2153
f 2140 2153 2150
f 2141 2151 2142
f 2142 2151 2154
f 2142 2154 2155
f 2142 2155 2143
f 2143 2155 2156
f 2145 2146 2158
f 2145 2158 2159
f 2148 2160 2149
f 2149 2160 2178
f 2149 2178 2161
f 2149 2161 2162
f 2149 2162 2152
f 2150 2163 2164
f 2150 2164 2154
f 2150 2154 2151
f 2150 2153 2163
f 2152 2165 2166
f 2152 2166 2167
f 2152 2167 2168
f 2152 2168 2153
f 2152 2162 2169
f 2152 2169 2170
f 2152 2170 2165
f 2153 2168 2164
f 2153 2164 2163
f 2154 2164 2171
f 2154 2171 2172
f 2154 2172 2155
f 2155 2173 2174
f 2155 2174 2175
f 2155 2175 2156
f 2155 2172 2173
f 2156 2175 2157
f 2158 2176 2177
f 2158 2177 2159
f 2161 2178 2189
f 2161 2189 2188
f 2161 2188 2200
f 2161 2200 2212
f 2161 2212 2218
f 2161 2218 2219
f 2161 2219 2215
f 2161 2215 2214
f 2161 2214 2211
f 2161 2211 2210
f 2161 2210 2209
f 2161 2209 2204
f 2161 2204 2203
f 2161 2203 2205
f 2161 2205 2202
f 2161 2202 2201
f 2161 2201 2193
f 2161 2193 2192
f 2161 2192 2190
f 2161 2190 2180
f 2161 2180 2170
f 2161 2170 2169
f 2161 2169 2162
f 2164 2168 2167
f 2164 2167 2171
f 2165 2179 2166
f 2165 2170 2180
f 2165 2180 2190
f 2165 2190 2179
f 2166 2179 2181
f 2166 2181 2182
f 2166 2182 2183
f 2166 2183 2184
f 2166 2184 2171
f 2166 2171 2167
f 2171 2184 2172
f 2172 2184 2183
f 2172 2183 2185
f 2172 2185 2186
f 2172 2186 2174
f 2172 2174 2173
f 2176 2187 2177
f 2177 2187 2188
f 2177 2188 2189
f 2179 2190 2192
f 2179 2192 2181
f 2181 2191 2182
f 2181 2192 2193
f 2181 2193 2191
f 2182 2194 2183
f 2182 2191 2195
f 2182 2195 2194
f 2183 2196 2185
f 2183 2194 2197
f 2183 2197 2198
f 2183 2198 2196
f 2185 2196 2186
f 2186 2196 2199
f 2187 2200 2188
f 2191 2193 2201
f 2191 2201 2202
f 2191 2202 2195
f 2194 2195 2203
f 2194 2203 2204
f 2194 2204 2209
f 2194 2209 2197
f 2195 2202 2205
f 2195 2205 2203
f 2196 2198 2206
f 2196 2206 2207
f 2196 2207 2208
f 2196 2208 2199
f 2197 2209 2210
f 2197 2210 2198
f 2198 2210 2211
f 2198 2211 2206
f 2206 2213 2207
f 2206 2211 2214
f 2206 2214 2215
f 2206 2215 2213
f 2207 2213 2216
f 2207 2216 2208
f 2212 2217 2218
f 2213 2217 2216
f 2213 2215 2219
f 2213 2219 2218
f 2213 2218 2217

o geometry_12
v 0.01152749 -0.01297276 0.05027043
v 0.01152749 -0.01575070 0.05027043
v 0.01152749 -0.01273737 0.05022473
v 0.00000321 -0.01724930 0.05027043
v 0.01024940 -0.01674950 0.05027043
v 0.01152749 -0.01597319 0.05026129
v 0.01152749 -0.01241492 0.05016074
v 0.01152749 -0.01230367 0.05012418
v 0.00000321 -0.01704938 0.05020187
v 0.00000321 -0.01949600 0.05027043
v 0.00824935 -0.01774991 0.05027043
v 0.00874908 -0.01774991 0.05024758
v 0.00974967 -0.01724930 0.05023844
v 0.01124999 -0.01624970 0.05025215
v 0.01152749 -0.01625615 0.05019274
v 0.00000321 -0.01685510 0.05013332
v 0.01152749 -0.01210537 0.04979969
v 0.00000321 -0.01974993 0.05026586
v 0.00075112 -0.01974993 0.05026586
v 0.00375063 -0.01924932 0.05027043
v 0.00724988 -0.01824971 0.05027043
v 0.00774961 -0.01824971 0.05023844
v 0.00874908 -0.01812396 0.05011047
v 0.00926122 -0.01777732 0.05014246
v 0.00974967 -0.01762415 0.05010133
v 0.01023586 -0.01726139 0.05013332
v 0.01074913 -0.01674950 0.05020645
v 0.01152749 -0.01645526 0.05012418
v 0.01152749 -0.01208441 0.04974941
v 0.00000321 -0.01670678 0.04974941
v 0.00000321 -0.02012236 0.05012875
v 0.00075112 -0.02012236 0.05012875
v 0.00125085 -0.01974993 0.05025672
v 0.00425036 -0.01924932 0.05026586
v 0.00575069 -0.01874952 0.05027043
v 0.00624929 -0.01874952 0.05025672
v 0.00624929 -0.01912437 0.05011961
v 0.00774961 -0.01860602 0.05010133
v 0.00910329 -0.01804737 0.05005563
v 0.01006101 -0.01753629 0.05004191
v 0.01074913 -0.01707921 0.05006934
v 0.01120261 -0.01673741 0.05009219
v 0.01152749 -0.01658747 0.05006477
v 0.00000321 -0.01670355 0.04924668
v 0.01152749 -0.01201024 0.00358922
v 0.00000321 -0.02024489 0.04974941
v 0.00075112 -0.02024489 0.04974941
v 0.00125085 -0.02011188 0.05011961
v 0.00175058 -0.01974993 0.05023844
v 0.00475010 -0.01924932 0.05024301
v 0.00475010 -0.01959193 0.05010590
v 0.00525096 -0.01953469 0.05004649
v 0.00551154 -0.01950325 0.05000535
v 0.00674902 -0.01904456 0.05005106
v 0.00700509 -0.01900103 0.05000078
v 0.00807562 -0.01853509 0.05004191
v 0.00915405 -0.01807156 0.04974941
v 0.00940448 -0.01794822 0.04974941
v 0.01100407 -0.01700263 0.05000078
v 0.00974967 -0.01775394 0.04974941
v 0.01152749 -0.01661004 0.05000992
v 0.00000321 -0.01664873 0.00358922
v 0.01152749 -0.01666002 0.00358922
v 0.00000321 -0.02024489 0.00358922
v 0.00125085 -0.02022313 0.04974941
v 0.00075112 -0.02024489 0.00358922
v 0.00106810 -0.02023119 0.00358922
v 0.00175058 -0.02008689 0.05010133
v 0.00225031 -0.01974993 0.05021559
v 0.00425036 -0.01964110 0.05012875
v 0.00275004 -0.02003288 0.05004649
v 0.00308282 -0.02001273 0.05001906
v 0.00337499 -0.01997403 0.04974941
v 0.00475010 -0.01968463 0.04974941
v 0.00525096 -0.01957016 0.04974941
v 0.00551718 -0.01950486 0.04974941
v 0.00700735 -0.01900264 0.04974941
v 0.00725778 -0.01891236 0.04974941
v 0.00774961 -0.01871566 0.04974941
v 0.00811398 -0.01855282 0.04974941
v 0.00940448 -0.01795386 0.04924668
v 0.00902094 -0.01813363 0.00358922
v 0.00915405 -0.01807156 0.00358922
v 0.01009147 -0.01755483 0.04974941
v 0.01034190 -0.01740489 0.04974941
v 0.01100746 -0.01700424 0.04974941
v 0.01125676 -0.01684382 0.04974941
v 0.01152749 -0.01666002 0.04974941
v 0.00974967 -0.01775878 0.04924668
v 0.01124886 -0.01684946 0.00358922
v 0.00175058 -0.02017395 0.04974941
v 0.00225031 -0.02005948 0.05007848
v 0.00125085 -0.02022313 0.00358922
v 0.00158475 -0.02019088 0.00358922
v 0.00275004 -0.01974993 0.05018359
v 0.00275004 -0.02006593 0.04974941
v 0.00312456 -0.02001918 0.04974941
v 0.00337499 -0.01997968 0.04924668
v 0.00375063 -0.01990471 0.04924668
v 0.00456735 -0.01972494 0.00358922
v 0.00475010 -0.01968463 0.00358922
v 0.00506821 -0.01961208 0.00358922
v 0.00525096 -0.01957016 0.00358922
v 0.00542919 -0.01952663 0.00358922
v 0.00551718 -0.01950486 0.00358922
v 0.00559953 -0.01947746 0.00358922
v 0.00725778 -0.01891558 0.04924668
v 0.00658433 -0.01914533 0.00358922
v 0.00700735 -0.01900264 0.00358922
v 0.00724875 -0.01891880 0.00358922
v 0.00774961 -0.01871888 0.04924668
v 0.00811398 -0.01855282 0.00358922
v 0.00940448 -0.01795386 0.00358922
v 0.00962332 -0.01783052 0.00358922
v 0.00997866 -0.01762254 0.00358922
v 0.01017382 -0.01750565 0.00358922
v 0.01034190 -0.01740489 0.00358922
v 0.01100746 -0.01700424 0.00358922
v 0.00974967 -0.01775878 0.00358922
v 0.00175058 -0.02017395 0.00358922
v 0.00206756 -0.02014010 0.00358922
v 0.00275004 -0.02006593 0.00358922
v 0.00312456 -0.02001918 0.00358922
v 0.00320691 -0.02000628 0.00358922
v 0.00336596 -0.01998129 0.00358922
v 0.00337499 -0.01997968 0.00358922
v 0.00362655 -0.01992970 0.00358922
v 0.00375063 -0.01990471 0.00358922
v 0.00725778 -0.01891558 0.00358922
v 0.00758717 -0.01878418 0.00358922
v 0.00774961 -0.01871888 0.00358922
f 2220 2221 2225
f 2220 2225 2234
f 2220 2234 2247
f 2220 2247 2262
f 2220 2262 2280
f 2220 2280 2307
f 2220 2307 2282
f 2220 2282 2264
f 2220 2264 2248
f 2220 2248 2236
f 2220 2236 2227
f 2220 2227 2226
f 2220 2226 2222
f 2220 2222 2223
f 2220 2223 2229
f 2220 2229 2239
f 2220 2239 2254
f 2220 2254 2240
f 2220 2240 2230
f 2220 2230 2224
f 2220 2224 2221
f 2221 2224 2225
f 2222 2226 2223
f 2223 2226 2227
f 2223 2227 2228
f 2223 2228 2235
f 2223 2235 2249
f 2223 2249 2263
f 2223 2263 2281
f 2223 2281 2283
f 2223 2283 2265
f 2223 2265 2250
f 2223 2250 2237
f 2223 2237 2229
f 2224 2230 2231
f 2224 2231 2232
f 2224 2232 2233
f 2224 2233 2225
f 2225 2233 2234
f 2227 2235 2228
f 2227 2236 2235
f 2229 2237 2238
f 2229 2238 2239
f 2230 2240 2231
f 2231 2241 2242
f 2231 2242 2243
f 2231 2243 2232
f 2231 2240 2241
f 2232 2243 2244
f 2232 2244 2245
f 2232 2245 2246
f 2232 2246 2233
f 2233 2246 2234
f 2234 2246 2247
f 2235 2236 2248
f 2235 2248 2249
f 2237 2250 2251
f 2237 2251 2238
f 2238 2251 2252
f 2238 2252 2253
f 2238 2253 2239
f 2239 2253 2254
f 2240 2254 2255
f 2240 2255 2241
f 2241 2255 2256
f 2241 2256 2257
f 2241 2257 2242
f 2242 2257 2258
f 2242 2258 2244
f 2242 2244 2243
f 2244 2258 2259
f 2244 2259 2260
f 2244 2260 2245
f 2245 2260 2261
f 2245 2261 2247
f 2245 2247 2246
f 2247 2261 2262
f 2248 2263 2249
f 2248 2264 2263
f 2250 2265 2266
f 2250 2266 2251
f 2251 2266 2267
f 2251 2267 2252
f 2252 2268 2253
f 2252 2267 2268
f 2253 2268 2288
f 2253 2288 2269
f 2253 2269 2255
f 2253 2255 2254
f 2255 2269 2256
f 2256 2270 2271
f 2256 2271 2272
f 2256 2272 2273
f 2256 2273 2257
f 2256 2269 2270
f 2257 2273 2274
f 2257 2274 2275
f 2257 2275 2258
f 2258 2275 2276
f 2258 2276 2277
f 2258 2277 2259
f 2259 2278 2260
f 2259 2277 2279
f 2259 2279 2278
f 2260 2278 2262
f 2260 2262 2261
f 2262 2278 2280
f 2263 2264 2281
f 2264 2282 2309
f 2264 2309 2337
f 2264 2337 2336
f 2264 2336 2335
f 2264 2335 2334
f 2264 2334 2338
f 2264 2338 2333
f 2264 2333 2332
f 2264 2332 2302
f 2264 2302 2301
f 2264 2301 2331
f 2264 2331 2350
f 2264 2350 2349
f 2264 2349 2348
f 2264 2348 2329
f 2264 2329 2328
f 2264 2328 2327
f 2264 2327 2325
f 2264 2325 2324
f 2264 2324 2323
f 2264 2323 2322
f 2264 2322 2321
f 2264 2321 2320
f 2264 2320 2319
f 2264 2319 2347
f 2264 2347 2346
f 2264 2346 2345
f 2264 2345 2344
f 2264 2344 2343
f 2264 2343 2342
f 2264 2342 2341
f 2264 2341 2340
f 2264 2340 2339
f 2264 2339 2313
f 2264 2313 2312
f 2264 2312 2286
f 2264 2286 2285
f 2264 2285 2283
f 2264 2283 2281
f 2265 2283 2285
f 2265 2285 2266
f 2266 2284 2267
f 2266 2285 2286
f 2266 2286 2284
f 2267 2287 2288
f 2267 2288 2268
f 2267 2284 2287
f 2269 2288 2289
f 2269 2289 2270
f 2270 2289 2290
f 2270 2290 2291
f 2270 2291 2271
f 2271 2291 2272
f 2272 2274 2273
f 2272 2291 2292
f 2272 2292 2293
f 2272 2293 2294
f 2272 2294 2295
f 2272 2295 2274
f 2274 2295 2296
f 2274 2296 2297
f 2274 2297 2298
f 2274 2298 2275
f 2275 2298 2299
f 2275 2299 2276
f 2276 2300 2277
f 2276 2299 2301
f 2276 2301 2302
f 2276 2302 2332
f 2276 2332 2300
f 2277 2300 2279
f 2278 2279 2303
f 2278 2303 2304
f 2278 2304 2305
f 2278 2305 2306
f 2278 2306 2307
f 2278 2307 2280
f 2279 2300 2308
f 2279 2308 2303
f 2282 2307 2309
f 2284 2310 2291
f 2284 2291 2290
f 2284 2290 2311
f 2284 2311 2287
f 2284 2286 2312
f 2284 2312 2313
f 2284 2313 2310
f 2287 2289 2314
f 2287 2314 2288
f 2287 2311 2289
f 2288 2314 2289
f 2289 2311 2290
f 2291 2310 2315
f 2291 2315 2316
f 2291 2316 2292
f 2292 2316 2317
f 2292 2317 2318
f 2292 2318 2293
f 2293 2318 2319
f 2293 2319 2320
f 2293 2320 2321
f 2293 2321 2294
f 2294 2321 2322
f 2294 2322 2323
f 2294 2323 2295
f 2295 2323 2324
f 2295 2324 2325
f 2295 2325 2296
f 2296 2326 2297
f 2296 2325 2327
f 2296 2327 2328
f 2296 2328 2329
f 2296 2329 2326
f 2297 2326 2330
f 2297 2330 2298
f 2298 2330 2299
f 2299 2330 2350
f 2299 2350 2331
f 2299 2331 2301
f 2300 2332 2333
f 2300 2333 2308
f 2303 2308 2334
f 2303 2334 2304
f 2304 2334 2335
f 2304 2335 2336
f 2304 2336 2337
f 2304 2337 2305
f 2305 2337 2309
f 2305 2309 2306
f 2306 2309 2307
f 2308 2333 2338
f 2308 2338 2334
f 2310 2313 2339
f 2310 2339 2340
f 2310 2340 2315
f 2315 2340 2341
f 2315 2341 2342
f 2315 2342 2316
f 2316 2342 2343
f 2316 2343 2344
f 2316 2344 2317
f 2317 2344 2345
f 2317 2345 2346
f 2317 2346 2318
f 2318 2346 2347
f 2318 2347 2319
f 2326 2329 2348
f 2326 2348 2349
f 2326 2349 2330
f 2330 2349 2350

