# https://github.com/mikedh/trimesh

o geometry_0
v 0.02024570 0.00329768 0.00074970
v 0.02022588 0.00329768 0.00120190
v 0.02024570 0.00025062 0.00074970
v 0.02024570 0.00329768 -0.00074970
v 0.02022192 0.00329768 0.00124949
v 0.02022192 0.00025062 0.00124949
v 0.02011094 -0.00012287 0.00124949
v 0.02012283 -0.00012987 0.00074970
v 0.02024570 0.00025062 -0.00074970
v 0.02022192 0.00329768 -0.00124949
v 0.02017436 0.00329768 0.00174929
v 0.02017436 0.00025062 0.00174929
v 0.02001185 -0.00001971 0.00308209
v 0.02003167 -0.00004769 0.00274889
v 0.02005941 -0.00007986 0.00224909
v 0.02008716 -0.00010504 0.00174929
v 0.01974629 -0.00026031 0.00124949
v 0.01974629 -0.00021730 0.00224909
v 0.01974629 -0.00024248 0.00174929
v 0.01974629 -0.00026731 0.00074970
v 0.01993258 -0.00019946 0.00000000
v 0.02012283 -0.00012987 -0.00074970
v 0.02011094 -0.00012287 -0.00124949
v 0.02022192 0.00025062 -0.00124949
v 0.02021796 0.00329768 -0.00129709
v 0.02006338 0.00329768 0.00274889
v 0.02006338 0.00025062 0.00274889
v 0.02001581 0.00025062 0.00312175
v 0.01996825 0.00025062 0.00337165
v 0.01968288 0.00025062 0.00474808
v 0.01950056 -0.00000502 0.00550968
v 0.01953226 -0.00004629 0.00524788
v 0.01959172 -0.00010539 0.00474808
v 0.01963928 -0.00013162 0.00424828
v 0.01974629 -0.00018513 0.00274889
v 0.01924689 -0.00026941 0.00424828
v 0.01924689 -0.00024283 0.00474808
v 0.01924689 -0.00027465 0.00374848
v 0.01974629 -0.00026731 -0.00074970
v 0.01974629 -0.00026031 -0.00124949
v 0.01974629 -0.00024248 -0.00174929
v 0.01974629 -0.00021730 -0.00224909
v 0.02008716 -0.00010504 -0.00174929
v 0.02005941 -0.00007986 -0.00224909
v 0.02003167 -0.00004769 -0.00274889
v 0.02001185 -0.00001971 -0.00308209
v 0.02017436 0.00025062 -0.00174929
v 0.02017436 0.00329768 -0.00174929
v 0.02002374 0.00329768 0.00308605
v 0.01997618 0.00075036 0.00337165
v 0.01990087 0.00075036 0.00374848
v 0.01969477 0.00329768 0.00470048
v 0.01956794 0.00025062 0.00524788
v 0.01950452 0.00025062 0.00551364
v 0.01900115 -0.00000222 0.00700511
v 0.01904475 -0.00005293 0.00674727
v 0.01912006 -0.00011938 0.00624747
v 0.01874749 -0.00025717 0.00624747
v 0.01874749 -0.00027465 0.00574768
v 0.01924689 -0.00027465 -0.00374848
v 0.01924689 -0.00026941 -0.00424828
v 0.01974629 -0.00018513 -0.00274889
v 0.01924689 -0.00024283 -0.00474808
v 0.01963928 -0.00013162 -0.00424828
v 0.01959172 -0.00010539 -0.00474808
v 0.01996825 0.00025062 -0.00337165
v 0.02001581 0.00025062 -0.00312175
v 0.02006338 0.00025062 -0.00274889
v 0.01953226 -0.00004629 -0.00524788
v 0.01950056 -0.00000502 -0.00550968
v 0.01968288 0.00025062 -0.00474808
v 0.02011490 0.00329768 -0.00229669
v 0.01997618 0.00329768 0.00337165
v 0.01990087 0.00329768 0.00374848
v 0.01950452 0.00329768 0.00551364
v 0.01942921 0.00329768 0.00573974
v 0.01900115 0.00329768 0.00700511
v 0.01891395 0.00075036 0.00725500
v 0.01890999 0.00025062 0.00725500
v 0.01871578 0.00025062 0.00775084
v 0.01852949 -0.00004524 0.00807610
v 0.01860480 -0.00010259 0.00775084
v 0.01824808 -0.00024003 0.00775084
v 0.01824808 -0.00027465 0.00724707
v 0.01874749 -0.00027465 -0.00575164
v 0.01874749 -0.00025717 -0.00625144
v 0.01912006 -0.00011938 -0.00625144
v 0.01997618 0.00075036 -0.00337165
v 0.01990087 0.00075036 -0.00374848
v 0.02001581 0.00329768 -0.00312175
v 0.02005941 0.00329768 -0.00278459
v 0.01904475 -0.00005293 -0.00675124
v 0.01950452 0.00025062 -0.00551761
v 0.01956794 0.00025062 -0.00524788
v 0.01900115 -0.00000222 -0.00700511
v 0.01956397 0.00329768 -0.00527565
v 0.01968288 0.00329768 -0.00474808
v 0.01891395 0.00329768 0.00725500
v 0.01871578 0.00329768 0.00775084
v 0.01844626 0.00329768 0.00834187
v 0.01854931 0.00025062 0.00811577
v 0.01806972 0.00025062 0.00915503
v 0.01804198 -0.00005713 0.00910346
v 0.01812125 -0.00011168 0.00875043
v 0.01774868 -0.00024912 0.00875043
v 0.01724927 -0.00027465 0.00925023
v 0.01824808 -0.00027465 -0.00725104
v 0.01824808 -0.00024003 -0.00774687
v 0.01860480 -0.00010259 -0.00774687
v 0.01996825 0.00329768 -0.00341132
v 0.01990087 0.00329768 -0.00374848
v 0.01949659 0.00329768 -0.00554141
v 0.01950452 0.00329768 -0.00551761
v 0.01900115 0.00025062 -0.00700907
v 0.01908042 0.00329768 -0.00677504
v 0.01852949 -0.00004524 -0.00807610
v 0.01871578 0.00025062 -0.00774687
v 0.01890999 0.00025062 -0.00725897
v 0.01891395 0.00075036 -0.00725897
v 0.01808954 0.00329768 0.00911536
v 0.01795082 0.00075036 0.00940493
v 0.01794289 0.00025062 0.00940493
v 0.01753465 -0.00004454 0.01005943
v 0.01761788 -0.00010189 0.00975003
v 0.01777642 -0.00014421 0.00926213
v 0.01724927 -0.00023968 0.00975003
v 0.01674987 -0.00027325 0.01024586
v 0.01524373 -0.00027465 0.01224902
v 0.01724927 -0.00027465 -0.00925023
v 0.01774868 -0.00024912 -0.00874646
v 0.01812125 -0.00011168 -0.00874646
v 0.01804198 -0.00005713 -0.00910346
v 0.01891395 0.00329768 -0.00725897
v 0.01806972 0.00025062 -0.00915503
v 0.01854931 0.00025062 -0.00811180
v 0.01871578 0.00329768 -0.00774687
v 0.01854138 0.00329768 -0.00813560
v 0.01796271 0.00329768 0.00938113
v 0.01795082 0.00329768 0.00940493
v 0.01777642 0.00329768 0.00971829
v 0.01775660 0.00075036 0.00975003
v 0.01774868 0.00025062 0.00975003
v 0.01755446 0.00025062 0.01009116
v 0.01699957 -0.00000397 0.01100349
v 0.01707884 -0.00007042 0.01074566
v 0.01726116 -0.00013582 0.01023396
v 0.01674987 -0.00020786 0.01074566
v 0.01624650 -0.00025402 0.01124942
v 0.01574710 -0.00027080 0.01174922
v 0.01374551 -0.00024388 0.01424821
v 0.01224730 -0.00027465 0.01524781
v 0.01524373 -0.00027465 -0.01224505
v 0.01674987 -0.00027325 -0.01024586
v 0.01724927 -0.00023968 -0.00975003
v 0.01777642 -0.00014421 -0.00926213
v 0.01761788 -0.00010189 -0.00975003
v 0.01794289 0.00025062 -0.00940493
v 0.01753465 -0.00004454 -0.01005943
v 0.01795082 0.00075036 -0.00940493
v 0.01806972 0.00329768 -0.00915503
v 0.01755446 0.00329768 0.01009116
v 0.01701939 0.00329768 0.01097969
v 0.01685688 0.00329768 0.01122959
v 0.01683707 0.00025062 0.01125339
v 0.01659133 0.00025062 0.01162229
v 0.01550928 -0.00002006 0.01301855
v 0.01655962 -0.00006377 0.01157865
v 0.01673401 -0.00009560 0.01120182
v 0.01625839 -0.00014526 0.01174525
v 0.01524373 -0.00022115 0.01274882
v 0.01474829 -0.00023234 0.01324861
v 0.01424888 -0.00023828 0.01374841
v 0.01422907 -0.00011099 0.01422441
v 0.01372173 -0.00010679 0.01472817
v 0.01324611 -0.00023304 0.01474801
v 0.01174790 -0.00027360 0.01574760
v 0.01024968 -0.00027465 0.01674720
v 0.01574710 -0.00027080 -0.01174525
v 0.01424888 -0.00027465 -0.01324861
v 0.01374551 -0.00024388 -0.01424821
v 0.01624650 -0.00025402 -0.01124545
v 0.01674987 -0.00020786 -0.01074566
v 0.01726116 -0.00013582 -0.01023396
v 0.01707884 -0.00007042 -0.01074566
v 0.01774868 0.00025062 -0.00975003
v 0.01755446 0.00025062 -0.01009116
v 0.01699957 -0.00000397 -0.01100349
v 0.01795082 0.00329768 -0.00940493
v 0.01775660 0.00075036 -0.00975003
v 0.01793496 0.00329768 -0.00943666
v 0.01659133 0.00329768 0.01162229
v 0.01642089 0.00329768 0.01184838
v 0.01615138 0.00025062 0.01220142
v 0.01560837 -0.00008371 0.01274882
v 0.01609589 -0.00008650 0.01213398
v 0.01552117 0.00025062 0.01302648
v 0.01529922 0.00025062 0.01327638
v 0.01481170 0.00025062 0.01379998
v 0.01502970 -0.00003510 0.01353025
v 0.01521202 -0.00008825 0.01320895
v 0.01472054 -0.00010189 0.01371668
v 0.01404278 -0.00005014 0.01454967
v 0.01453822 -0.00004279 0.01404194
v 0.01353545 -0.00003580 0.01502964
v 0.01214425 -0.00009000 0.01610460
v 0.01227901 -0.00016379 0.01578330
v 0.01274671 -0.00021240 0.01524781
v 0.01124849 -0.00025017 0.01624740
v 0.00974631 -0.00024108 0.01724700
v 0.00874751 -0.00024807 0.01774679
v 0.00724533 -0.00027465 0.01824659
v 0.01424888 -0.00023828 -0.01374841
v 0.01474829 -0.00023234 -0.01324861
v 0.01524373 -0.00022115 -0.01274485
v 0.01224730 -0.00027465 -0.01524781
v 0.01174790 -0.00027360 -0.01574760
v 0.01324611 -0.00023304 -0.01474801
v 0.01372173 -0.00010679 -0.01472817
v 0.01422907 -0.00011099 -0.01422441
v 0.01625839 -0.00014526 -0.01174525
v 0.01673401 -0.00009560 -0.01119785
v 0.01655962 -0.00006377 -0.01157865
v 0.01755446 0.00329768 -0.01009116
v 0.01699957 0.00329768 -0.01100349
v 0.01550928 -0.00002006 -0.01301458
v 0.01659133 0.00025062 -0.01162229
v 0.01683707 0.00025062 -0.01125339
v 0.01681725 0.00329768 -0.01128909
v 0.01775660 0.00329768 -0.00975003
v 0.01598094 0.00329768 0.01242752
v 0.01552117 0.00329768 0.01302648
v 0.01529922 0.00329768 0.01327638
v 0.01507330 0.00329768 0.01352231
v 0.01434797 0.00329768 0.01428788
v 0.01432419 0.00025062 0.01431168
v 0.01407052 0.00025062 0.01457347
v 0.01380497 0.00025062 0.01482337
v 0.01300830 -0.00000852 0.01550564
v 0.01157746 -0.00005888 0.01655283
v 0.01174790 -0.00014456 0.01626327
v 0.01074909 -0.00020646 0.01674720
v 0.01024176 -0.00013756 0.01726286
v 0.00874751 -0.00011064 0.01812759
v 0.00774870 -0.00024038 0.01824659
v 0.00624652 -0.00026171 0.01874639
v 0.00574712 -0.00027465 0.01874639
v 0.01560837 -0.00008371 -0.01274485
v 0.01472054 -0.00010189 -0.01371668
v 0.01521202 -0.00008825 -0.01320895
v 0.01024968 -0.00027465 -0.01674720
v 0.01124849 -0.00025017 -0.01624740
v 0.01274671 -0.00021240 -0.01524781
v 0.01227901 -0.00016379 -0.01578330
v 0.01214425 -0.00009000 -0.01610460
v 0.01353545 -0.00003580 -0.01502964
v 0.01404278 -0.00005014 -0.01454967
v 0.01453822 -0.00004279 -0.01404194
v 0.01609589 -0.00008650 -0.01213398
v 0.01502970 -0.00003510 -0.01353025
v 0.01529922 0.00025062 -0.01327638
v 0.01552117 0.00025062 -0.01302648
v 0.01615138 0.00025062 -0.01220142
v 0.01657547 0.00329768 -0.01164609
v 0.01409827 0.00329768 0.01454967
v 0.01380497 0.00329768 0.01482337
v 0.01357508 0.00329768 0.01502567
v 0.01355130 0.00025062 0.01504551
v 0.01301226 0.00025062 0.01550564
v 0.01246133 0.00025062 0.01596577
v 0.01221559 0.00025062 0.01616013
v 0.01099879 -0.00000048 0.01699710
v 0.01074909 -0.00006902 0.01708040
v 0.01006340 -0.00004664 0.01753260
v 0.00974631 -0.00010364 0.01761589
v 0.00908441 -0.00005608 0.01804429
v 0.00808560 -0.00004594 0.01853219
v 0.00774870 -0.00010294 0.01859962
v 0.00624652 -0.00012428 0.01912719
v 0.00674989 -0.00019492 0.01874639
v 0.00474434 -0.00024353 0.01924619
v 0.00424890 -0.00027185 0.01924619
v 0.00374950 -0.00027465 0.01924619
v 0.00724533 -0.00027465 -0.01824659
v 0.00874751 -0.00024807 -0.01774679
v 0.00974631 -0.00024108 -0.01724700
v 0.01074909 -0.00020646 -0.01674720
v 0.01174790 -0.00014456 -0.01626327
v 0.01300830 -0.00000852 -0.01550564
v 0.01157746 -0.00005888 -0.01655283
v 0.01380497 0.00025062 -0.01482337
v 0.01407052 0.00025062 -0.01457347
v 0.01432419 0.00025062 -0.01431168
v 0.01481170 0.00025062 -0.01379998
v 0.01529922 0.00329768 -0.01327638
v 0.01549739 0.00329768 -0.01305028
v 0.01571539 0.00329768 -0.01277262
v 0.01613552 0.00329768 -0.01222522
v 0.01249304 0.00329768 0.01594594
v 0.01246133 0.00075036 0.01596974
v 0.01221559 0.00329768 0.01616013
v 0.01190247 0.00329768 0.01638623
v 0.01186680 0.00025062 0.01641003
v 0.01074909 0.00025062 0.01716766
v 0.01035670 0.00025062 0.01741360
v 0.01010303 0.00025062 0.01755243
v 0.00913197 0.00025062 0.01806809
v 0.00874751 0.00025062 0.01826246
v 0.00838286 0.00025062 0.01844096
v 0.00699959 -0.00000187 0.01899629
v 0.00674989 -0.00005748 0.01904786
v 0.00514466 -0.00005328 0.01953575
v 0.00474434 -0.00010609 0.01959129
v 0.00424890 -0.00013442 0.01964682
v 0.00224732 -0.00022534 0.01974599
v 0.00174792 -0.00024562 0.01974599
v 0.00124851 -0.00025542 0.01974599
v 0.00074911 -0.00026381 0.01974599
v 0.00024970 -0.00027115 0.01974599
v -0.00374950 -0.00027465 0.01924619
v 0.00774870 -0.00024038 -0.01824659
v 0.00574712 -0.00027465 -0.01874639
v 0.00624652 -0.00026171 -0.01874639
v 0.00874751 -0.00011064 -0.01812759
v 0.01024176 -0.00013756 -0.01726286
v 0.01074909 -0.00006902 -0.01708040
v 0.01099879 -0.00000048 -0.01699710
v 0.01221559 0.00025062 -0.01616013
v 0.01246133 0.00025062 -0.01596577
v 0.01301226 0.00025062 -0.01550960
v 0.01355130 0.00025062 -0.01504551
v 0.01352752 0.00329768 -0.01506931
v 0.01380497 0.00329768 -0.01482337
v 0.01407052 0.00329768 -0.01457347
v 0.01429644 0.00329768 -0.01433944
v 0.01502177 0.00329768 -0.01357388
v 0.01077287 0.00329768 0.01715180
v 0.01074909 0.00329768 0.01716766
v 0.01035670 0.00075036 0.01741756
v 0.01012681 0.00329768 0.01754053
v 0.00913197 0.00329768 0.01806809
v 0.00874751 0.00075036 0.01827039
v 0.00838286 0.00075036 0.01844889
v 0.00812920 0.00025062 0.01854806
v 0.00674989 0.00025062 0.01909942
v 0.00624652 0.00025062 0.01926205
v 0.00774870 0.00025062 0.01870276
v 0.00521997 0.00025062 0.01955955
v 0.00474434 0.00025062 0.01969045
v 0.00424890 0.00025062 0.01980152
v 0.00304795 -0.00001236 0.02000382
v 0.00274672 -0.00004559 0.02002762
v 0.00224732 -0.00008790 0.02006332
v 0.00174792 -0.00010819 0.02008712
v 0.00074911 -0.00012637 0.02011489
v 0.00024970 -0.00013372 0.02012679
v -0.00024970 -0.00027115 0.01974599
v -0.00424890 -0.00027185 0.01924619
v -0.00574712 -0.00027465 0.01874639
v 0.00674989 -0.00019492 -0.01874639
v 0.00624652 -0.00012428 -0.01912719
v 0.00774870 -0.00010294 -0.01859962
v 0.00374950 -0.00027465 -0.01924619
v 0.00424890 -0.00027185 -0.01924619
v 0.00474434 -0.00024353 -0.01924619
v 0.00908441 -0.00005608 -0.01804429
v 0.00974631 -0.00010364 -0.01761589
v 0.00808560 -0.00004594 -0.01853219
v 0.01006340 -0.00004664 -0.01753656
v 0.01035670 0.00025062 -0.01741756
v 0.01074909 0.00025062 -0.01716766
v 0.01124849 0.00025062 -0.01683050
v 0.01186680 0.00025062 -0.01641003
v 0.01221559 0.00329768 -0.01616013
v 0.01246133 0.00075036 -0.01596974
v 0.01301226 0.00329768 -0.01550960
v 0.01035670 0.00329768 0.01741756
v 0.00874751 0.00329768 0.01827039
v 0.00838286 0.00329768 0.01844889
v 0.00815694 0.00329768 0.01854012
v 0.00674989 0.00329768 0.01909942
v 0.00629408 0.00329768 0.01925412
v 0.00624652 0.00075036 0.01926999
v 0.00699959 0.00329768 0.01900026
v 0.00574712 0.00075036 0.01941279
v 0.00521997 0.00329768 0.01955955
v 0.00474434 0.00329768 0.01969045
v 0.00429646 0.00329768 0.01979755
v 0.00424890 0.00075036 0.01980549
v 0.00374950 0.00075036 0.01989672
v 0.00307173 0.00025062 0.02000778
v 0.00274672 0.00025062 0.02005935
v 0.00224732 0.00025062 0.02013075
v 0.00174792 0.00025062 0.02017835
v 0.00024970 0.00025062 0.02026165
v -0.00024970 -0.00013372 0.02012679
v -0.00074911 -0.00026381 0.01974599
v -0.00474434 -0.00024353 0.01924619
v -0.00624652 -0.00026171 0.01874639
v -0.00124851 -0.00025542 0.01974599
v -0.00174792 -0.00024562 0.01974599
v -0.00224732 -0.00022534 0.01974599
v -0.00724533 -0.00027465 0.01824659
v 0.00474434 -0.00010609 -0.01959525
v 0.00514466 -0.00005328 -0.01953972
v 0.00674989 -0.00005748 -0.01904786
v -0.00374950 -0.00027465 -0.01924619
v 0.00024970 -0.00027115 -0.01974599
v 0.00074911 -0.00026381 -0.01974599
v 0.00124851 -0.00025542 -0.01974599
v 0.00174792 -0.00024562 -0.01974599
v 0.00224732 -0.00022534 -0.01974599
v 0.00424890 -0.00013442 -0.01964682
v 0.00838286 0.00025062 -0.01844493
v 0.00874751 0.00025062 -0.01826643
v 0.00913197 0.00025062 -0.01806809
v 0.00699959 -0.00000187 -0.01900026
v 0.01010303 0.00025062 -0.01755243
v 0.00974631 0.00075036 -0.01774283
v 0.01007132 0.00329768 -0.01757226
v 0.01035670 0.00329768 -0.01741756
v 0.01074909 0.00329768 -0.01716766
v 0.01186680 0.00329768 -0.01641003
v 0.01246133 0.00329768 -0.01596974
v 0.00624652 0.00329768 0.01926999
v 0.00574712 0.00329768 0.01941279
v 0.00374950 0.00329768 0.01989672
v 0.00307173 0.00329768 0.02000778
v 0.00277843 0.00329768 0.02005538
v 0.00229488 0.00329768 0.02012679
v 0.00174792 0.00329768 0.02017835
v 0.00024970 0.00329768 0.02026165
v -0.00024970 0.00025062 0.02026165
v -0.00074911 -0.00012637 0.02011489
v -0.00624652 -0.00012428 0.01912719
v -0.00424890 -0.00013442 0.01964682
v -0.00474434 -0.00010609 0.01959129
v -0.00674989 -0.00019492 0.01874639
v -0.00774870 -0.00024038 0.01824659
v -0.00174792 -0.00010819 0.02008712
v -0.00224732 -0.00008790 0.02006332
v -0.00874751 -0.00024807 0.01774679
v -0.01024968 -0.00027465 0.01674720
v 0.00224732 -0.00008790 -0.02006729
v 0.00274672 -0.00004559 -0.02003158
v 0.00304795 -0.00001236 -0.02000778
v 0.00424890 0.00025062 -0.01980152
v 0.00474434 0.00025062 -0.01969045
v 0.00521997 0.00025062 -0.01955955
v 0.00624652 0.00025062 -0.01926602
v -0.00574712 -0.00027465 -0.01874639
v -0.00424890 -0.00027185 -0.01924619
v -0.00024970 -0.00027115 -0.01974599
v 0.00024970 -0.00013372 -0.02013075
v 0.00124851 -0.00011798 -0.02010299
v 0.00174792 -0.00010819 -0.02008712
v 0.00812920 0.00025062 -0.01855202
v 0.00838286 0.00075036 -0.01844889
v 0.00874751 0.00075036 -0.01827039
v 0.00909630 0.00329768 -0.01808793
v 0.00674989 0.00025062 -0.01909942
v -0.00024970 0.00329768 0.02026165
v -0.00174792 0.00025062 0.02017835
v -0.00514466 -0.00005328 0.01953575
v -0.00674989 -0.00005748 0.01904786
v -0.00774870 -0.00010294 0.01859962
v -0.00274672 -0.00004559 0.02002762
v -0.00304795 -0.00001236 0.02000382
v -0.00874751 -0.00011064 0.01812759
v -0.00974631 -0.00024108 0.01724700
v -0.01124849 -0.00025017 0.01624740
v -0.01174790 -0.00027360 0.01574760
v -0.01224730 -0.00027465 0.01524781
v 0.00024970 0.00025062 -0.02026165
v 0.00174792 0.00025062 -0.02017835
v 0.00224732 0.00025062 -0.02013472
v 0.00274672 0.00025062 -0.02006332
v 0.00307173 0.00025062 -0.02001175
v 0.00374950 0.00075036 -0.01990069
v 0.00424890 0.00075036 -0.01980945
v 0.00474434 0.00329768 -0.01969045
v 0.00546967 0.00075036 -0.01949212
v 0.00624652 0.00075036 -0.01926999
v -0.00624652 -0.00026171 -0.01874639
v -0.00724533 -0.00027465 -0.01824659
v -0.00474434 -0.00024353 -0.01924619
v -0.00224732 -0.00022534 -0.01974599
v -0.00174792 -0.00024562 -0.01974599
v -0.00124851 -0.00025542 -0.01974599
v -0.00074911 -0.00026381 -0.01974599
v -0.00024970 -0.00013372 -0.02013075
v 0.00774870 0.00329768 -0.01870276
v 0.00838286 0.00329768 -0.01844889
v 0.00697977 0.00329768 -0.01900819
v 0.00874751 0.00329768 -0.01827039
v 0.00674989 0.00329768 -0.01909942
v -0.00174792 0.00329768 0.02017835
v -0.00219976 0.00329768 0.02013869
v -0.00224732 0.00025062 0.02013075
v -0.00424890 0.00025062 0.01980152
v -0.00474434 0.00025062 0.01969045
v -0.00521997 0.00025062 0.01955955
v -0.00624652 0.00025062 0.01926205
v -0.00699959 -0.00000187 0.01899629
v -0.00808560 -0.00004594 0.01853219
v -0.00274672 0.00025062 0.02005935
v -0.00307173 0.00025062 0.02000778
v -0.00908441 -0.00005608 0.01804429
v -0.00974631 -0.00010364 0.01761589
v -0.01024176 -0.00013756 0.01726286
v -0.01074909 -0.00020646 0.01674720
v -0.01174790 -0.00014456 0.01626327
v -0.01274671 -0.00021240 0.01524781
v -0.01324611 -0.00023304 0.01474801
v -0.01374551 -0.00024388 0.01424821
v -0.01524373 -0.00027465 0.01224902
v -0.00024970 0.00025062 -0.02026165
v 0.00024970 0.00329768 -0.02026165
v 0.00120095 0.00329768 -0.02021008
v 0.00174792 0.00329768 -0.02017835
v 0.00224732 0.00329768 -0.02013472
v 0.00269916 0.00329768 -0.02007125
v 0.00307173 0.00329768 -0.02001175
v 0.00374950 0.00329768 -0.01990069
v 0.00424890 0.00329768 -0.01980945
v 0.00546967 0.00329768 -0.01949212
v 0.00619499 0.00329768 -0.01928585
v 0.00624652 0.00329768 -0.01926999
v -0.00674989 -0.00019492 -0.01874639
v -0.00624652 -0.00012428 -0.01912719
v -0.00774870 -0.00024038 -0.01824659
v -0.01024968 -0.00027465 -0.01674720
v -0.00874751 -0.00024807 -0.01774679
v -0.00474434 -0.00010609 -0.01959525
v -0.00424890 -0.00013442 -0.01964682
v -0.00224732 -0.00008790 -0.02006729
v -0.00174792 -0.00010819 -0.02008712
v -0.00124851 -0.00011798 -0.02010299
v -0.00269916 0.00329768 0.02006729
v -0.00374950 0.00075036 0.01989672
v -0.00424890 0.00075036 0.01980549
v -0.00474434 0.00329768 0.01969045
v -0.00521997 0.00329768 0.01955955
v -0.00574712 0.00075036 0.01941279
v -0.00624652 0.00075036 0.01926999
v -0.00674989 0.00025062 0.01909942
v -0.00774870 0.00025062 0.01870276
v -0.00812920 0.00025062 0.01854806
v -0.00838286 0.00025062 0.01844096
v -0.00307173 0.00329768 0.02000778
v -0.00913197 0.00025062 0.01806809
v -0.01006340 -0.00004664 0.01753260
v -0.00874751 0.00025062 0.01826246
v -0.01074909 -0.00006902 0.01708040
v -0.01214425 -0.00009000 0.01610460
v -0.01227901 -0.00016379 0.01578330
v -0.01157746 -0.00005888 0.01655283
v -0.01372173 -0.00010679 0.01472817
v -0.01422907 -0.00011099 0.01422441
v -0.01424888 -0.00023828 0.01374841
v -0.01574710 -0.00027080 0.01174922
v -0.01674987 -0.00027325 0.01024586
v -0.01724927 -0.00027465 0.00925023
v -0.00024970 0.00329768 -0.02026165
v -0.00174792 0.00025062 -0.02017835
v -0.00514466 -0.00005328 -0.01953972
v -0.00774870 -0.00010294 -0.01859962
v -0.00674989 -0.00005748 -0.01904786
v -0.00874751 -0.00011064 -0.01812759
v -0.00974631 -0.00024108 -0.01724700
v -0.01224730 -0.00027465 -0.01524781
v -0.01174790 -0.00027360 -0.01574760
v -0.01124849 -0.00025017 -0.01624740
v -0.00304795 -0.00001236 -0.02000778
v -0.00274672 -0.00004559 -0.02003158
v -0.00224732 0.00025062 -0.02013472
v -0.00419738 0.00329768 0.01981739
v -0.00374950 0.00329768 0.01989672
v -0.00424890 0.00329768 0.01980549
v -0.00574712 0.00329768 0.01941279
v -0.00624652 0.00329768 0.01926999
v -0.00674989 0.00329768 0.01909942
v -0.00770113 0.00329768 0.01872259
v -0.00838286 0.00075036 0.01844889
v -0.00971461 0.00329768 0.01776266
v -0.01010303 0.00025062 0.01755243
v -0.00874751 0.00075036 0.01827039
v -0.01035670 0.00025062 0.01741360
v -0.01099879 -0.00000048 0.01699710
v -0.01300830 -0.00000852 0.01550564
v -0.01353545 -0.00003580 0.01502964
v -0.01404278 -0.00005014 0.01454967
v -0.01453822 -0.00004279 0.01404194
v -0.01472054 -0.00010189 0.01371668
v -0.01524373 -0.00022115 0.01274882
v -0.01474829 -0.00023234 0.01324861
v -0.01624650 -0.00025402 0.01124942
v -0.01724927 -0.00023968 0.00975003
v -0.01774868 -0.00024912 0.00875043
v -0.01824808 -0.00027465 0.00724707
v -0.00174792 0.00329768 -0.02017835
v -0.00699959 -0.00000187 -0.01900026
v -0.00624652 0.00025062 -0.01926602
v -0.00521997 0.00025062 -0.01955955
v -0.00474434 0.00025062 -0.01969045
v -0.00424890 0.00025062 -0.01980152
v -0.00808560 -0.00004594 -0.01853219
v -0.01024176 -0.00013756 -0.01726286
v -0.00974631 -0.00010364 -0.01761589
v -0.00908441 -0.00005608 -0.01804429
v -0.01074909 -0.00020646 -0.01674720
v -0.01374551 -0.00024388 -0.01424821
v -0.01424888 -0.00027465 -0.01324861
v -0.01324611 -0.00023304 -0.01474801
v -0.01274671 -0.00021240 -0.01524781
v -0.01174790 -0.00014456 -0.01626327
v -0.00307173 0.00025062 -0.02001175
v -0.00274672 0.00025062 -0.02006332
v -0.00224732 0.00329768 -0.02013472
v -0.00277843 0.00329768 -0.02005935
v -0.00838286 0.00329768 0.01844889
v -0.00874751 0.00329768 0.01827039
v -0.01007132 0.00329768 0.01757226
v -0.01035670 0.00075036 0.01741756
v -0.01074909 0.00025062 0.01716766
v -0.01186680 0.00025062 0.01641003
v -0.01221559 0.00025062 0.01616013
v -0.01246133 0.00025062 0.01596577
v -0.01301226 0.00025062 0.01550564
v -0.01355130 0.00025062 0.01504551
v -0.01380497 0.00025062 0.01482337
v -0.01407052 0.00025062 0.01457347
v -0.01502970 -0.00003510 0.01353025
v -0.01432419 0.00025062 0.01431168
v -0.01521202 -0.00008825 0.01320895
v -0.01560837 -0.00008371 0.01274882
v -0.01625839 -0.00014526 0.01174525
v -0.01674987 -0.00020786 0.01074566
v -0.01777642 -0.00014421 0.00926213
v -0.01726116 -0.00013582 0.01023396
v -0.01812125 -0.00011168 0.00875043
v -0.01824808 -0.00024003 0.00775084
v -0.01874749 -0.00025717 0.00624747
v -0.01874749 -0.00027465 0.00574768
v -0.00702733 0.00329768 -0.01899232
v -0.00674989 0.00025062 -0.01909942
v -0.00838286 0.00025062 -0.01844493
v -0.00812920 0.00025062 -0.01855202
v -0.00624652 0.00075036 -0.01926999
v -0.00546967 0.00075036 -0.01949212
v -0.00474434 0.00329768 -0.01969045
v -0.00424890 0.00075036 -0.01980945
v -0.00374950 0.00075036 -0.01990069
v -0.01074909 -0.00006902 -0.01708040
v -0.01006340 -0.00004664 -0.01753656
v -0.00913197 0.00025062 -0.01806809
v -0.00874751 0.00025062 -0.01826643
v -0.01422907 -0.00011099 -0.01422441
v -0.01372173 -0.00010679 -0.01472817
v -0.01524373 -0.00027465 -0.01224505
v -0.01574710 -0.00027080 -0.01174525
v -0.01424888 -0.00023828 -0.01374841
v -0.01227901 -0.00016379 -0.01578330
v -0.01157746 -0.00005888 -0.01655283
v -0.01214425 -0.00009000 -0.01610460
v -0.00307173 0.00329768 -0.02001175
v -0.01035670 0.00329768 0.01741756
v -0.01074909 0.00329768 0.01716766
v -0.01186680 0.00329768 0.01641003
v -0.01221559 0.00329768 0.01616013
v -0.01244151 0.00329768 0.01598957
v -0.01246133 0.00075036 0.01596974
v -0.01323818 0.00329768 0.01531524
v -0.01352752 0.00329768 0.01506931
v -0.01380497 0.00329768 0.01482337
v -0.01407052 0.00329768 0.01457347
v -0.01481170 0.00025062 0.01379998
v -0.01550928 -0.00002006 0.01301855
v -0.01429644 0.00329768 0.01433944
v -0.01609589 -0.00008650 0.01213398
v -0.01655962 -0.00006377 0.01157865
v -0.01673401 -0.00009560 0.01120182
v -0.01761788 -0.00010189 0.00975003
v -0.01707884 -0.00007042 0.01074566
v -0.01804198 -0.00005713 0.00910346
v -0.01860480 -0.00010259 0.00775084
v -0.01912006 -0.00011938 0.00624747
v -0.01924689 -0.00024283 0.00474808
v -0.01924689 -0.00026941 0.00424828
v -0.01924689 -0.00027465 0.00374848
v -0.00815694 0.00329768 -0.01854012
v -0.00674989 0.00329768 -0.01909942
v -0.00629408 0.00329768 -0.01925412
v -0.00838286 0.00075036 -0.01844889
v -0.00838286 0.00329768 -0.01844889
v -0.00624652 0.00329768 -0.01926999
v -0.00546967 0.00329768 -0.01949212
v -0.00424890 0.00329768 -0.01980945
v -0.00374950 0.00329768 -0.01990069
v -0.01099879 -0.00000048 -0.01699710
v -0.01035670 0.00025062 -0.01741756
v -0.01010303 0.00025062 -0.01755243
v -0.00974631 0.00075036 -0.01774283
v -0.00915575 0.00329768 -0.01805619
v -0.00874751 0.00075036 -0.01827039
v -0.01474829 -0.00023234 -0.01324861
v -0.01524373 -0.00022115 -0.01274485
v -0.01472054 -0.00010189 -0.01371668
v -0.01453822 -0.00004279 -0.01404194
v -0.01404278 -0.00005014 -0.01454967
v -0.01353545 -0.00003580 -0.01502964
v -0.01724927 -0.00027465 -0.00925023
v -0.01674987 -0.00027325 -0.01024586
v -0.01624650 -0.00025402 -0.01124545
v -0.01300830 -0.00000852 -0.01550564
v -0.01502177 0.00329768 0.01357388
v -0.01529922 0.00329768 0.01327638
v -0.01529922 0.00025062 0.01327638
v -0.01552117 0.00025062 0.01302648
v -0.01615138 0.00025062 0.01220142
v -0.01659133 0.00025062 0.01162229
v -0.01699957 -0.00000397 0.01100349
v -0.01753465 -0.00004454 0.01005943
v -0.01794289 0.00025062 0.00940493
v -0.01806972 0.00025062 0.00915503
v -0.01852949 -0.00004524 0.00807610
v -0.01900115 -0.00000222 0.00700511
v -0.01904475 -0.00005293 0.00674727
v -0.01953226 -0.00004629 0.00524788
v -0.01959172 -0.00010539 0.00474808
v -0.01963928 -0.00013162 0.00424828
v -0.01974629 -0.00021730 0.00224909
v -0.01974629 -0.00024248 0.00174929
v -0.01974629 -0.00026031 0.00124949
v -0.01974629 -0.00026731 0.00074970
v -0.01924689 -0.00027465 -0.00374848
v -0.00874751 0.00329768 -0.01827039
v -0.01124849 0.00025062 -0.01683050
v -0.01074909 0.00025062 -0.01716766
v -0.01221559 0.00025062 -0.01616013
v -0.01186680 0.00025062 -0.01641003
v -0.01035670 0.00329768 -0.01741756
v -0.01012681 0.00329768 -0.01754053
v -0.01625839 -0.00014526 -0.01174525
v -0.01560837 -0.00008371 -0.01274485
v -0.01521202 -0.00008825 -0.01320895
v -0.01502970 -0.00003510 -0.01353025
v -0.01432419 0.00025062 -0.01431168
v -0.01407052 0.00025062 -0.01457347
v -0.01380497 0.00025062 -0.01482337
v -0.01774868 -0.00024912 -0.00874646
v -0.01824808 -0.00027465 -0.00725104
v -0.01724927 -0.00023968 -0.00975003
v -0.01674987 -0.00020786 -0.01074566
v -0.01301226 0.00025062 -0.01550960
v -0.01246133 0.00025062 -0.01596577
v -0.01355130 0.00025062 -0.01504551
v -0.01552117 0.00329768 0.01302648
v -0.01613552 0.00329768 0.01222522
v -0.01657547 0.00329768 0.01164609
v -0.01681725 0.00329768 0.01128909
v -0.01683707 0.00025062 0.01125339
v -0.01699957 0.00329768 0.01100349
v -0.01755446 0.00025062 0.01009116
v -0.01774868 0.00025062 0.00975003
v -0.01795082 0.00075036 0.00940493
v -0.01805783 0.00329768 0.00917883
v -0.01854138 0.00329768 0.00813957
v -0.01854931 0.00025062 0.00811577
v -0.01871578 0.00025062 0.00775084
v -0.01890999 0.00025062 0.00725500
v -0.01891395 0.00075036 0.00725500
v -0.01900115 0.00025062 0.00700511
v -0.01908042 0.00329768 0.00677107
v -0.01940543 0.00329768 0.00581114
v -0.01950452 0.00025062 0.00551364
v -0.01950056 -0.00000502 0.00550968
v -0.02001185 -0.00001971 0.00308209
v -0.02003167 -0.00004769 0.00274889
v -0.02005941 -0.00007986 0.00224909
v -0.02008716 -0.00010504 0.00174929
v -0.01974629 -0.00018513 0.00274889
v -0.02011094 -0.00012287 0.00124949
v -0.02012283 -0.00012987 0.00074970
v -0.01974629 -0.00026731 -0.00074970
v -0.01924689 -0.00026941 -0.00424828
v -0.01874749 -0.00027465 -0.00575164
v -0.01164088 0.00329768 -0.01656473
v -0.01077287 0.00329768 -0.01715180
v -0.01074909 0.00329768 -0.01716766
v -0.01246133 0.00075036 -0.01596974
v -0.01221559 0.00329768 -0.01616013
v -0.01190247 0.00329768 -0.01638623
v -0.01609589 -0.00008650 -0.01213398
v -0.01726116 -0.00013582 -0.01023396
v -0.01673401 -0.00009560 -0.01119785
v -0.01655962 -0.00006377 -0.01157865
v -0.01550928 -0.00002006 -0.01301458
v -0.01529922 0.00025062 -0.01327638
v -0.01481170 0.00025062 -0.01379998
v -0.01434797 0.00329768 -0.01428788
v -0.01407052 0.00329768 -0.01457347
v -0.01380497 0.00329768 -0.01482337
v -0.01357508 0.00329768 -0.01502567
v -0.01812125 -0.00011168 -0.00874646
v -0.01777642 -0.00014421 -0.00926213
v -0.01824808 -0.00024003 -0.00774687
v -0.01874749 -0.00025717 -0.00625144
v -0.01301226 0.00329768 -0.01550960
v -0.01755446 0.00329768 0.01009116
v -0.01775660 0.00075036 0.00975003
v -0.01793496 0.00329768 0.00943666
v -0.01871578 0.00329768 0.00775084
v -0.01891395 0.00329768 0.00725500
v -0.01950452 0.00329768 0.00551364
v -0.01956397 0.00329768 0.00527565
v -0.01956794 0.00025062 0.00524788
v -0.01968288 0.00025062 0.00474808
v -0.01996825 0.00025062 0.00337165
v -0.02001581 0.00025062 0.00312175
v -0.02006338 0.00025062 0.00274889
v -0.02017436 0.00025062 0.00174929
v -0.02022192 0.00025062 0.00124949
v -0.02024570 0.00025062 0.00074970
v -0.02012283 -0.00012987 -0.00074970
v -0.01974629 -0.00026031 -0.00124949
v -0.01924689 -0.00024283 -0.00474808
v -0.01974629 -0.00024248 -0.00174929
v -0.01974629 -0.00021730 -0.00224909
v -0.01246133 0.00329768 -0.01596974
v -0.01707884 -0.00007042 -0.01074566
v -0.01761788 -0.00010189 -0.00975003
v -0.01699957 -0.00000397 -0.01100349
v -0.01552117 0.00025062 -0.01302648
v -0.01659133 0.00025062 -0.01162229
v -0.01615138 0.00025062 -0.01220142
v -0.01529922 0.00329768 -0.01327638
v -0.01507330 0.00329768 -0.01352231
v -0.01804198 -0.00005713 -0.00910346
v -0.01860480 -0.00010259 -0.00774687
v -0.01912006 -0.00011938 -0.00625144
v -0.01775660 0.00329768 0.00975003
v -0.01968288 0.00329768 0.00474808
v -0.01990087 0.00075036 0.00374848
v -0.01997618 0.00075036 0.00337165
v -0.02001581 0.00329768 0.00312175
v -0.02005941 0.00329768 0.00278459
v -0.02011490 0.00329768 0.00229669
v -0.02017436 0.00329768 0.00174929
v -0.02021796 0.00329768 0.00129709
v -0.02022192 0.00329768 0.00124949
v -0.02024570 0.00329768 0.00074970
v -0.02024570 0.00025062 -0.00074970
v -0.02011094 -0.00012287 -0.00124949
v -0.01963928 -0.00013162 -0.00424828
v -0.01959172 -0.00010539 -0.00474808
v -0.02008716 -0.00010504 -0.00174929
v -0.01974629 -0.00018513 -0.00274889
v -0.01753465 -0.00004454 -0.01005943
v -0.01755446 0.00025062 -0.01009116
v -0.01701939 0.00329768 -0.01097969
v -0.01685688 0.00329768 -0.01122959
v -0.01683707 0.00025062 -0.01125339
v -0.01598094 0.00329768 -0.01242752
v -0.01554099 0.00329768 -0.01299871
v -0.01659133 0.00329768 -0.01162229
v -0.01642089 0.00329768 -0.01184838
v -0.01852949 -0.00004524 -0.00807610
v -0.01806972 0.00025062 -0.00915503
v -0.01794289 0.00025062 -0.00940493
v -0.01904475 -0.00005293 -0.00675124
v -0.01900115 -0.00000222 -0.00700511
v -0.01953226 -0.00004629 -0.00524788
v -0.01990087 0.00329768 0.00374848
v -0.01996825 0.00329768 0.00340735
v -0.02024570 0.00329768 -0.00074970
v -0.02022588 0.00329768 -0.00120190
v -0.02022192 0.00025062 -0.00124949
v -0.02005941 -0.00007986 -0.00224909
v -0.02003167 -0.00004769 -0.00274889
v -0.02001185 -0.00001971 -0.00308209
v -0.01774868 0.00025062 -0.00975003
v -0.01775660 0.00075036 -0.00975003
v -0.01757428 0.00329768 -0.01005943
v -0.01854931 0.00025062 -0.00811180
v -0.01871578 0.00025062 -0.00774687
v -0.01795082 0.00075036 -0.00940493
v -0.01808954 0.00329768 -0.00911536
v -0.01950056 -0.00000502 -0.00550968
v -0.01900115 0.00025062 -0.00700907
v -0.01891395 0.00075036 -0.00725897
v -0.01890999 0.00025062 -0.00725897
v -0.01950452 0.00025062 -0.00551761
v -0.02022192 0.00329768 -0.00124949
v -0.02017436 0.00025062 -0.00174929
v -0.02006338 0.00025062 -0.00274889
v -0.02001581 0.00025062 -0.00312175
v -0.01996825 0.00025062 -0.00337165
v -0.01968288 0.00025062 -0.00474808
v -0.01775660 0.00329768 -0.00975003
v -0.01844626 0.00329768 -0.00833790
v -0.01873560 0.00329768 -0.00770324
v -0.01871578 0.00329768 -0.00774687
v -0.01796271 0.00329768 -0.00938113
v -0.01795082 0.00329768 -0.00940493
v -0.01956794 0.00025062 -0.00524788
v -0.01900115 0.00329768 -0.00700907
v -0.01942921 0.00329768 -0.00574371
v -0.01891395 0.00329768 -0.00725897
v -0.01950452 0.00329768 -0.00551761
v -0.02017436 0.00329768 -0.00174929
v -0.02006338 0.00329768 -0.00274889
v -0.02002374 0.00329768 -0.00308605
v -0.01997618 0.00075036 -0.00337165
v -0.01990087 0.00075036 -0.00374848
v -0.01969477 0.00329768 -0.00470048
v -0.01997618 0.00329768 -0.00337165
v -0.01990087 0.00329768 -0.00374848
f 1 2 3
f 1 3 9
f 1 9 4
f 1 4 10
f 1 10 25
f 1 25 48
f 1 48 72
f 1 72 91
f 1 91 90
f 1 90 110
f 1 110 111
f 1 111 97
f 1 97 96
f 1 96 113
f 1 113 112
f 1 112 115
f 1 115 133
f 1 133 136
f 1 136 137
f 1 137 160
f 1 160 188
f 1 188 190
f 1 190 229
f 1 229 223
f 1 223 224
f 1 224 228
f 1 228 263
f 1 263 297
f 1 297 296
f 1 296 295
f 1 295 294
f 1 294 335
f 1 335 334
f 1 334 333
f 1 333 332
f 1 332 331
f 1 331 375
f 1 375 423
f 1 423 373
f 1 373 422
f 1 422 421
f 1 421 420
f 1 420 419
f 1 419 459
f 1 459 494
f 1 494 492
f 1 492 491
f 1 491 493
f 1 493 495
f 1 495 527
f 1 527 526
f 1 526 525
f 1 525 480
f 1 480 524
f 1 524 523
f 1 523 522
f 1 522 521
f 1 521 520
f 1 520 519
f 1 519 518
f 1 518 517
f 1 517 563
f 1 563 600
f 1 600 618
f 1 618 619
f 1 619 665
f 1 665 698
f 1 698 697
f 1 697 650
f 1 650 696
f 1 696 695
f 1 695 692
f 1 692 691
f 1 691 644
f 1 644 690
f 1 690 694
f 1 694 736
f 1 736 703
f 1 703 742
f 1 742 741
f 1 741 789
f 1 789 788
f 1 788 787
f 1 787 792
f 1 792 791
f 1 791 829
f 1 829 808
f 1 808 803
f 1 803 802
f 1 802 801
f 1 801 800
f 1 800 837
f 1 837 836
f 1 836 864
f 1 864 863
f 1 863 866
f 1 866 865
f 1 865 861
f 1 861 860
f 1 860 883
f 1 883 899
f 1 899 904
f 1 904 903
f 1 903 887
f 1 887 900
f 1 900 902
f 1 902 901
f 1 901 908
f 1 908 906
f 1 906 907
f 1 907 909
f 1 909 915
f 1 915 917
f 1 917 916
f 1 916 912
f 1 912 911
f 1 911 910
f 1 910 893
f 1 893 876
f 1 876 875
f 1 875 851
f 1 851 850
f 1 850 849
f 1 849 848
f 1 848 847
f 1 847 846
f 1 846 845
f 1 845 874
f 1 874 873
f 1 873 842
f 1 842 815
f 1 815 814
f 1 814 774
f 1 774 773
f 1 773 813
f 1 813 812
f 1 812 767
f 1 767 766
f 1 766 811
f 1 811 841
f 1 841 809
f 1 809 762
f 1 762 760
f 1 760 759
f 1 759 758
f 1 758 757
f 1 757 716
f 1 716 715
f 1 715 678
f 1 678 675
f 1 675 674
f 1 674 673
f 1 673 672
f 1 672 670
f 1 670 669
f 1 669 668
f 1 668 667
f 1 667 666
f 1 666 622
f 1 622 584
f 1 584 621
f 1 621 620
f 1 620 582
f 1 582 581
f 1 581 580
f 1 580 579
f 1 579 542
f 1 542 541
f 1 541 578
f 1 578 576
f 1 576 577
f 1 577 549
f 1 549 538
f 1 538 497
f 1 497 496
f 1 496 461
f 1 461 431
f 1 431 430
f 1 430 429
f 1 429 428
f 1 428 427
f 1 427 426
f 1 426 387
f 1 387 386
f 1 386 385
f 1 385 425
f 1 425 424
f 1 424 381
f 1 381 380
f 1 380 383
f 1 383 379
f 1 379 378
f 1 378 377
f 1 377 340
f 1 340 339
f 1 339 376
f 1 376 337
f 1 337 336
f 1 336 301
f 1 301 300
f 1 300 298
f 1 298 266
f 1 266 265
f 1 265 264
f 1 264 234
f 1 234 233
f 1 233 232
f 1 232 231
f 1 231 230
f 1 230 192
f 1 192 191
f 1 191 163
f 1 163 162
f 1 162 161
f 1 161 140
f 1 140 139
f 1 139 138
f 1 138 120
f 1 120 100
f 1 100 99
f 1 99 98
f 1 98 77
f 1 77 76
f 1 76 75
f 1 75 52
f 1 52 74
f 1 74 73
f 1 73 49
f 1 49 26
f 1 26 11
f 1 11 5
f 1 5 2
f 2 5 6
f 2 6 3
f 3 6 7
f 3 7 8
f 3 8 22
f 3 22 9
f 4 9 24
f 4 24 10
f 5 11 12
f 5 12 6
f 6 12 13
f 6 13 14
f 6 14 15
f 6 15 16
f 6 16 7
f 7 17 8
f 7 16 18
f 7 18 19
f 7 19 17
f 8 17 20
f 8 20 21
f 8 21 22
f 9 22 23
f 9 23 24
f 10 24 25
f 11 26 27
f 11 27 12
f 12 27 13
f 13 27 28
f 13 28 29
f 13 29 30
f 13 30 31
f 13 31 32
f 13 32 33
f 13 33 14
f 14 33 34
f 14 34 15
f 15 34 16
f 16 34 35
f 16 35 18
f 17 19 36
f 17 36 20
f 18 35 34
f 18 34 37
f 18 37 36
f 18 36 19
f 20 36 38
f 20 38 60
f 20 60 39
f 20 39 21
f 21 39 22
f 22 39 40
f 22 40 23
f 23 40 41
f 23 41 42
f 23 42 43
f 23 43 24
f 24 43 44
f 24 44 45
f 24 45 46
f 24 46 47
f 24 47 25
f 25 47 48
f 26 49 27
f 27 49 28
f 28 49 50
f 28 50 29
f 29 50 51
f 29 51 30
f 30 51 52
f 30 52 53
f 30 53 31
f 31 53 54
f 31 54 55
f 31 55 56
f 31 56 32
f 32 56 57
f 32 57 33
f 33 57 37
f 33 37 34
f 36 37 58
f 36 58 59
f 36 59 38
f 37 57 58
f 38 59 84
f 38 84 106
f 38 106 128
f 38 128 151
f 38 151 177
f 38 177 211
f 38 211 246
f 38 246 282
f 38 282 319
f 38 319 358
f 38 358 402
f 38 402 442
f 38 442 472
f 38 472 515
f 38 515 562
f 38 562 599
f 38 599 643
f 38 643 689
f 38 689 735
f 38 735 786
f 38 786 751
f 38 751 711
f 38 711 659
f 38 659 612
f 38 612 570
f 38 570 531
f 38 531 484
f 38 484 450
f 38 450 406
f 38 406 362
f 38 362 321
f 38 321 283
f 38 283 250
f 38 250 215
f 38 215 179
f 38 179 152
f 38 152 129
f 38 129 107
f 38 107 85
f 38 85 60
f 39 60 61
f 39 61 40
f 40 61 41
f 41 61 42
f 42 62 43
f 42 61 63
f 42 63 64
f 42 64 62
f 43 62 64
f 43 64 44
f 44 64 45
f 45 64 65
f 45 65 46
f 46 66 67
f 46 67 68
f 46 68 47
f 46 65 69
f 46 69 70
f 46 70 71
f 46 71 66
f 47 68 72
f 47 72 48
f 49 73 50
f 50 73 74
f 50 74 51
f 51 74 52
f 52 75 53
f 53 75 54
f 54 75 76
f 54 76 55
f 55 77 98
f 55 98 78
f 55 78 79
f 55 79 80
f 55 80 81
f 55 81 82
f 55 82 56
f 55 76 77
f 56 82 57
f 57 82 83
f 57 83 58
f 58 83 84
f 58 84 59
f 60 85 61
f 61 85 86
f 61 86 63
f 63 65 64
f 63 86 87
f 63 87 65
f 65 87 69
f 66 88 67
f 66 71 89
f 66 89 88
f 67 88 90
f 67 90 91
f 67 91 68
f 68 91 72
f 69 87 92
f 69 92 70
f 70 93 94
f 70 94 71
f 70 92 95
f 70 95 93
f 71 94 96
f 71 96 97
f 71 97 111
f 71 111 89
f 78 98 99
f 78 99 80
f 78 80 79
f 80 99 100
f 80 100 101
f 80 101 81
f 81 101 102
f 81 102 103
f 81 103 82
f 82 103 104
f 82 104 83
f 83 104 105
f 83 105 84
f 84 105 106
f 85 107 86
f 86 107 108
f 86 108 87
f 87 108 109
f 87 109 92
f 88 110 90
f 88 89 111
f 88 111 110
f 92 109 95
f 93 112 113
f 93 113 96
f 93 96 94
f 93 95 114
f 93 114 115
f 93 115 112
f 95 109 116
f 95 116 117
f 95 117 118
f 95 118 119
f 95 119 114
f 100 120 101
f 101 120 102
f 102 120 121
f 102 121 122
f 102 122 103
f 103 122 123
f 103 123 124
f 103 124 104
f 104 124 125
f 104 125 105
f 105 125 126
f 105 126 127
f 105 127 106
f 106 127 128
f 107 129 130
f 107 130 108
f 108 130 131
f 108 131 109
f 109 131 132
f 109 132 116
f 114 119 133
f 114 133 115
f 116 132 134
f 116 134 135
f 116 135 117
f 117 136 133
f 117 133 119
f 117 119 118
f 117 135 137
f 117 137 136
f 120 138 121
f 121 138 139
f 121 139 140
f 121 140 141
f 121 141 142
f 121 142 122
f 122 142 123
f 123 142 143
f 123 143 144
f 123 144 145
f 123 145 124
f 124 145 146
f 124 146 125
f 125 146 126
f 126 146 147
f 126 147 148
f 126 148 127
f 127 148 149
f 127 149 128
f 128 149 150
f 128 150 151
f 129 152 153
f 129 153 130
f 130 153 154
f 130 154 155
f 130 155 131
f 131 155 156
f 131 156 132
f 132 157 134
f 132 156 158
f 132 158 157
f 134 157 159
f 134 159 188
f 134 188 160
f 134 160 137
f 134 137 135
f 140 161 143
f 140 143 141
f 141 143 142
f 143 161 162
f 143 162 144
f 144 162 163
f 144 163 164
f 144 164 165
f 144 165 166
f 144 166 167
f 144 167 145
f 145 167 168
f 145 168 146
f 146 168 169
f 146 169 147
f 147 169 148
f 148 169 170
f 148 170 149
f 149 170 171
f 149 171 172
f 149 172 150
f 150 173 174
f 150 174 175
f 150 175 176
f 150 176 151
f 150 172 173
f 151 176 177
f 152 178 153
f 152 179 180
f 152 180 178
f 153 178 181
f 153 181 154
f 154 181 182
f 154 182 183
f 154 183 155
f 155 183 156
f 156 183 184
f 156 184 158
f 157 158 185
f 157 185 189
f 157 189 159
f 158 186 185
f 158 184 187
f 158 187 186
f 159 189 190
f 159 190 188
f 163 191 165
f 163 165 164
f 165 191 192
f 165 192 230
f 165 230 193
f 165 193 166
f 166 194 195
f 166 195 167
f 166 193 196
f 166 196 197
f 166 197 198
f 166 198 199
f 166 199 200
f 166 200 194
f 167 195 169
f 167 169 168
f 169 195 194
f 169 194 170
f 170 194 200
f 170 200 201
f 170 201 173
f 170 173 171
f 171 173 172
f 173 202 174
f 173 201 203
f 173 203 202
f 174 202 204
f 174 204 205
f 174 205 206
f 174 206 207
f 174 207 175
f 175 207 176
f 176 207 208
f 176 208 177
f 177 209 210
f 177 210 211
f 177 208 209
f 178 180 212
f 178 212 213
f 178 213 214
f 178 214 181
f 179 215 180
f 180 215 216
f 180 216 217
f 180 217 218
f 180 218 219
f 180 219 212
f 181 214 220
f 181 220 182
f 182 220 183
f 183 220 221
f 183 221 184
f 184 221 222
f 184 222 187
f 185 186 189
f 186 223 229
f 186 229 189
f 186 187 224
f 186 224 223
f 187 222 225
f 187 225 226
f 187 226 227
f 187 227 228
f 187 228 224
f 189 229 190
f 193 230 196
f 196 231 232
f 196 232 197
f 196 230 231
f 197 232 233
f 197 233 198
f 198 233 234
f 198 234 235
f 198 235 199
f 199 235 203
f 199 203 201
f 199 201 200
f 202 236 204
f 202 203 236
f 203 235 236
f 204 236 237
f 204 237 238
f 204 238 205
f 205 238 239
f 205 239 240
f 205 240 206
f 206 240 207
f 207 240 208
f 208 240 241
f 208 241 209
f 209 241 242
f 209 242 243
f 209 243 210
f 210 243 244
f 210 244 211
f 211 244 245
f 211 245 246
f 212 219 213
f 213 219 214
f 214 247 220
f 214 219 248
f 214 248 249
f 214 249 247
f 215 250 216
f 216 251 252
f 216 252 217
f 216 250 251
f 217 252 218
f 218 252 253
f 218 253 254
f 218 254 255
f 218 255 256
f 218 256 219
f 219 257 248
f 219 256 257
f 220 222 221
f 220 247 258
f 220 258 222
f 222 258 225
f 225 249 259
f 225 259 260
f 225 260 261
f 225 261 262
f 225 262 226
f 225 258 247
f 225 247 249
f 226 262 297
f 226 297 263
f 226 263 228
f 226 228 227
f 234 264 235
f 235 264 236
f 236 264 237
f 237 265 266
f 237 266 267
f 237 267 238
f 237 264 265
f 238 268 269
f 238 269 270
f 238 270 271
f 238 271 239
f 238 267 268
f 239 271 272
f 239 272 240
f 240 272 242
f 240 242 241
f 242 272 273
f 242 273 274
f 242 274 243
f 243 274 275
f 243 275 276
f 243 276 277
f 243 277 244
f 244 277 278
f 244 278 279
f 244 279 245
f 245 279 278
f 245 278 280
f 245 280 281
f 245 281 246
f 246 281 282
f 248 259 249
f 248 257 259
f 250 283 284
f 250 284 285
f 250 285 251
f 251 285 286
f 251 286 287
f 251 287 252
f 252 287 253
f 253 287 254
f 254 288 255
f 254 287 289
f 254 289 288
f 255 290 291
f 255 291 256
f 255 288 290
f 256 291 257
f 257 291 292
f 257 292 259
f 259 292 293
f 259 293 260
f 260 294 261
f 260 293 294
f 261 295 296
f 261 296 297
f 261 297 262
f 261 294 295
f 266 298 268
f 266 268 267
f 268 298 299
f 268 299 269
f 269 299 270
f 270 299 298
f 270 298 300
f 270 300 301
f 270 301 302
f 270 302 271
f 271 302 303
f 271 303 304
f 271 304 273
f 271 273 272
f 273 305 306
f 273 306 275
f 273 275 274
f 273 304 305
f 275 306 307
f 275 307 308
f 275 308 276
f 276 309 310
f 276 310 277
f 276 308 309
f 277 310 278
f 278 311 312
f 278 312 280
f 278 310 311
f 280 312 313
f 280 313 314
f 280 314 281
f 281 314 315
f 281 315 316
f 281 316 317
f 281 317 318
f 281 318 282
f 282 318 356
f 282 356 319
f 283 320 284
f 283 321 322
f 283 322 320
f 284 320 323
f 284 323 285
f 285 324 286
f 285 323 324
f 286 324 287
f 287 324 325
f 287 325 289
f 288 289 326
f 288 326 327
f 288 327 328
f 288 328 329
f 288 329 330
f 288 330 290
f 289 325 326
f 290 330 331
f 290 331 332
f 290 332 333
f 290 333 291
f 291 333 292
f 292 333 334
f 292 334 293
f 293 335 294
f 293 334 335
f 301 336 303
f 301 303 302
f 303 336 337
f 303 337 376
f 303 376 338
f 303 338 304
f 304 338 305
f 305 338 339
f 305 339 306
f 306 339 340
f 306 340 377
f 306 377 341
f 306 341 307
f 307 341 342
f 307 342 308
f 308 342 343
f 308 343 309
f 309 344 345
f 309 345 311
f 309 311 310
f 309 343 346
f 309 346 344
f 311 347 348
f 311 348 349
f 311 349 350
f 311 350 312
f 311 345 347
f 312 350 351
f 312 351 313
f 313 351 352
f 313 352 314
f 314 352 353
f 314 353 315
f 315 353 354
f 315 354 355
f 315 355 316
f 316 355 317
f 317 355 318
f 318 355 395
f 318 395 356
f 319 357 358
f 319 356 357
f 320 322 359
f 320 359 360
f 320 360 361
f 320 361 323
f 321 362 363
f 321 363 322
f 322 363 364
f 322 364 360
f 322 360 359
f 323 365 366
f 323 366 324
f 323 361 367
f 323 367 365
f 324 366 368
f 324 368 325
f 325 368 326
f 326 368 369
f 326 369 370
f 326 370 371
f 326 371 372
f 326 372 327
f 327 373 423
f 327 423 374
f 327 374 328
f 327 372 422
f 327 422 373
f 328 374 329
f 329 374 423
f 329 423 375
f 329 375 331
f 329 331 330
f 338 376 339
f 341 377 378
f 341 378 342
f 342 378 379
f 342 379 346
f 342 346 343
f 344 346 383
f 344 383 380
f 344 380 381
f 344 381 382
f 344 382 345
f 345 382 347
f 346 379 383
f 347 382 384
f 347 384 425
f 347 425 385
f 347 385 386
f 347 386 348
f 348 386 387
f 348 387 388
f 348 388 349
f 349 388 389
f 349 389 390
f 349 390 350
f 350 390 391
f 350 391 392
f 350 392 351
f 351 392 393
f 351 393 352
f 352 393 353
f 353 393 394
f 353 394 354
f 354 394 355
f 355 394 432
f 355 432 395
f 356 395 396
f 356 396 357
f 357 397 398
f 357 398 358
f 357 396 399
f 357 399 400
f 357 400 401
f 357 401 397
f 358 398 402
f 360 364 403
f 360 403 404
f 360 404 405
f 360 405 361
f 361 405 367
f 362 406 452
f 362 452 407
f 362 407 363
f 363 407 408
f 363 408 409
f 363 409 410
f 363 410 411
f 363 411 364
f 364 411 412
f 364 412 403
f 365 367 413
f 365 413 414
f 365 414 415
f 365 415 368
f 365 368 366
f 367 405 416
f 367 416 413
f 368 415 417
f 368 417 369
f 369 417 418
f 369 418 419
f 369 419 420
f 369 420 421
f 369 421 370
f 370 421 371
f 371 421 422
f 371 422 372
f 381 424 382
f 382 424 425
f 382 425 384
f 387 426 389
f 387 389 388
f 389 426 427
f 389 427 390
f 390 427 428
f 390 428 391
f 391 428 429
f 391 429 392
f 392 429 393
f 393 429 430
f 393 430 431
f 393 431 394
f 394 431 461
f 394 461 432
f 395 432 433
f 395 433 400
f 395 400 399
f 395 399 396
f 397 434 398
f 397 401 435
f 397 435 436
f 397 436 434
f 398 434 437
f 398 437 438
f 398 438 402
f 400 433 439
f 400 439 401
f 401 439 440
f 401 440 435
f 402 438 441
f 402 441 442
f 403 412 443
f 403 443 444
f 403 444 445
f 403 445 404
f 404 445 446
f 404 446 447
f 404 447 448
f 404 448 449
f 404 449 416
f 404 416 405
f 406 450 451
f 406 451 452
f 407 452 490
f 407 490 453
f 407 453 408
f 408 453 409
f 409 453 410
f 410 453 454
f 410 454 455
f 410 455 411
f 411 455 443
f 411 443 412
f 413 416 456
f 413 456 457
f 413 457 458
f 413 458 414
f 414 458 415
f 415 459 419
f 415 419 418
f 415 418 417
f 415 458 459
f 416 449 460
f 416 460 456
f 432 461 496
f 432 496 462
f 432 462 439
f 432 439 433
f 434 436 463
f 434 463 464
f 434 464 465
f 434 465 438
f 434 438 437
f 435 440 466
f 435 466 436
f 436 466 467
f 436 467 463
f 438 468 441
f 438 465 468
f 439 462 440
f 440 462 466
f 441 468 469
f 441 469 442
f 442 469 470
f 442 470 471
f 442 471 472
f 443 455 473
f 443 473 474
f 443 474 475
f 443 475 444
f 444 475 445
f 445 475 476
f 445 476 477
f 445 477 446
f 446 477 478
f 446 478 479
f 446 479 447
f 447 479 524
f 447 524 480
f 447 480 525
f 447 525 481
f 447 481 448
f 448 481 482
f 448 482 449
f 449 482 460
f 450 483 451
f 450 484 483
f 451 483 485
f 451 485 486
f 451 486 487
f 451 487 488
f 451 488 489
f 451 489 452
f 452 489 490
f 453 490 516
f 453 516 473
f 453 473 454
f 454 473 455
f 456 491 492
f 456 492 457
f 456 460 495
f 456 495 493
f 456 493 491
f 457 492 494
f 457 494 458
f 458 494 459
f 460 482 527
f 460 527 495
f 462 496 497
f 462 497 498
f 462 498 466
f 463 467 499
f 463 499 500
f 463 500 501
f 463 501 502
f 463 502 503
f 463 503 464
f 464 503 504
f 464 504 465
f 465 504 468
f 466 498 467
f 467 498 505
f 467 505 506
f 467 506 499
f 468 507 508
f 468 508 509
f 468 509 469
f 468 504 507
f 469 509 510
f 469 510 470
f 470 511 512
f 470 512 471
f 470 510 511
f 471 512 513
f 471 513 514
f 471 514 472
f 472 514 515
f 473 516 563
f 473 563 517
f 473 517 518
f 473 518 474
f 474 518 519
f 474 519 520
f 474 520 475
f 475 520 521
f 475 521 476
f 476 521 477
f 477 522 523
f 477 523 478
f 477 521 522
f 478 523 524
f 478 524 479
f 481 525 526
f 481 526 482
f 482 526 527
f 483 528 529
f 483 529 485
f 483 484 530
f 483 530 528
f 484 531 532
f 484 532 530
f 485 529 533
f 485 533 534
f 485 534 486
f 486 534 535
f 486 535 536
f 486 536 487
f 487 536 537
f 487 537 490
f 487 490 488
f 488 490 489
f 490 537 516
f 497 538 505
f 497 505 498
f 499 506 539
f 499 539 540
f 499 540 500
f 500 540 578
f 500 578 541
f 500 541 542
f 500 542 501
f 501 542 579
f 501 579 543
f 501 543 544
f 501 544 502
f 502 544 545
f 502 545 503
f 503 545 546
f 503 546 547
f 503 547 548
f 503 548 504
f 504 548 507
f 505 538 506
f 506 549 577
f 506 577 539
f 506 538 549
f 507 550 551
f 507 551 508
f 507 548 552
f 507 552 550
f 508 551 509
f 509 551 553
f 509 553 511
f 509 511 510
f 511 554 555
f 511 555 512
f 511 553 556
f 511 556 554
f 512 557 513
f 512 555 557
f 513 557 514
f 514 557 558
f 514 558 559
f 514 559 560
f 514 560 515
f 515 560 561
f 515 561 562
f 516 537 536
f 516 536 535
f 516 535 564
f 516 564 600
f 516 600 563
f 528 530 529
f 529 565 533
f 529 530 566
f 529 566 567
f 529 567 565
f 530 532 568
f 530 568 566
f 531 569 532
f 531 570 571
f 531 571 572
f 531 572 569
f 532 569 568
f 533 573 574
f 533 574 535
f 533 535 534
f 533 565 573
f 535 574 575
f 535 575 564
f 539 576 540
f 539 577 576
f 540 576 578
f 543 579 580
f 543 580 544
f 544 580 581
f 544 581 545
f 545 581 582
f 545 582 546
f 546 582 583
f 546 583 547
f 547 583 548
f 548 583 586
f 548 586 552
f 550 584 585
f 550 585 551
f 550 552 586
f 550 586 584
f 551 585 587
f 551 587 588
f 551 588 553
f 553 588 556
f 554 589 590
f 554 590 557
f 554 557 555
f 554 556 589
f 556 588 589
f 557 591 558
f 557 590 591
f 558 592 593
f 558 593 594
f 558 594 595
f 558 595 559
f 558 591 592
f 559 595 560
f 560 595 594
f 560 594 596
f 560 596 561
f 561 596 597
f 561 597 598
f 561 598 562
f 562 598 599
f 564 575 618
f 564 618 600
f 565 567 601
f 565 601 602
f 565 602 603
f 565 603 604
f 565 604 605
f 565 605 573
f 566 606 567
f 566 568 606
f 567 606 601
f 568 569 607
f 568 607 608
f 568 608 609
f 568 609 606
f 569 572 610
f 569 610 607
f 570 611 571
f 570 612 611
f 571 611 613
f 571 613 614
f 571 614 572
f 572 614 615
f 572 615 610
f 573 605 616
f 573 616 617
f 573 617 575
f 573 575 574
f 575 617 619
f 575 619 618
f 582 620 583
f 583 620 621
f 583 621 586
f 584 622 623
f 584 623 585
f 584 586 621
f 585 623 587
f 587 623 624
f 587 624 588
f 588 625 626
f 588 626 589
f 588 624 625
f 589 626 627
f 589 627 628
f 589 628 629
f 589 629 630
f 589 630 590
f 590 630 631
f 590 631 591
f 591 631 592
f 592 632 593
f 592 631 633
f 592 633 632
f 593 632 634
f 593 634 594
f 594 635 636
f 594 636 596
f 594 634 635
f 596 637 597
f 596 636 637
f 597 638 598
f 597 637 639
f 597 639 638
f 598 638 640
f 598 640 641
f 598 641 599
f 599 641 642
f 599 642 643
f 601 644 645
f 601 645 602
f 601 606 646
f 601 646 647
f 601 647 644
f 602 645 648
f 602 648 649
f 602 649 603
f 603 649 604
f 604 650 697
f 604 697 651
f 604 651 605
f 604 649 696
f 604 696 650
f 605 651 652
f 605 652 616
f 606 609 646
f 607 610 615
f 607 615 653
f 607 653 654
f 607 654 608
f 608 654 609
f 609 655 656
f 609 656 646
f 609 654 655
f 611 657 658
f 611 658 613
f 611 612 659
f 611 659 660
f 611 660 661
f 611 661 657
f 613 658 614
f 614 662 615
f 614 658 662
f 615 663 653
f 615 662 664
f 615 664 663
f 616 665 619
f 616 619 617
f 616 652 698
f 616 698 665
f 622 666 623
f 623 666 667
f 623 667 624
f 624 667 668
f 624 668 625
f 625 668 669
f 625 669 626
f 626 669 670
f 626 670 671
f 626 671 627
f 627 671 628
f 628 671 670
f 628 670 672
f 628 672 673
f 628 673 629
f 629 673 630
f 630 673 674
f 630 674 675
f 630 675 631
f 631 675 633
f 632 633 676
f 632 676 677
f 632 677 634
f 633 675 678
f 633 678 676
f 634 677 635
f 635 677 679
f 635 679 636
f 636 679 680
f 636 680 681
f 636 681 639
f 636 639 637
f 638 639 682
f 638 682 640
f 639 681 683
f 639 683 682
f 640 682 684
f 640 684 685
f 640 685 641
f 641 685 686
f 641 686 642
f 642 686 687
f 642 687 688
f 642 688 643
f 643 688 689
f 644 647 690
f 644 691 645
f 645 691 692
f 645 692 648
f 646 693 647
f 646 656 704
f 646 704 693
f 647 693 694
f 647 694 690
f 648 692 695
f 648 695 696
f 648 696 649
f 651 697 698
f 651 698 652
f 653 663 699
f 653 699 654
f 654 700 701
f 654 701 655
f 654 699 700
f 655 701 702
f 655 702 703
f 655 703 704
f 655 704 656
f 657 661 705
f 657 705 706
f 657 706 707
f 657 707 708
f 657 708 709
f 657 709 658
f 658 710 664
f 658 664 662
f 658 709 710
f 659 711 712
f 659 712 660
f 660 713 706
f 660 706 705
f 660 705 661
f 660 712 713
f 663 664 714
f 663 714 699
f 664 710 714
f 676 678 715
f 676 715 716
f 676 716 717
f 676 717 677
f 677 718 719
f 677 719 720
f 677 720 721
f 677 721 680
f 677 680 679
f 677 717 718
f 680 721 683
f 680 683 681
f 682 683 722
f 682 722 684
f 683 721 722
f 684 722 723
f 684 723 724
f 684 724 725
f 684 725 685
f 685 725 726
f 685 726 727
f 685 727 686
f 686 728 729
f 686 729 687
f 686 727 728
f 687 729 730
f 687 730 731
f 687 731 688
f 688 731 732
f 688 732 733
f 688 733 734
f 688 734 689
f 689 734 784
f 689 784 735
f 693 704 736
f 693 736 694
f 699 737 738
f 699 738 700
f 699 714 739
f 699 739 740
f 699 740 737
f 700 741 742
f 700 742 702
f 700 702 701
f 700 738 789
f 700 789 741
f 702 742 703
f 703 736 704
f 706 713 743
f 706 743 744
f 706 744 745
f 706 745 707
f 707 745 746
f 707 746 708
f 708 747 748
f 708 748 709
f 708 746 747
f 709 748 710
f 710 748 749
f 710 749 714
f 711 750 712
f 711 751 750
f 712 750 752
f 712 752 713
f 713 752 753
f 713 753 743
f 714 754 755
f 714 755 739
f 714 749 756
f 714 756 754
f 716 757 718
f 716 718 717
f 718 758 719
f 718 757 758
f 719 758 759
f 719 759 720
f 720 759 760
f 720 760 761
f 720 761 721
f 721 761 760
f 721 760 762
f 721 762 809
f 721 809 763
f 721 763 722
f 722 763 764
f 722 764 723
f 723 764 810
f 723 810 765
f 723 765 724
f 724 765 766
f 724 766 767
f 724 767 768
f 724 768 725
f 725 769 726
f 725 768 769
f 726 769 770
f 726 770 771
f 726 771 813
f 726 813 772
f 726 772 773
f 726 773 774
f 726 774 775
f 726 775 776
f 726 776 727
f 727 776 728
f 728 776 777
f 728 777 729
f 729 777 778
f 729 778 730
f 730 778 779
f 730 779 780
f 730 780 781
f 730 781 731
f 731 781 780
f 731 780 782
f 731 782 732
f 732 782 733
f 733 782 783
f 733 783 734
f 734 783 824
f 734 824 784
f 735 784 785
f 735 785 786
f 737 787 788
f 737 788 738
f 737 740 787
f 738 788 789
f 739 755 790
f 739 790 829
f 739 829 791
f 739 791 792
f 739 792 740
f 740 792 787
f 743 793 744
f 743 753 794
f 743 794 795
f 743 795 796
f 743 796 793
f 744 793 797
f 744 797 745
f 745 797 746
f 746 798 799
f 746 799 747
f 746 797 798
f 747 800 748
f 747 799 800
f 748 801 802
f 748 802 749
f 748 800 801
f 749 802 803
f 749 803 756
f 750 804 805
f 750 805 752
f 750 751 806
f 750 806 804
f 751 786 807
f 751 807 806
f 752 794 753
f 752 805 794
f 754 808 829
f 754 829 790
f 754 790 755
f 754 756 803
f 754 803 808
f 763 809 841
f 763 841 810
f 763 810 764
f 765 810 811
f 765 811 766
f 767 812 769
f 767 769 768
f 769 812 813
f 769 813 771
f 769 771 770
f 772 813 773
f 774 814 775
f 775 814 815
f 775 815 816
f 775 816 776
f 776 816 817
f 776 817 777
f 777 818 819
f 777 819 820
f 777 820 821
f 777 821 822
f 777 822 778
f 777 817 818
f 778 822 779
f 779 822 780
f 780 822 782
f 782 822 823
f 782 823 783
f 783 823 852
f 783 852 824
f 784 824 825
f 784 825 785
f 785 826 807
f 785 807 786
f 785 825 827
f 785 827 828
f 785 828 826
f 793 796 797
f 794 830 795
f 794 805 831
f 794 831 830
f 795 830 796
f 796 830 832
f 796 832 797
f 797 833 798
f 797 832 834
f 797 834 835
f 797 835 833
f 798 836 837
f 798 837 799
f 798 833 836
f 799 837 800
f 804 838 831
f 804 831 805
f 804 806 839
f 804 839 838
f 806 807 840
f 806 840 839
f 807 826 840
f 810 841 811
f 815 842 817
f 815 817 816
f 817 842 873
f 817 873 843
f 817 843 818
f 818 843 844
f 818 844 819
f 819 844 845
f 819 845 846
f 819 846 820
f 820 846 847
f 820 847 821
f 821 848 849
f 821 849 822
f 821 847 848
f 822 849 850
f 822 850 851
f 822 851 823
f 823 851 875
f 823 875 852
f 824 852 853
f 824 853 825
f 825 853 827
f 826 828 854
f 826 854 855
f 826 855 840
f 827 853 828
f 828 853 856
f 828 856 857
f 828 857 854
f 830 831 858
f 830 858 832
f 831 838 858
f 832 858 859
f 832 859 860
f 832 860 861
f 832 861 862
f 832 862 834
f 833 863 864
f 833 864 836
f 833 835 863
f 834 862 861
f 834 861 865
f 834 865 866
f 834 866 863
f 834 863 835
f 838 839 867
f 838 867 868
f 838 868 869
f 838 869 858
f 839 840 870
f 839 870 871
f 839 871 867
f 840 855 872
f 840 872 870
f 843 873 844
f 844 873 874
f 844 874 845
f 852 875 876
f 852 876 877
f 852 877 853
f 853 877 856
f 854 857 856
f 854 856 878
f 854 878 879
f 854 879 855
f 855 879 880
f 855 880 872
f 856 877 878
f 858 869 881
f 858 881 859
f 859 881 882
f 859 882 883
f 859 883 860
f 867 884 868
f 867 871 885
f 867 885 884
f 868 886 869
f 868 884 887
f 868 887 886
f 869 886 882
f 869 882 881
f 870 872 888
f 870 888 871
f 871 889 890
f 871 890 891
f 871 891 885
f 871 888 892
f 871 892 889
f 872 880 888
f 876 893 877
f 877 893 910
f 877 910 894
f 877 894 880
f 877 880 879
f 877 879 878
f 880 894 895
f 880 895 896
f 880 896 897
f 880 897 898
f 880 898 888
f 882 899 883
f 882 886 904
f 882 904 899
f 884 885 900
f 884 900 887
f 885 891 890
f 885 890 901
f 885 901 902
f 885 902 900
f 886 887 903
f 886 903 904
f 888 898 905
f 888 905 892
f 889 906 908
f 889 908 890
f 889 892 907
f 889 907 906
f 890 908 901
f 892 905 909
f 892 909 907
f 894 910 911
f 894 911 895
f 895 911 912
f 895 912 896
f 896 913 897
f 896 912 913
f 897 913 914
f 897 914 898
f 898 914 915
f 898 915 905
f 905 915 909
f 912 916 913
f 913 916 917
f 913 917 914
f 914 917 915

o geometry_1
v 0.00676352 0.00330262 0.01476273
v 0.00725148 0.00330262 0.01435578
v 0.00676352 0.00330262 0.01909724
v 0.00676352 0.04974619 0.01528041
v 0.01315948 0.00330262 0.00942883
v 0.00677556 0.00330262 0.01909251
v 0.00676352 0.04974619 0.01909724
v 0.00676352 0.05009107 0.01538452
v 0.01389470 0.05008187 0.00942883
v 0.01379295 0.04974619 0.00942883
v 0.01794058 0.00330262 0.00942883
v 0.00703048 0.00330262 0.01899219
v 0.00700641 0.04974619 0.01900165
v 0.00700422 0.04999910 0.01900070
v 0.00676352 0.04975998 0.01909629
v 0.00676352 0.05010486 0.01538925
v 0.01404240 0.05014165 0.00942883
v 0.01775897 0.00330262 0.00975061
v 0.01794058 0.04924956 0.00942883
v 0.00730400 0.00330262 0.01888335
v 0.00775038 0.04924956 0.01870543
v 0.00813330 0.04974619 0.01855211
v 0.00808954 0.05004508 0.01853508
v 0.00676352 0.05005428 0.01904802
v 0.00676352 0.05023821 0.01573658
v 0.01423058 0.05019683 0.00942883
v 0.01755547 0.00330262 0.01009226
v 0.01775897 0.04924956 0.00975061
v 0.01793511 0.04974619 0.00942883
v 0.00775038 0.00330262 0.01870543
v 0.00815737 0.00330262 0.01854265
v 0.00838385 0.04924956 0.01845085
v 0.00838385 0.04974619 0.01844517
v 0.00909062 0.05005428 0.01804768
v 0.00875036 0.05010946 0.01813002
v 0.00775038 0.05010026 0.01860133
v 0.00676352 0.05005888 0.01904235
v 0.00676352 0.05024281 0.01574983
v 0.01457083 0.05027040 0.00942883
v 0.01701937 0.00330262 0.01098377
v 0.01755547 0.04974619 0.01009226
v 0.01775349 0.04974619 0.00975061
v 0.01772505 0.05012785 0.00942883
v 0.01762439 0.05010026 0.00975061
v 0.01753687 0.05004508 0.01006197
v 0.00838385 0.00330262 0.01845085
v 0.00875036 0.04924956 0.01827292
v 0.00875036 0.04974619 0.01826725
v 0.00913548 0.04974619 0.01807134
v 0.01007200 0.05004508 0.01753757
v 0.00975035 0.05010026 0.01761802
v 0.01024377 0.05013705 0.01726690
v 0.00975035 0.05023821 0.01724987
v 0.00875036 0.05024741 0.01774957
v 0.00775038 0.05023821 0.01824926
v 0.00676352 0.05019223 0.01874991
v 0.00676352 0.05027040 0.01623628
v 0.00725039 0.05027040 0.01574983
v 0.01707079 0.05027040 0.00942883
v 0.01700405 0.00330262 0.01100837
v 0.01700405 0.04974619 0.01100837
v 0.01700296 0.05000370 0.01100553
v 0.01759704 0.05017384 0.00942883
v 0.01724913 0.05023821 0.00975061
v 0.01726116 0.05013245 0.01023706
v 0.01707954 0.05006807 0.01075001
v 0.00875036 0.00330262 0.01827292
v 0.00878756 0.00330262 0.01825400
v 0.00938602 0.04924956 0.01793885
v 0.01010701 0.04974619 0.01755650
v 0.00913548 0.00330262 0.01807134
v 0.01075033 0.05006807 0.01708425
v 0.01035756 0.04974619 0.01741833
v 0.01100197 0.04999910 0.01700002
v 0.01174922 0.05014165 0.01626467
v 0.01075033 0.05020603 0.01674922
v 0.01125032 0.05024741 0.01624953
v 0.01025034 0.05027040 0.01674922
v 0.00725039 0.05027040 0.01824926
v 0.00925035 0.05027040 0.01724987
v 0.00676352 0.05019683 0.01873571
v 0.00676352 0.05027040 0.01824926
v 0.01674913 0.05027040 0.01025031
v 0.01724913 0.05026121 0.00942883
v 0.01685854 0.00330262 0.01123456
v 0.01684323 0.04974619 0.01125822
v 0.01551611 0.05001749 0.01302041
v 0.01659378 0.04974619 0.01162448
v 0.01656205 0.05006348 0.01158378
v 0.01674913 0.05020603 0.01075001
v 0.01624914 0.05025201 0.01125065
v 0.01673710 0.05009567 0.01120333
v 0.00975035 0.04924956 0.01774578
v 0.00938602 0.00330262 0.01793885
v 0.01035756 0.04924956 0.01741927
v 0.01010701 0.00330262 0.01755650
v 0.01158073 0.05005888 0.01655426
v 0.01075033 0.04974619 0.01716942
v 0.01100197 0.04974619 0.01700097
v 0.01125251 0.04974619 0.01683156
v 0.01187066 0.04974619 0.01641136
v 0.01221748 0.04974619 0.01616151
v 0.01300740 0.05000829 0.01550660
v 0.01214527 0.05008647 0.01610757
v 0.01228750 0.05016004 0.01578674
v 0.01274920 0.05021062 0.01524918
v 0.01175031 0.05027040 0.01574983
v 0.01574915 0.05027040 0.01175035
v 0.01684323 0.00330262 0.01125822
v 0.01661785 0.00330262 0.01158946
v 0.01610254 0.05008647 0.01213553
v 0.01561567 0.05008187 0.01275069
v 0.01521962 0.05008647 0.01321253
v 0.01503253 0.05003129 0.01353526
v 0.01504894 0.04974619 0.01355229
v 0.01529839 0.04974619 0.01327973
v 0.01552377 0.04974619 0.01302988
v 0.01640450 0.04974619 0.01187527
v 0.01659378 0.00330262 0.01162448
v 0.01626118 0.05014165 0.01175035
v 0.01524916 0.05021982 0.01275069
v 0.00975035 0.00330262 0.01774578
v 0.01075033 0.04924956 0.01717037
v 0.01035756 0.00330262 0.01741927
v 0.01077440 0.00330262 0.01715428
v 0.01100197 0.00330262 0.01700097
v 0.01125251 0.00330262 0.01683156
v 0.01164528 0.00330262 0.01656468
v 0.01187066 0.00330262 0.01641136
v 0.01190458 0.00330262 0.01638770
v 0.01246584 0.04924956 0.01597223
v 0.01246584 0.04974619 0.01596939
v 0.01221748 0.00330262 0.01616151
v 0.01224155 0.00330262 0.01614353
v 0.01353693 0.05003588 0.01503151
v 0.01301178 0.04974619 0.01551039
v 0.01355663 0.04974619 0.01504760
v 0.01380608 0.04974619 0.01482614
v 0.01320434 0.05008187 0.01521890
v 0.01372183 0.05010486 0.01473056
v 0.01324919 0.05022902 0.01474948
v 0.01374919 0.05024281 0.01425073
v 0.01474917 0.05027040 0.01275069
v 0.01424918 0.05023821 0.01375009
v 0.01472400 0.05010026 0.01372170
v 0.01432576 0.04974619 0.01431603
v 0.01481153 0.04974619 0.01380309
v 0.01454129 0.05004048 0.01404442
v 0.01458615 0.00330262 0.01404158
v 0.01504894 0.00330262 0.01355229
v 0.01507301 0.00330262 0.01352674
v 0.01532027 0.00330262 0.01325607
v 0.01573821 0.04924956 0.01275069
v 0.01552377 0.00330262 0.01302988
v 0.01554456 0.00330262 0.01300338
v 0.01576009 0.00330262 0.01272230
v 0.01640450 0.00330262 0.01187527
v 0.01422948 0.05010946 0.01422707
v 0.01075033 0.00330262 0.01717037
v 0.01274920 0.04924956 0.01573279
v 0.01246584 0.00330262 0.01597223
v 0.01249319 0.00330262 0.01594952
v 0.01277436 0.00330262 0.01571197
v 0.01407522 0.04974619 0.01457629
v 0.01405005 0.05004968 0.01455074
v 0.01301178 0.00330262 0.01551039
v 0.01355663 0.00330262 0.01504760
v 0.01358070 0.00330262 0.01502678
v 0.01380608 0.00330262 0.01482614
v 0.01432576 0.00330262 0.01431603
v 0.01407522 0.00330262 0.01457629
f 918 919 922
f 918 922 928
f 918 928 935
f 918 935 944
f 918 944 957
f 918 957 977
f 918 977 1002
f 918 1002 1026
f 918 1026 1027
f 918 1027 1036
f 918 1036 1074
f 918 1074 1073
f 918 1073 1072
f 918 1072 1071
f 918 1071 1069
f 918 1069 1068
f 918 1068 1067
f 918 1067 1066
f 918 1066 1087
f 918 1087 1088
f 918 1088 1086
f 918 1086 1085
f 918 1085 1084
f 918 1084 1083
f 918 1083 1080
f 918 1080 1079
f 918 1079 1078
f 918 1078 1051
f 918 1051 1050
f 918 1050 1047
f 918 1047 1046
f 918 1046 1045
f 918 1045 1044
f 918 1044 1043
f 918 1043 1042
f 918 1042 1076
f 918 1076 1041
f 918 1041 1013
f 918 1013 1039
f 918 1039 1011
f 918 1011 988
f 918 988 985
f 918 985 984
f 918 984 963
f 918 963 948
f 918 948 947
f 918 947 937
f 918 937 929
f 918 929 923
f 918 923 920
f 918 920 924
f 918 924 932
f 918 932 941
f 918 941 954
f 918 954 973
f 918 973 998
f 918 998 999
f 918 999 974
f 918 974 955
f 918 955 942
f 918 942 933
f 918 933 925
f 918 925 921
f 918 921 919
f 919 921 922
f 920 923 924
f 921 925 926
f 921 926 927
f 921 927 922
f 922 927 926
f 922 926 934
f 922 934 943
f 922 943 956
f 922 956 976
f 922 976 1001
f 922 1001 980
f 922 980 960
f 922 960 946
f 922 946 936
f 922 936 928
f 923 929 924
f 924 930 931
f 924 931 932
f 924 929 930
f 925 933 926
f 926 933 934
f 928 936 945
f 928 945 935
f 929 937 930
f 930 938 939
f 930 939 931
f 930 937 938
f 931 939 940
f 931 940 941
f 931 941 932
f 933 942 934
f 934 942 943
f 935 945 958
f 935 958 944
f 936 946 959
f 936 959 945
f 937 947 938
f 938 947 948
f 938 948 939
f 939 949 950
f 939 950 940
f 939 948 949
f 940 951 952
f 940 952 953
f 940 953 941
f 940 950 951
f 941 953 954
f 942 955 943
f 943 955 956
f 944 958 957
f 945 959 958
f 946 960 961
f 946 961 962
f 946 962 959
f 948 963 949
f 949 964 965
f 949 965 950
f 949 963 984
f 949 984 964
f 950 965 951
f 951 965 966
f 951 966 967
f 951 967 968
f 951 968 952
f 952 968 969
f 952 969 970
f 952 970 971
f 952 971 972
f 952 972 953
f 953 972 973
f 953 973 954
f 955 974 975
f 955 975 956
f 956 975 974
f 956 974 999
f 956 999 996
f 956 996 997
f 956 997 995
f 956 995 1024
f 956 1024 1060
f 956 1060 1025
f 956 1025 1000
f 956 1000 976
f 957 958 978
f 957 978 977
f 958 959 979
f 958 979 978
f 959 962 979
f 960 980 981
f 960 981 961
f 961 981 982
f 961 982 983
f 961 983 962
f 962 983 979
f 964 966 965
f 964 984 985
f 964 985 966
f 966 986 1010
f 966 1010 987
f 966 987 967
f 966 985 988
f 966 988 1011
f 966 1011 986
f 967 989 969
f 967 969 968
f 967 987 990
f 967 990 991
f 967 991 989
f 969 989 992
f 969 992 993
f 969 993 970
f 970 993 994
f 970 994 995
f 970 995 971
f 971 996 972
f 971 995 997
f 971 997 996
f 972 998 973
f 972 996 998
f 976 1000 1001
f 977 978 1002
f 978 979 1003
f 978 1003 1002
f 979 1004 1005
f 979 1005 1003
f 979 983 1006
f 979 1006 1004
f 980 1001 981
f 981 1007 982
f 981 1001 1000
f 981 1000 1008
f 981 1008 1007
f 982 1009 983
f 982 1007 1009
f 983 1009 1006
f 986 1011 1039
f 986 1039 1010
f 987 1012 990
f 987 1010 1039
f 987 1039 1013
f 987 1013 1041
f 987 1041 1012
f 989 991 1014
f 989 1014 992
f 990 1015 991
f 990 1012 1040
f 990 1040 1015
f 991 1015 1016
f 991 1016 1017
f 991 1017 1018
f 991 1018 1019
f 991 1019 1020
f 991 1020 1014
f 992 1014 1021
f 992 1021 1022
f 992 1022 1023
f 992 1023 994
f 992 994 993
f 994 1023 1024
f 994 1024 995
f 996 999 998
f 1000 1025 1008
f 1002 1003 1026
f 1003 1005 1027
f 1003 1027 1026
f 1004 1006 1028
f 1004 1028 1029
f 1004 1029 1030
f 1004 1030 1031
f 1004 1031 1032
f 1004 1032 1033
f 1004 1033 1034
f 1004 1034 1035
f 1004 1035 1005
f 1005 1035 1074
f 1005 1074 1036
f 1005 1036 1027
f 1006 1009 1037
f 1006 1037 1028
f 1007 1008 1037
f 1007 1037 1009
f 1008 1038 1037
f 1008 1025 1038
f 1012 1041 1076
f 1012 1076 1040
f 1014 1020 1021
f 1015 1040 1016
f 1016 1040 1042
f 1016 1042 1043
f 1016 1043 1044
f 1016 1044 1017
f 1017 1044 1045
f 1017 1045 1018
f 1018 1045 1046
f 1018 1046 1047
f 1018 1047 1019
f 1019 1048 1049
f 1019 1049 1020
f 1019 1047 1050
f 1019 1050 1051
f 1019 1051 1048
f 1020 1052 1021
f 1020 1049 1053
f 1020 1053 1054
f 1020 1054 1055
f 1020 1055 1052
f 1021 1056 1057
f 1021 1057 1022
f 1021 1052 1056
f 1022 1057 1023
f 1023 1057 1058
f 1023 1058 1024
f 1024 1058 1059
f 1024 1059 1060
f 1025 1060 1059
f 1025 1059 1061
f 1025 1061 1038
f 1028 1037 1038
f 1028 1038 1029
f 1029 1038 1030
f 1030 1038 1062
f 1030 1062 1031
f 1031 1063 1064
f 1031 1064 1032
f 1031 1062 1065
f 1031 1065 1063
f 1032 1064 1066
f 1032 1066 1067
f 1032 1067 1068
f 1032 1068 1033
f 1033 1068 1069
f 1033 1069 1034
f 1034 1070 1035
f 1034 1069 1071
f 1034 1071 1072
f 1034 1072 1070
f 1035 1070 1073
f 1035 1073 1074
f 1038 1061 1075
f 1038 1075 1062
f 1040 1076 1042
f 1048 1077 1053
f 1048 1053 1049
f 1048 1051 1078
f 1048 1078 1079
f 1048 1079 1080
f 1048 1080 1077
f 1052 1055 1081
f 1052 1081 1082
f 1052 1082 1057
f 1052 1057 1056
f 1053 1077 1080
f 1053 1080 1083
f 1053 1083 1084
f 1053 1084 1054
f 1054 1084 1085
f 1054 1085 1055
f 1055 1085 1086
f 1055 1086 1088
f 1055 1088 1081
f 1057 1082 1075
f 1057 1075 1059
f 1057 1059 1058
f 1059 1075 1061
f 1062 1075 1082
f 1062 1082 1065
f 1063 1065 1081
f 1063 1081 1088
f 1063 1088 1087
f 1063 1087 1066
f 1063 1066 1064
f 1065 1082 1081
f 1070 1072 1073

o geometry_2
v -0.01475119 0.05027040 0.00925057
v -0.01725011 0.05027040 0.00925057
v -0.01422056 0.05016004 0.00925057
v -0.01475051 0.05027040 0.00924967
v -0.01824955 0.05027040 0.00724963
v -0.01774949 0.05024741 0.00874966
v -0.01727457 0.05026580 0.00925057
v -0.01416756 0.05014165 0.00925057
v -0.01685469 0.05013705 -0.00000321
v -0.01724944 0.05027040 -0.00000321
v -0.01475051 0.05024281 0.00874966
v -0.01874961 0.05027040 0.00574961
v -0.01874961 0.05025661 0.00624961
v -0.01824955 0.05023821 0.00774964
v -0.01812385 0.05010946 0.00874966
v -0.01777667 0.05014625 0.00925057
v -0.01391618 0.04974619 0.00925057
v -0.01670725 0.04974619 -0.00000321
v -0.01949629 0.05027040 -0.00000321
v -0.01924966 0.05027040 0.00375048
v -0.01924966 0.05026580 0.00425049
v -0.01924966 0.05024281 0.00474959
v -0.01912397 0.05011865 0.00624961
v -0.01860625 0.05010026 0.00774964
v -0.01779705 0.05013705 0.00925057
v -0.01804776 0.05005428 0.00910292
v -0.01330469 0.00330262 0.00925057
v -0.01332983 0.00330262 0.00884205
v -0.01338623 0.00330262 0.00838552
v -0.01626970 0.00330262 -0.00000321
v -0.01974972 0.05026580 -0.00000321
v -0.01974972 0.05026580 0.00075043
v -0.01974972 0.05025661 0.00125044
v -0.01974972 0.05024281 0.00175044
v -0.01974972 0.05021522 0.00225045
v -0.01964101 0.05012785 0.00425049
v -0.01959209 0.05010486 0.00474959
v -0.01953502 0.05004508 0.00524960
v -0.01950309 0.05000370 0.00551047
v -0.01904448 0.05004968 0.00674962
v -0.01900167 0.04999910 0.00700506
v -0.01853491 0.05004508 0.00807573
v -0.01802466 0.04974619 0.00925057
v -0.01807154 0.04974619 0.00915456
v -0.01802670 0.00330262 0.00925057
v -0.02024570 0.00330262 -0.00000321
v -0.02012272 0.05012785 -0.00000321
v -0.02012272 0.05012785 0.00075043
v -0.02011185 0.05012325 0.00125044
v -0.02008671 0.05010486 0.00175044
v -0.01974972 0.05018303 0.00275046
v -0.02005954 0.05007727 0.00225045
v -0.02003236 0.05004508 0.00275046
v -0.02001266 0.05001749 0.00308289
v -0.01997393 0.04974619 0.00337457
v -0.01968450 0.04974619 0.00474959
v -0.01956967 0.04974619 0.00524960
v -0.01950513 0.04974619 0.00551591
v -0.01900235 0.04974619 0.00700778
v -0.01891606 0.04924956 0.00725778
v -0.01891267 0.04974619 0.00725778
v -0.01871563 0.04974619 0.00774964
v -0.01855257 0.04974619 0.00811468
v -0.01802670 0.04924956 0.00925057
v -0.01825906 0.04924956 0.00874966
v -0.01807154 0.00330262 0.00915456
v -0.02024570 0.00330262 0.00075043
v -0.02024570 0.04974619 -0.00000321
v -0.02024570 0.04974619 0.00075043
v -0.02022328 0.04974619 0.00125044
v -0.02017436 0.04974619 0.00175044
v -0.02006565 0.04974619 0.00275046
v -0.02001877 0.04974619 0.00312456
v -0.01997937 0.04924956 0.00337457
v -0.01990463 0.04924956 0.00375048
v -0.01979456 0.04924956 0.00425049
v -0.01968450 0.00330262 0.00474959
v -0.01967362 0.00330262 0.00479760
v -0.01956967 0.00330262 0.00524960
v -0.01956356 0.00330262 0.00527496
v -0.01942088 0.04924956 0.00576591
v -0.01950513 0.00330262 0.00551591
v -0.01908116 0.00330262 0.00677408
v -0.01900235 0.00330262 0.00700778
v -0.01871903 0.04924956 0.00774964
v -0.01891606 0.00330262 0.00725778
v -0.01843707 0.04924956 0.00836469
v -0.01855257 0.00330262 0.00811468
v -0.01854170 0.00330262 0.00813823
v -0.01825906 0.00330262 0.00874966
v -0.02022328 0.00330262 0.00125044
v -0.02017436 0.00330262 0.00175044
v -0.02006565 0.00330262 0.00275046
v -0.02001877 0.00330262 0.00312456
v -0.02001537 0.00330262 0.00314811
v -0.01997937 0.00330262 0.00337457
v -0.01997257 0.00330262 0.00341080
v -0.01990463 0.00330262 0.00375048
v -0.01979456 0.00330262 0.00425049
v -0.01871903 0.00330262 0.00774964
v -0.01843707 0.00330262 0.00836469
f 1089 1090 1095
f 1089 1095 1104
f 1089 1104 1113
f 1089 1113 1131
f 1089 1131 1152
f 1089 1152 1133
f 1089 1133 1115
f 1089 1115 1105
f 1089 1105 1096
f 1089 1096 1091
f 1089 1091 1092
f 1089 1092 1098
f 1089 1098 1107
f 1089 1107 1108
f 1089 1108 1100
f 1089 1100 1093
f 1089 1093 1090
f 1090 1093 1094
f 1090 1094 1095
f 1091 1096 1097
f 1091 1097 1098
f 1091 1098 1099
f 1091 1099 1092
f 1092 1099 1098
f 1093 1100 1101
f 1093 1101 1102
f 1093 1102 1094
f 1094 1102 1103
f 1094 1103 1104
f 1094 1104 1095
f 1096 1105 1097
f 1097 1105 1106
f 1097 1106 1118
f 1097 1118 1134
f 1097 1134 1156
f 1097 1156 1135
f 1097 1135 1119
f 1097 1119 1107
f 1097 1107 1098
f 1100 1108 1109
f 1100 1109 1101
f 1101 1109 1110
f 1101 1110 1111
f 1101 1111 1102
f 1102 1111 1112
f 1102 1112 1103
f 1103 1113 1104
f 1103 1112 1114
f 1103 1114 1113
f 1105 1115 1116
f 1105 1116 1117
f 1105 1117 1106
f 1106 1117 1118
f 1107 1119 1120
f 1107 1120 1108
f 1108 1120 1109
f 1109 1120 1121
f 1109 1121 1122
f 1109 1122 1110
f 1110 1122 1123
f 1110 1123 1124
f 1110 1124 1125
f 1110 1125 1111
f 1111 1125 1126
f 1111 1126 1127
f 1111 1127 1128
f 1111 1128 1112
f 1112 1128 1129
f 1112 1129 1130
f 1112 1130 1114
f 1113 1114 1131
f 1114 1130 1132
f 1114 1132 1131
f 1115 1133 1154
f 1115 1154 1178
f 1115 1178 1189
f 1115 1189 1177
f 1115 1177 1176
f 1115 1176 1188
f 1115 1188 1174
f 1115 1174 1172
f 1115 1172 1171
f 1115 1171 1170
f 1115 1170 1168
f 1115 1168 1167
f 1115 1167 1166
f 1115 1166 1165
f 1115 1165 1187
f 1115 1187 1186
f 1115 1186 1185
f 1115 1185 1184
f 1115 1184 1183
f 1115 1183 1182
f 1115 1182 1181
f 1115 1181 1180
f 1115 1180 1179
f 1115 1179 1155
f 1115 1155 1134
f 1115 1134 1118
f 1115 1118 1117
f 1115 1117 1116
f 1119 1135 1136
f 1119 1136 1120
f 1120 1136 1137
f 1120 1137 1121
f 1121 1137 1122
f 1122 1137 1123
f 1123 1137 1138
f 1123 1138 1139
f 1123 1139 1124
f 1124 1139 1138
f 1124 1138 1140
f 1124 1140 1141
f 1124 1141 1125
f 1125 1141 1142
f 1125 1142 1126
f 1126 1142 1127
f 1127 1129 1128
f 1127 1142 1143
f 1127 1143 1144
f 1127 1144 1145
f 1127 1145 1146
f 1127 1146 1129
f 1129 1146 1147
f 1129 1147 1148
f 1129 1148 1149
f 1129 1149 1150
f 1129 1150 1130
f 1130 1150 1151
f 1130 1151 1132
f 1131 1132 1152
f 1132 1151 1153
f 1132 1153 1178
f 1132 1178 1154
f 1132 1154 1133
f 1132 1133 1152
f 1134 1155 1157
f 1134 1157 1156
f 1135 1156 1157
f 1135 1157 1136
f 1136 1157 1137
f 1137 1157 1158
f 1137 1158 1138
f 1138 1158 1140
f 1140 1158 1141
f 1141 1158 1142
f 1142 1158 1159
f 1142 1159 1160
f 1142 1160 1161
f 1142 1161 1143
f 1143 1161 1162
f 1143 1162 1163
f 1143 1163 1144
f 1144 1163 1164
f 1144 1164 1187
f 1144 1187 1165
f 1144 1165 1166
f 1144 1166 1145
f 1145 1166 1167
f 1145 1167 1168
f 1145 1168 1146
f 1146 1169 1147
f 1146 1168 1170
f 1146 1170 1171
f 1146 1171 1169
f 1147 1169 1171
f 1147 1171 1172
f 1147 1172 1174
f 1147 1174 1148
f 1148 1173 1150
f 1148 1150 1149
f 1148 1174 1188
f 1148 1188 1173
f 1150 1173 1151
f 1151 1175 1153
f 1151 1173 1188
f 1151 1188 1176
f 1151 1176 1177
f 1151 1177 1175
f 1153 1175 1189
f 1153 1189 1178
f 1155 1179 1158
f 1155 1158 1157
f 1158 1179 1180
f 1158 1180 1159
f 1159 1180 1181
f 1159 1181 1160
f 1160 1181 1182
f 1160 1182 1161
f 1161 1182 1183
f 1161 1183 1162
f 1162 1183 1184
f 1162 1184 1185
f 1162 1185 1163
f 1163 1185 1186
f 1163 1186 1187
f 1163 1187 1164
f 1175 1177 1189

o geometry_3
v 0.01950282 0.05027040 -0.00000321
v 0.01724997 0.05027040 -0.00000321
v 0.01974967 0.05026580 -0.00000321
v 0.01974967 0.05026580 -0.00075006
v 0.01924973 0.05027040 -0.00375066
v 0.01425033 0.05027040 -0.01024909
v 0.01375039 0.05024741 -0.01036985
v 0.01375039 0.05023821 -0.01024909
v 0.01327155 0.05010026 -0.01036985
v 0.01705468 0.05020603 -0.00000321
v 0.01993871 0.05019683 -0.00000321
v 0.02012228 0.05012785 -0.00075006
v 0.02011134 0.05012325 -0.00125033
v 0.01974967 0.05025661 -0.00125033
v 0.01924973 0.05026580 -0.00425093
v 0.01874979 0.05027040 -0.00574971
v 0.01425033 0.05027040 -0.01036985
v 0.01317703 0.05005428 -0.01036985
v 0.01685470 0.05013705 -0.00000321
v 0.02012228 0.05012785 -0.00000321
v 0.02018321 0.04993932 -0.00000321
v 0.02024492 0.04974619 -0.00075006
v 0.02022305 0.04974619 -0.00125033
v 0.02008713 0.05010486 -0.00175060
v 0.01974967 0.05021522 -0.00225087
v 0.01974967 0.05024281 -0.00175060
v 0.01924973 0.05024281 -0.00475019
v 0.01874979 0.05025661 -0.00624998
v 0.01824985 0.05027040 -0.00724951
v 0.01625009 0.05027040 -0.01036985
v 0.01670707 0.04974619 -0.00000321
v 0.01677971 0.04993932 -0.00000321
v 0.01309500 0.04974619 -0.01036985
v 0.02024492 0.04974619 -0.00000321
v 0.02024492 0.00330262 -0.00075006
v 0.02024336 0.00330262 -0.00079877
v 0.02017462 0.04974619 -0.00175060
v 0.02001292 0.05001749 -0.00308296
v 0.02003244 0.05004508 -0.00275013
v 0.02005979 0.05007727 -0.00225087
v 0.02022305 0.00330262 -0.00125033
v 0.02021836 0.00330262 -0.00129904
v 0.01964109 0.05012785 -0.00425093
v 0.01974967 0.05018303 -0.00275013
v 0.01959187 0.05010486 -0.00475019
v 0.01912396 0.05011865 -0.00624998
v 0.01824985 0.05023821 -0.00774978
v 0.01774991 0.05024741 -0.00874930
v 0.01724997 0.05027040 -0.00924957
v 0.01674925 0.05027040 -0.01024909
v 0.01674925 0.05025661 -0.01036985
v 0.01237947 0.00330262 -0.00987770
v 0.01626962 0.00330262 -0.00000321
v 0.01226542 0.00330262 -0.01036985
v 0.02024492 0.00330262 -0.00000321
v 0.02011993 0.04974619 -0.00225087
v 0.02017462 0.00330262 -0.00175060
v 0.01950282 0.05000370 -0.00551023
v 0.01953485 0.05004508 -0.00524944
v 0.02006525 0.04974619 -0.00275013
v 0.02001916 0.04974619 -0.00312457
v 0.01997386 0.04974619 -0.00337419
v 0.01968405 0.04974619 -0.00475019
v 0.01904428 0.05004968 -0.00674924
v 0.01860605 0.05010026 -0.00774978
v 0.01812408 0.05010946 -0.00874930
v 0.01777725 0.05014165 -0.00926175
v 0.01724997 0.05023821 -0.00974984
v 0.01721482 0.05011865 -0.01036985
v 0.01738823 0.00330262 -0.01036985
v 0.02011993 0.00330262 -0.00225087
v 0.02006135 0.00330262 -0.00278666
v 0.01900132 0.04999910 -0.00700495
v 0.01957000 0.04974619 -0.00524944
v 0.01950516 0.04974619 -0.00551531
v 0.01997933 0.04924956 -0.00337419
v 0.02001916 0.00330262 -0.00312457
v 0.01990433 0.04924956 -0.00375066
v 0.01979419 0.04924956 -0.00425093
v 0.01978404 0.00330262 -0.00429863
v 0.01968405 0.00330262 -0.00475019
v 0.01967311 0.00330262 -0.00479890
v 0.01853497 0.05004508 -0.00807551
v 0.01804753 0.05005428 -0.00910243
v 0.01762414 0.05010026 -0.00974984
v 0.01726169 0.05013245 -0.01023590
v 0.01753665 0.05004508 -0.01006137
v 0.01738277 0.04976918 -0.01036985
v 0.01738823 0.04974619 -0.01036985
v 0.01755540 0.00330262 -0.01009181
v 0.01908959 0.04974619 -0.00674924
v 0.01900210 0.04974619 -0.00700800
v 0.01891305 0.04974619 -0.00725762
v 0.01871620 0.04974619 -0.00774978
v 0.01957000 0.00330262 -0.00524944
v 0.01942080 0.04924956 -0.00576595
v 0.01950516 0.00330262 -0.00551531
v 0.01924192 0.00330262 -0.00629768
v 0.01997933 0.00330262 -0.00337419
v 0.01997230 0.00330262 -0.00341072
v 0.01990433 0.00330262 -0.00375066
v 0.01989418 0.00330262 -0.00379836
v 0.01855294 0.04974619 -0.00811407
v 0.01807175 0.04974619 -0.00915418
v 0.01794832 0.04974619 -0.00940483
v 0.01775381 0.04974619 -0.00974984
v 0.01755540 0.04974619 -0.01009181
v 0.01775928 0.00330262 -0.00974984
v 0.01908959 0.00330262 -0.00674924
v 0.01899429 0.00330262 -0.00703134
v 0.01891539 0.04924956 -0.00725762
v 0.01871854 0.04924956 -0.00774978
v 0.01843733 0.04924956 -0.00836471
v 0.01870292 0.00330262 -0.00778428
v 0.01855294 0.00330262 -0.00811407
v 0.01795379 0.04924956 -0.00940483
v 0.01807175 0.00330262 -0.00915418
v 0.01775928 0.04924956 -0.00974984
v 0.01795379 0.00330262 -0.00940483
v 0.01891539 0.00330262 -0.00725762
v 0.01871854 0.00330262 -0.00774978
v 0.01843733 0.00330262 -0.00836471
f 1190 1191 1199
f 1190 1199 1208
f 1190 1208 1221
f 1190 1221 1220
f 1190 1220 1242
f 1190 1242 1244
f 1190 1244 1223
f 1190 1223 1210
f 1190 1210 1209
f 1190 1209 1200
f 1190 1200 1192
f 1190 1192 1193
f 1190 1193 1194
f 1190 1194 1205
f 1190 1205 1218
f 1190 1218 1238
f 1190 1238 1239
f 1190 1239 1219
f 1190 1219 1206
f 1190 1206 1195
f 1190 1195 1191
f 1191 1195 1196
f 1191 1196 1197
f 1191 1197 1198
f 1191 1198 1199
f 1192 1200 1193
f 1193 1200 1201
f 1193 1201 1202
f 1193 1202 1203
f 1193 1203 1204
f 1193 1204 1194
f 1194 1204 1205
f 1195 1206 1196
f 1196 1206 1219
f 1196 1219 1240
f 1196 1240 1258
f 1196 1258 1277
f 1196 1277 1278
f 1196 1278 1259
f 1196 1259 1243
f 1196 1243 1222
f 1196 1222 1207
f 1196 1207 1198
f 1196 1198 1197
f 1198 1207 1208
f 1198 1208 1199
f 1200 1209 1201
f 1201 1209 1210
f 1201 1210 1211
f 1201 1211 1202
f 1202 1211 1212
f 1202 1212 1213
f 1202 1213 1214
f 1202 1214 1215
f 1202 1215 1203
f 1203 1215 1204
f 1204 1215 1216
f 1204 1216 1217
f 1204 1217 1205
f 1205 1217 1218
f 1207 1220 1221
f 1207 1221 1208
f 1207 1222 1220
f 1210 1223 1211
f 1211 1223 1244
f 1211 1244 1224
f 1211 1224 1225
f 1211 1225 1212
f 1212 1226 1227
f 1212 1227 1228
f 1212 1228 1229
f 1212 1229 1213
f 1212 1225 1230
f 1212 1230 1231
f 1212 1231 1226
f 1213 1232 1233
f 1213 1233 1214
f 1213 1229 1232
f 1214 1233 1232
f 1214 1232 1216
f 1214 1216 1215
f 1216 1232 1234
f 1216 1234 1235
f 1216 1235 1217
f 1217 1235 1236
f 1217 1236 1218
f 1218 1236 1237
f 1218 1237 1238
f 1219 1239 1240
f 1220 1222 1241
f 1220 1241 1242
f 1222 1243 1241
f 1224 1244 1242
f 1224 1242 1241
f 1224 1241 1243
f 1224 1243 1259
f 1224 1259 1279
f 1224 1279 1297
f 1224 1297 1308
f 1224 1308 1306
f 1224 1306 1311
f 1224 1311 1304
f 1224 1304 1303
f 1224 1303 1310
f 1224 1310 1309
f 1224 1309 1299
f 1224 1299 1298
f 1224 1298 1287
f 1224 1287 1286
f 1224 1286 1284
f 1224 1284 1271
f 1224 1271 1270
f 1224 1270 1269
f 1224 1269 1291
f 1224 1291 1290
f 1224 1290 1289
f 1224 1289 1288
f 1224 1288 1266
f 1224 1266 1261
f 1224 1261 1260
f 1224 1260 1246
f 1224 1246 1231
f 1224 1231 1230
f 1224 1230 1225
f 1226 1245 1227
f 1226 1231 1246
f 1226 1246 1260
f 1226 1260 1245
f 1227 1247 1248
f 1227 1248 1234
f 1227 1234 1228
f 1227 1245 1249
f 1227 1249 1250
f 1227 1250 1251
f 1227 1251 1252
f 1227 1252 1247
f 1228 1234 1232
f 1228 1232 1229
f 1234 1248 1235
f 1235 1248 1247
f 1235 1247 1253
f 1235 1253 1254
f 1235 1254 1236
f 1236 1254 1255
f 1236 1255 1237
f 1237 1255 1256
f 1237 1256 1257
f 1237 1257 1239
f 1237 1239 1238
f 1239 1257 1240
f 1240 1257 1258
f 1245 1260 1261
f 1245 1261 1249
f 1247 1262 1253
f 1247 1252 1263
f 1247 1263 1264
f 1247 1264 1262
f 1249 1261 1250
f 1250 1265 1251
f 1250 1261 1266
f 1250 1266 1288
f 1250 1288 1265
f 1251 1265 1267
f 1251 1267 1252
f 1252 1267 1268
f 1252 1268 1269
f 1252 1269 1270
f 1252 1270 1271
f 1252 1271 1263
f 1253 1262 1254
f 1254 1262 1272
f 1254 1272 1273
f 1254 1273 1255
f 1255 1273 1274
f 1255 1274 1256
f 1256 1274 1257
f 1257 1274 1275
f 1257 1275 1258
f 1258 1275 1274
f 1258 1274 1276
f 1258 1276 1277
f 1259 1278 1296
f 1259 1296 1279
f 1262 1264 1280
f 1262 1280 1281
f 1262 1281 1282
f 1262 1282 1283
f 1262 1283 1272
f 1263 1271 1284
f 1263 1284 1286
f 1263 1286 1264
f 1264 1285 1280
f 1264 1286 1287
f 1264 1287 1285
f 1265 1288 1289
f 1265 1289 1267
f 1267 1289 1290
f 1267 1290 1291
f 1267 1291 1269
f 1267 1269 1268
f 1272 1283 1292
f 1272 1292 1293
f 1272 1293 1273
f 1273 1276 1274
f 1273 1293 1294
f 1273 1294 1276
f 1276 1294 1295
f 1276 1295 1296
f 1276 1296 1278
f 1276 1278 1277
f 1279 1296 1307
f 1279 1307 1297
f 1280 1285 1287
f 1280 1287 1298
f 1280 1298 1299
f 1280 1299 1281
f 1281 1300 1282
f 1281 1299 1300
f 1282 1300 1301
f 1282 1301 1283
f 1283 1301 1292
f 1292 1302 1293
f 1292 1301 1303
f 1292 1303 1304
f 1292 1304 1311
f 1292 1311 1302
f 1293 1305 1294
f 1293 1302 1311
f 1293 1311 1306
f 1293 1306 1308
f 1293 1308 1305
f 1294 1305 1307
f 1294 1307 1295
f 1295 1307 1296
f 1297 1307 1305
f 1297 1305 1308
f 1299 1309 1300
f 1300 1309 1310
f 1300 1310 1301
f 1301 1310 1303

o geometry_4
v -0.01724967 0.05027040 -0.00000321
v -0.01949649 0.05027040 -0.00000321
v -0.01685459 0.05013705 -0.00000321
v -0.01340246 0.05021522 -0.01059805
v -0.01375016 0.05026121 -0.01059805
v -0.01390273 0.05027040 -0.01059805
v -0.01924997 0.05027040 -0.00375019
v -0.01974944 0.05026580 -0.00075095
v -0.01974944 0.05026580 -0.00000321
v -0.01325872 0.05016464 -0.01059805
v -0.01678152 0.04994392 -0.00000321
v -0.01295840 0.05002669 -0.01059805
v -0.01302424 0.05007267 -0.01059805
v -0.01640170 0.05027040 -0.01059805
v -0.01874969 0.05027040 -0.00574968
v -0.01924997 0.05026580 -0.00425006
v -0.01974944 0.05025661 -0.00125082
v -0.02011160 0.05012325 -0.00125082
v -0.02012284 0.05012785 -0.00075095
v -0.02012284 0.05012785 -0.00000321
v -0.01670684 0.04974619 -0.00000321
v -0.01291503 0.04974619 -0.01059805
v -0.01674940 0.05027040 -0.01024959
v -0.01674940 0.05022442 -0.01059805
v -0.01824942 0.05027040 -0.00724931
v -0.01874969 0.05025661 -0.00624956
v -0.01924997 0.05024281 -0.00475097
v -0.01974944 0.05024281 -0.00175069
v -0.01974944 0.05021522 -0.00225057
v -0.02008670 0.05010486 -0.00175069
v -0.02022322 0.04974619 -0.00125082
v -0.02024570 0.04974619 -0.00075095
v -0.02024570 0.04974619 -0.00000321
v -0.01626920 0.00330262 -0.00000321
v -0.01204297 0.00330262 -0.01059805
v -0.01724967 0.05027040 -0.00924984
v -0.01724967 0.05023821 -0.00974971
v -0.01774995 0.05024741 -0.00874996
v -0.01690117 0.05018303 -0.01059805
v -0.01774995 0.05027040 -0.00824905
v -0.01824942 0.05023821 -0.00774918
v -0.01912390 0.05011865 -0.00624956
v -0.01959205 0.05010486 -0.00475097
v -0.01964103 0.05012785 -0.00425006
v -0.01974944 0.05018303 -0.00275044
v -0.02005940 0.05007727 -0.00225057
v -0.02003290 0.05004508 -0.00275044
v -0.02001283 0.05001749 -0.00308334
v -0.02017423 0.04974619 -0.00175069
v -0.02017905 0.00330262 -0.00170299
v -0.02022322 0.00330262 -0.00125082
v -0.02022562 0.00330262 -0.00120208
v -0.02024570 0.00330262 -0.00075095
v -0.02024570 0.00330262 -0.00000321
v -0.01725048 0.00330262 -0.01059805
v -0.01726172 0.05013245 -0.01023610
v -0.01762388 0.05010026 -0.00974971
v -0.01777725 0.05014165 -0.00926125
v -0.01812415 0.05010946 -0.00874996
v -0.01713324 0.05008647 -0.01059805
v -0.01860596 0.05010026 -0.00774918
v -0.01904440 0.05004968 -0.00674943
v -0.01950292 0.05000370 -0.00551012
v -0.01953504 0.05004508 -0.00525085
v -0.01997428 0.04974619 -0.00337477
v -0.02001925 0.04974619 -0.00312483
v -0.02006583 0.04974619 -0.00275044
v -0.02012525 0.00330262 -0.00220286
v -0.02017423 0.00330262 -0.00175069
v -0.01741911 0.00330262 -0.01031803
v -0.01725048 0.04974619 -0.01059805
v -0.01753635 0.05004508 -0.01006084
v -0.01804706 0.05005428 -0.00910257
v -0.01853529 0.05004508 -0.00807586
v -0.01900104 0.04999910 -0.00700455
v -0.01950532 0.04974619 -0.00551530
v -0.01956957 0.04974619 -0.00525085
v -0.01968440 0.04974619 -0.00475097
v -0.01990442 0.04924956 -0.00375019
v -0.01997990 0.04924956 -0.00337477
v -0.02001925 0.00330262 -0.00312483
v -0.02006583 0.00330262 -0.00275044
v -0.01757489 0.00330262 -0.01005876
v -0.01740465 0.04974619 -0.01034189
v -0.01755482 0.04974619 -0.01009195
v -0.01775396 0.04974619 -0.00974971
v -0.01794829 0.04974619 -0.00940436
v -0.01807115 0.04974619 -0.00915443
v -0.01855296 0.04974619 -0.00811423
v -0.01871597 0.04974619 -0.00774918
v -0.01891271 0.04974619 -0.00725760
v -0.01900264 0.04974619 -0.00700767
v -0.01950532 0.00330262 -0.00551530
v -0.01956957 0.00330262 -0.00525085
v -0.01958081 0.00330262 -0.00520210
v -0.01968440 0.00330262 -0.00475097
v -0.01990442 0.00330262 -0.00375019
v -0.01997990 0.00330262 -0.00337477
v -0.01775878 0.00330262 -0.00974971
v -0.01775878 0.04924956 -0.00974971
v -0.01795391 0.04924956 -0.00940436
v -0.01825906 0.04924956 -0.00874996
v -0.01808962 0.00330262 -0.00911606
v -0.01871918 0.04924956 -0.00774918
v -0.01855296 0.00330262 -0.00811423
v -0.01856902 0.00330262 -0.00807897
v -0.01891592 0.04924956 -0.00725760
v -0.01900264 0.00330262 -0.00700767
v -0.01777805 0.00330262 -0.00971653
v -0.01795391 0.00330262 -0.00940436
v -0.01796515 0.00330262 -0.00938051
v -0.01825906 0.00330262 -0.00874996
v -0.01871918 0.00330262 -0.00774918
v -0.01891592 0.00330262 -0.00725760
f 1312 1313 1320
f 1312 1320 1331
f 1312 1331 1344
f 1312 1344 1365
f 1312 1365 1345
f 1312 1345 1332
f 1312 1332 1322
f 1312 1322 1314
f 1312 1314 1315
f 1312 1315 1316
f 1312 1316 1317
f 1312 1317 1325
f 1312 1325 1334
f 1312 1334 1347
f 1312 1347 1351
f 1312 1351 1336
f 1312 1336 1326
f 1312 1326 1318
f 1312 1318 1313
f 1313 1318 1319
f 1313 1319 1320
f 1314 1321 1315
f 1314 1322 1323
f 1314 1323 1324
f 1314 1324 1321
f 1315 1321 1324
f 1315 1324 1323
f 1315 1323 1333
f 1315 1333 1346
f 1315 1346 1366
f 1315 1366 1382
f 1315 1382 1371
f 1315 1371 1350
f 1315 1350 1335
f 1315 1335 1325
f 1315 1325 1317
f 1315 1317 1316
f 1318 1326 1327
f 1318 1327 1319
f 1319 1327 1328
f 1319 1328 1329
f 1319 1329 1330
f 1319 1330 1331
f 1319 1331 1320
f 1322 1332 1323
f 1323 1332 1333
f 1325 1335 1334
f 1326 1336 1337
f 1326 1337 1327
f 1327 1337 1338
f 1327 1338 1339
f 1327 1339 1328
f 1328 1339 1329
f 1329 1340 1341
f 1329 1341 1342
f 1329 1342 1343
f 1329 1343 1330
f 1329 1339 1340
f 1330 1343 1344
f 1330 1344 1331
f 1332 1345 1346
f 1332 1346 1333
f 1334 1335 1348
f 1334 1348 1349
f 1334 1349 1347
f 1335 1350 1348
f 1336 1351 1349
f 1336 1349 1352
f 1336 1352 1337
f 1337 1352 1353
f 1337 1353 1338
f 1338 1353 1354
f 1338 1354 1355
f 1338 1355 1340
f 1338 1340 1339
f 1340 1355 1356
f 1340 1356 1341
f 1341 1356 1355
f 1341 1355 1357
f 1341 1357 1342
f 1342 1357 1358
f 1342 1358 1359
f 1342 1359 1360
f 1342 1360 1361
f 1342 1361 1362
f 1342 1362 1363
f 1342 1363 1343
f 1343 1363 1364
f 1343 1364 1365
f 1343 1365 1344
f 1345 1365 1364
f 1345 1364 1363
f 1345 1363 1362
f 1345 1362 1361
f 1345 1361 1380
f 1345 1380 1379
f 1345 1379 1393
f 1345 1393 1392
f 1345 1392 1409
f 1345 1409 1408
f 1345 1408 1407
f 1345 1407 1406
f 1345 1406 1405
f 1345 1405 1404
f 1345 1404 1419
f 1345 1419 1425
f 1345 1425 1424
f 1345 1424 1417
f 1345 1417 1416
f 1345 1416 1423
f 1345 1423 1414
f 1345 1414 1422
f 1345 1422 1421
f 1345 1421 1420
f 1345 1420 1410
f 1345 1410 1394
f 1345 1394 1381
f 1345 1381 1366
f 1345 1366 1346
f 1347 1349 1351
f 1348 1350 1367
f 1348 1367 1368
f 1348 1368 1369
f 1348 1369 1349
f 1349 1369 1370
f 1349 1370 1352
f 1350 1371 1367
f 1352 1370 1372
f 1352 1372 1353
f 1353 1372 1373
f 1353 1373 1374
f 1353 1374 1375
f 1353 1375 1354
f 1354 1375 1359
f 1354 1359 1358
f 1354 1358 1355
f 1355 1358 1357
f 1359 1375 1374
f 1359 1374 1376
f 1359 1376 1377
f 1359 1377 1378
f 1359 1378 1360
f 1360 1378 1379
f 1360 1379 1380
f 1360 1380 1361
f 1366 1381 1382
f 1367 1371 1368
f 1368 1370 1369
f 1368 1371 1383
f 1368 1383 1384
f 1368 1384 1370
f 1370 1384 1372
f 1371 1382 1383
f 1372 1384 1385
f 1372 1385 1386
f 1372 1386 1373
f 1373 1386 1374
f 1374 1386 1387
f 1374 1387 1388
f 1374 1388 1389
f 1374 1389 1376
f 1376 1389 1390
f 1376 1390 1391
f 1376 1391 1377
f 1377 1391 1409
f 1377 1409 1392
f 1377 1392 1393
f 1377 1393 1378
f 1378 1393 1379
f 1381 1394 1395
f 1381 1395 1382
f 1382 1395 1383
f 1383 1395 1396
f 1383 1396 1397
f 1383 1397 1398
f 1383 1398 1384
f 1384 1398 1399
f 1384 1399 1385
f 1385 1399 1400
f 1385 1400 1401
f 1385 1401 1386
f 1386 1401 1402
f 1386 1402 1403
f 1386 1403 1387
f 1387 1403 1419
f 1387 1419 1404
f 1387 1404 1405
f 1387 1405 1388
f 1388 1405 1406
f 1388 1406 1389
f 1389 1406 1407
f 1389 1407 1408
f 1389 1408 1390
f 1390 1408 1409
f 1390 1409 1391
f 1394 1410 1411
f 1394 1411 1396
f 1394 1396 1395
f 1396 1411 1397
f 1397 1411 1412
f 1397 1412 1398
f 1398 1412 1399
f 1399 1413 1400
f 1399 1412 1414
f 1399 1414 1413
f 1400 1415 1401
f 1400 1413 1423
f 1400 1423 1416
f 1400 1416 1417
f 1400 1417 1415
f 1401 1415 1418
f 1401 1418 1402
f 1402 1418 1403
f 1403 1418 1425
f 1403 1425 1419
f 1410 1420 1411
f 1411 1420 1412
f 1412 1420 1421
f 1412 1421 1422
f 1412 1422 1414
f 1413 1414 1423
f 1415 1417 1424
f 1415 1424 1425
f 1415 1425 1418

o geometry_5
v 0.01707063 0.05027040 0.00942883
v 0.01457178 0.05027040 0.00942883
v 0.01724957 0.05026121 0.00942883
v 0.01724957 0.05027040 0.00924972
v 0.01724957 0.05027040 -0.00000321
v 0.01423124 0.05019683 0.00942883
v 0.01759704 0.05017384 0.00942883
v 0.01774962 0.05024741 0.00874931
v 0.01824967 0.05027040 0.00724993
v 0.01950291 0.05027040 -0.00000321
v 0.01705468 0.05020603 -0.00000321
v 0.01404329 0.05014165 0.00942883
v 0.01772465 0.05012785 0.00942883
v 0.01777736 0.05014165 0.00926172
v 0.01812413 0.05010946 0.00874931
v 0.01824967 0.05023821 0.00774942
v 0.01874971 0.05025661 0.00624912
v 0.01874971 0.05027040 0.00574963
v 0.01924976 0.05027040 0.00375077
v 0.01974981 0.05026580 0.00075017
v 0.01974981 0.05026580 -0.00000321
v 0.01685494 0.05013705 -0.00000321
v 0.01389557 0.05008187 0.00942883
v 0.01793549 0.04974619 0.00942883
v 0.01804784 0.05005428 0.00910292
v 0.01860615 0.05010026 0.00774942
v 0.01912423 0.05011865 0.00624912
v 0.01924976 0.05024281 0.00474974
v 0.01924976 0.05026580 0.00425026
v 0.01974981 0.05025661 0.00125058
v 0.02011184 0.05012325 0.00125058
v 0.02012225 0.05012785 0.00075017
v 0.01993846 0.05019683 -0.00000321
v 0.01670652 0.04974619 -0.00000321
v 0.01379361 0.04974619 0.00942883
v 0.01794034 0.04924956 0.00942883
v 0.01794866 0.04974619 0.00940483
v 0.01807142 0.04974619 0.00915462
v 0.01853471 0.05004508 0.00807626
v 0.01900147 0.04999910 0.00700527
v 0.01904447 0.05004968 0.00674953
v 0.01959238 0.05010486 0.00474974
v 0.01950291 0.05000370 0.00551051
v 0.01953481 0.05004508 0.00524923
v 0.01974981 0.05024281 0.00175006
v 0.01964092 0.05012785 0.00425026
v 0.01974981 0.05021522 0.00225047
v 0.02008688 0.05010486 0.00175006
v 0.02022350 0.04974619 0.00125058
v 0.02024570 0.04974619 0.00075017
v 0.02018328 0.04993932 -0.00000321
v 0.02012225 0.05012785 -0.00000321
v 0.01627028 0.00330262 -0.00000321
v 0.01316110 0.00330262 0.00942883
v 0.01795352 0.04924956 0.00940483
v 0.01794034 0.00330262 0.00942883
v 0.01855275 0.04974619 0.00811411
v 0.01807142 0.00330262 0.00915462
v 0.01808946 0.00330262 0.00911585
v 0.01871573 0.04974619 0.00774942
v 0.01891270 0.04974619 0.00725732
v 0.01891617 0.04924956 0.00725732
v 0.01900217 0.04974619 0.00700712
v 0.01908955 0.04974619 0.00674953
v 0.01950499 0.04974619 0.00551605
v 0.02001267 0.05001749 0.00308325
v 0.02003278 0.05004508 0.00275088
v 0.01957018 0.04974619 0.00524923
v 0.01968462 0.04974619 0.00474974
v 0.01974981 0.05018303 0.00275088
v 0.02005983 0.05007727 0.00225047
v 0.02017426 0.04974619 0.00175006
v 0.02017912 0.00330262 0.00170206
v 0.02022350 0.00330262 0.00125058
v 0.02024570 0.04974619 -0.00000321
v 0.02024570 0.00330262 0.00075017
v 0.02024570 0.00330262 -0.00000321
v 0.01795352 0.00330262 0.00940483
v 0.01871920 0.04924956 0.00774942
v 0.01855275 0.00330262 0.00811411
v 0.01891617 0.00330262 0.00725732
v 0.01901049 0.00330262 0.00698311
v 0.01942107 0.04924956 0.00576533
v 0.01908955 0.00330262 0.00674953
v 0.01950499 0.00330262 0.00551605
v 0.01997383 0.04974619 0.00337408
v 0.02001891 0.04974619 0.00312480
v 0.02006538 0.04974619 0.00275088
v 0.02012017 0.04974619 0.00225047
v 0.01957018 0.00330262 0.00524923
v 0.01990447 0.04924956 0.00375077
v 0.01968462 0.00330262 0.00474974
v 0.01969502 0.00330262 0.00470266
v 0.01980530 0.00330262 0.00420225
v 0.02017426 0.00330262 0.00175006
v 0.01871920 0.00330262 0.00774942
v 0.01942107 0.00330262 0.00576533
v 0.01997938 0.04924956 0.00337408
v 0.01998354 0.00330262 0.00335008
v 0.02001891 0.00330262 0.00312480
v 0.02002376 0.00330262 0.00308879
v 0.02006538 0.00330262 0.00275088
v 0.02007093 0.00330262 0.00270287
v 0.02012017 0.00330262 0.00225047
v 0.01990447 0.00330262 0.00375077
v 0.01997938 0.00330262 0.00337408
f 1426 1427 1431
f 1426 1431 1437
f 1426 1437 1448
f 1426 1448 1460
f 1426 1460 1479
f 1426 1479 1481
f 1426 1481 1461
f 1426 1461 1449
f 1426 1449 1438
f 1426 1438 1432
f 1426 1432 1428
f 1426 1428 1429
f 1426 1429 1434
f 1426 1434 1443
f 1426 1443 1444
f 1426 1444 1435
f 1426 1435 1430
f 1426 1430 1427
f 1427 1430 1431
f 1428 1432 1433
f 1428 1433 1429
f 1429 1433 1434
f 1430 1435 1446
f 1430 1446 1458
f 1430 1458 1477
f 1430 1477 1476
f 1430 1476 1500
f 1430 1500 1502
f 1430 1502 1478
f 1430 1478 1459
f 1430 1459 1447
f 1430 1447 1436
f 1430 1436 1437
f 1430 1437 1431
f 1432 1438 1439
f 1432 1439 1433
f 1433 1439 1440
f 1433 1440 1441
f 1433 1441 1434
f 1434 1441 1442
f 1434 1442 1443
f 1435 1444 1445
f 1435 1445 1446
f 1436 1447 1437
f 1437 1447 1448
f 1438 1440 1439
f 1438 1449 1450
f 1438 1450 1440
f 1440 1450 1451
f 1440 1451 1441
f 1441 1452 1442
f 1441 1451 1452
f 1442 1452 1453
f 1442 1453 1454
f 1442 1454 1443
f 1443 1454 1444
f 1444 1454 1445
f 1445 1454 1455
f 1445 1455 1456
f 1445 1456 1457
f 1445 1457 1458
f 1445 1458 1446
f 1447 1459 1448
f 1448 1459 1460
f 1449 1461 1480
f 1449 1480 1462
f 1449 1462 1450
f 1450 1462 1463
f 1450 1463 1464
f 1450 1464 1451
f 1451 1464 1465
f 1451 1465 1466
f 1451 1466 1452
f 1452 1467 1453
f 1452 1466 1468
f 1452 1468 1469
f 1452 1469 1467
f 1453 1470 1454
f 1453 1467 1471
f 1453 1471 1472
f 1453 1472 1470
f 1454 1470 1455
f 1455 1470 1456
f 1456 1470 1472
f 1456 1472 1473
f 1456 1473 1474
f 1456 1474 1475
f 1456 1475 1457
f 1457 1475 1476
f 1457 1476 1477
f 1457 1477 1458
f 1459 1478 1479
f 1459 1479 1460
f 1461 1481 1503
f 1461 1503 1480
f 1462 1480 1463
f 1463 1482 1464
f 1463 1480 1503
f 1463 1503 1483
f 1463 1483 1484
f 1463 1484 1482
f 1464 1482 1485
f 1464 1485 1465
f 1465 1485 1486
f 1465 1486 1487
f 1465 1487 1488
f 1465 1488 1489
f 1465 1489 1490
f 1465 1490 1468
f 1465 1468 1466
f 1467 1469 1491
f 1467 1491 1492
f 1467 1492 1471
f 1468 1491 1469
f 1468 1490 1493
f 1468 1493 1494
f 1468 1494 1491
f 1471 1495 1472
f 1471 1492 1496
f 1471 1496 1473
f 1471 1473 1495
f 1472 1495 1473
f 1473 1496 1474
f 1474 1496 1492
f 1474 1492 1491
f 1474 1491 1497
f 1474 1497 1498
f 1474 1498 1499
f 1474 1499 1501
f 1474 1501 1475
f 1475 1500 1476
f 1475 1501 1502
f 1475 1502 1500
f 1478 1502 1501
f 1478 1501 1499
f 1478 1499 1498
f 1478 1498 1520
f 1478 1520 1529
f 1478 1529 1528
f 1478 1528 1527
f 1478 1527 1526
f 1478 1526 1525
f 1478 1525 1524
f 1478 1524 1531
f 1478 1531 1530
f 1478 1530 1519
f 1478 1519 1518
f 1478 1518 1517
f 1478 1517 1515
f 1478 1515 1510
f 1478 1510 1522
f 1478 1522 1509
f 1478 1509 1507
f 1478 1507 1506
f 1478 1506 1521
f 1478 1521 1505
f 1478 1505 1484
f 1478 1484 1483
f 1478 1483 1503
f 1478 1503 1481
f 1478 1481 1479
f 1482 1504 1485
f 1482 1484 1505
f 1482 1505 1521
f 1482 1521 1504
f 1485 1504 1487
f 1485 1487 1486
f 1487 1504 1521
f 1487 1521 1506
f 1487 1506 1507
f 1487 1507 1488
f 1488 1507 1489
f 1489 1508 1490
f 1489 1507 1509
f 1489 1509 1522
f 1489 1522 1508
f 1490 1508 1522
f 1490 1522 1510
f 1490 1510 1515
f 1490 1515 1493
f 1491 1494 1511
f 1491 1511 1512
f 1491 1512 1513
f 1491 1513 1514
f 1491 1514 1497
f 1493 1515 1517
f 1493 1517 1494
f 1494 1516 1511
f 1494 1517 1518
f 1494 1518 1519
f 1494 1519 1516
f 1497 1514 1529
f 1497 1529 1520
f 1497 1520 1498
f 1511 1516 1523
f 1511 1523 1512
f 1512 1523 1524
f 1512 1524 1525
f 1512 1525 1526
f 1512 1526 1513
f 1513 1526 1527
f 1513 1527 1528
f 1513 1528 1514
f 1514 1528 1529
f 1516 1519 1530
f 1516 1530 1531
f 1516 1531 1523
f 1523 1531 1524

o geometry_6
v -0.00781390 0.00330262 0.01402684
v 0.00023421 0.00330262 0.01628150
v -0.00781390 0.00330262 0.01867960
v -0.00781390 0.04974619 0.01476171
v 0.00023421 0.04974619 0.01671608
v 0.00023421 0.00330262 0.02026165
v -0.00723093 0.00330262 0.01891215
v -0.00781390 0.04924956 0.01867960
v -0.00781390 0.05009567 0.01487890
v 0.00023421 0.04975998 0.01672035
v -0.00025029 0.00330262 0.02026165
v 0.00023421 0.04974619 0.02026165
v -0.00700563 0.00330262 0.01900187
v -0.00700563 0.04974619 0.01900187
v -0.00725536 0.04924956 0.01890238
v -0.00781390 0.04974619 0.01867899
v -0.00781390 0.05023361 0.01525061
v -0.00774930 0.05022902 0.01525061
v 0.00023421 0.05014165 0.01687111
v 0.00023421 0.05013705 0.01685890
v -0.00070248 0.00330262 0.02023724
v -0.00025029 0.04974619 0.02026165
v 0.00023421 0.05013245 0.02013042
v -0.00674959 0.00330262 0.01910197
v -0.00674959 0.04974619 0.01910197
v -0.00700326 0.04999910 0.01900126
v -0.00781390 0.05009107 0.01858927
v -0.00781390 0.05027040 0.01575049
v -0.00724984 0.05027040 0.01575049
v 0.00023421 0.05027040 0.01724953
v -0.00175025 0.00330262 0.02018047
v -0.00175025 0.04974619 0.02018047
v -0.00025029 0.05013245 0.02013042
v -0.00125079 0.05011406 0.02010357
v -0.00175025 0.05010486 0.02009014
v -0.00225050 0.05008647 0.02006817
v 0.00023421 0.05027040 0.01974956
v -0.00670154 0.00330262 0.01911845
v -0.00624934 0.04924956 0.01927287
v -0.00624934 0.04974619 0.01926738
v -0.00514801 0.05004968 0.01954082
v -0.00674959 0.05005428 0.01905070
v -0.00774930 0.05010026 0.01860148
v -0.00781390 0.05022442 0.01825296
v -0.00781390 0.05027040 0.01774942
v -0.00225050 0.00330262 0.02013653
v -0.00225050 0.04974619 0.02013653
v -0.00025029 0.05027040 0.01974956
v -0.00125079 0.05025201 0.01974956
v -0.00175025 0.05024281 0.01974956
v -0.00225050 0.05022442 0.01974956
v -0.00275075 0.05004508 0.02003216
v -0.00424992 0.05013245 0.01964824
v -0.00474938 0.05010486 0.01959575
v -0.00624934 0.00330262 0.01927287
v -0.00574988 0.04924956 0.01941447
v -0.00522206 0.04974619 0.01956157
v -0.00572310 0.00330262 0.01942241
v -0.00304932 0.05000829 0.02000774
v -0.00624934 0.05012325 0.01913127
v -0.00474938 0.04974619 0.01969219
v -0.00424992 0.04974619 0.01980388
v -0.00774930 0.05023821 0.01824991
v -0.00724984 0.05027040 0.01824991
v -0.00275075 0.00330262 0.02006512
v -0.00275075 0.04974619 0.02006512
v -0.00424992 0.05027040 0.01924968
v -0.00474938 0.05024281 0.01924968
v -0.00547179 0.04924956 0.01949199
v -0.00522206 0.00330262 0.01956157
v -0.00307374 0.04974619 0.02001201
v -0.00624934 0.05026121 0.01874979
v -0.00424992 0.04924956 0.01981060
v -0.00474938 0.00330262 0.01969219
v -0.00470133 0.00330262 0.01970378
v -0.00375046 0.04924956 0.01990093
v -0.00375046 0.00330262 0.01990093
v -0.00424992 0.00330262 0.01981060
v -0.00420186 0.00330262 0.01981975
f 1532 1533 1537
f 1532 1537 1542
f 1532 1542 1552
f 1532 1552 1562
f 1532 1562 1577
f 1532 1577 1596
f 1532 1596 1608
f 1532 1608 1610
f 1532 1610 1609
f 1532 1609 1606
f 1532 1606 1605
f 1532 1605 1601
f 1532 1601 1589
f 1532 1589 1586
f 1532 1586 1569
f 1532 1569 1555
f 1532 1555 1544
f 1532 1544 1538
f 1532 1538 1534
f 1532 1534 1539
f 1532 1539 1547
f 1532 1547 1558
f 1532 1558 1575
f 1532 1575 1576
f 1532 1576 1559
f 1532 1559 1548
f 1532 1548 1540
f 1532 1540 1535
f 1532 1535 1536
f 1532 1536 1533
f 1533 1536 1541
f 1533 1541 1551
f 1533 1551 1550
f 1533 1550 1561
f 1533 1561 1568
f 1533 1568 1554
f 1533 1554 1543
f 1533 1543 1537
f 1534 1538 1539
f 1535 1540 1541
f 1535 1541 1536
f 1537 1543 1553
f 1537 1553 1542
f 1538 1544 1545
f 1538 1545 1546
f 1538 1546 1539
f 1539 1546 1545
f 1539 1545 1547
f 1540 1548 1549
f 1540 1549 1550
f 1540 1550 1551
f 1540 1551 1541
f 1542 1553 1552
f 1543 1554 1564
f 1543 1564 1553
f 1544 1555 1556
f 1544 1556 1545
f 1545 1556 1557
f 1545 1557 1547
f 1547 1557 1558
f 1548 1559 1560
f 1548 1560 1561
f 1548 1561 1549
f 1549 1561 1550
f 1552 1553 1563
f 1552 1563 1562
f 1553 1564 1565
f 1553 1565 1566
f 1553 1566 1567
f 1553 1567 1563
f 1554 1568 1579
f 1554 1579 1564
f 1555 1569 1556
f 1556 1570 1571
f 1556 1571 1557
f 1556 1569 1570
f 1557 1572 1573
f 1557 1573 1558
f 1557 1571 1572
f 1558 1573 1574
f 1558 1574 1575
f 1559 1576 1595
f 1559 1595 1598
f 1559 1598 1579
f 1559 1579 1568
f 1559 1568 1561
f 1559 1561 1560
f 1562 1563 1578
f 1562 1578 1577
f 1563 1567 1578
f 1564 1579 1580
f 1564 1580 1581
f 1564 1581 1565
f 1565 1581 1566
f 1566 1581 1582
f 1566 1582 1567
f 1567 1583 1578
f 1567 1582 1584
f 1567 1584 1585
f 1567 1585 1583
f 1569 1586 1570
f 1570 1587 1588
f 1570 1588 1571
f 1570 1586 1589
f 1570 1589 1587
f 1571 1588 1572
f 1572 1590 1585
f 1572 1585 1591
f 1572 1591 1573
f 1572 1588 1592
f 1572 1592 1593
f 1572 1593 1590
f 1573 1591 1574
f 1574 1591 1594
f 1574 1594 1575
f 1575 1594 1576
f 1576 1594 1595
f 1577 1578 1597
f 1577 1597 1596
f 1578 1583 1590
f 1578 1590 1597
f 1579 1598 1580
f 1580 1598 1581
f 1581 1598 1582
f 1582 1598 1599
f 1582 1599 1584
f 1583 1585 1590
f 1584 1599 1585
f 1585 1599 1591
f 1587 1600 1588
f 1587 1589 1600
f 1588 1600 1589
f 1588 1589 1601
f 1588 1601 1605
f 1588 1605 1592
f 1590 1593 1602
f 1590 1602 1597
f 1591 1599 1603
f 1591 1603 1594
f 1592 1604 1593
f 1592 1605 1606
f 1592 1606 1604
f 1593 1604 1607
f 1593 1607 1602
f 1594 1603 1595
f 1595 1603 1598
f 1596 1597 1607
f 1596 1607 1608
f 1597 1602 1607
f 1598 1603 1599
f 1604 1606 1609
f 1604 1609 1610
f 1604 1610 1607
f 1607 1610 1608

o geometry_7
v -0.00002418 0.00330262 -0.02026165
v 0.00025064 0.00330262 -0.02026165
v -0.00002418 0.00330262 -0.01628199
v -0.00002418 0.04974619 -0.02026165
v 0.00070223 0.00330262 -0.02023730
v 0.00025064 0.04974619 -0.02026165
v 0.00141063 0.00330262 -0.01591076
v -0.00002418 0.04974619 -0.01671600
v -0.00002418 0.05013245 -0.02013069
v 0.00120251 0.00330262 -0.02021024
v 0.00025064 0.05013245 -0.02013069
v 0.00125054 0.05011406 -0.02010363
v 0.00175016 0.05010486 -0.02009010
v 0.00225044 0.05008647 -0.02006792
v 0.00125054 0.04974619 -0.02020754
v 0.00582779 0.00330262 -0.01483603
v 0.00679034 0.04974619 -0.01526895
v 0.00679034 0.05010486 -0.01538259
v -0.00002418 0.05013705 -0.01685887
v -0.00002418 0.05027040 -0.01974972
v 0.00175016 0.00330262 -0.02018048
v 0.00175016 0.04974619 -0.02018048
v 0.00025064 0.05027040 -0.01974972
v 0.00125054 0.05025201 -0.01974972
v 0.00175016 0.05024281 -0.01974972
v 0.00225044 0.05022442 -0.01974972
v 0.00424957 0.05013245 -0.01964852
v 0.00474985 0.05010486 -0.01959603
v 0.00275005 0.05004508 -0.02003220
v 0.00679034 0.00330262 -0.01473321
v 0.00679034 0.05024281 -0.01575004
v 0.00674965 0.05024281 -0.01575004
v -0.00002418 0.05027040 -0.01725012
v 0.00220241 0.00330262 -0.02014043
v 0.00225044 0.04974619 -0.02013610
v 0.00424957 0.05027040 -0.01924969
v 0.00474985 0.05024281 -0.01924969
v 0.00514741 0.05004968 -0.01954083
v 0.00304956 0.05000829 -0.02000785
v 0.00624937 0.05012325 -0.01913118
v 0.00679034 0.00330262 -0.01908626
v 0.00679034 0.05027040 -0.01625007
v 0.00624937 0.05027040 -0.01625007
v 0.00225044 0.00330262 -0.02013610
v 0.00275005 0.04974619 -0.02006467
v 0.00270203 0.00330262 -0.02007171
v 0.00574975 0.05027040 -0.01874966
v 0.00624937 0.05026121 -0.01874966
v 0.00674965 0.05005428 -0.01905109
v 0.00679034 0.05004508 -0.01904297
v 0.00624937 0.04974619 -0.01926755
v 0.00522145 0.04974619 -0.01956140
v 0.00474985 0.04974619 -0.01969236
v 0.00424957 0.04974619 -0.01980383
v 0.00307424 0.04974619 -0.02001164
v 0.00679034 0.05018763 -0.01875075
v 0.00674965 0.00330262 -0.01910250
v 0.00679034 0.04974619 -0.01908626
v 0.00679034 0.05027040 -0.01824964
v 0.00332371 0.04924956 -0.01997105
v 0.00304289 0.00330262 -0.02001705
v 0.00275005 0.00330262 -0.02006467
v 0.00674965 0.04974619 -0.01910250
v 0.00624937 0.04924956 -0.01927296
v 0.00574975 0.04924956 -0.01941474
v 0.00547159 0.04924956 -0.01949213
v 0.00424957 0.04924956 -0.01981087
v 0.00474985 0.00330262 -0.01969236
v 0.00374995 0.04924956 -0.01990070
v 0.00624937 0.00330262 -0.01927296
v 0.00370860 0.00330262 -0.01990774
v 0.00332371 0.00330262 -0.01997105
v 0.00572307 0.00330262 -0.01942232
v 0.00547159 0.00330262 -0.01949213
v 0.00424957 0.00330262 -0.01981087
v 0.00420154 0.00330262 -0.01981953
v 0.00374995 0.00330262 -0.01990070
f 1611 1612 1615
f 1611 1615 1620
f 1611 1620 1631
f 1611 1631 1644
f 1611 1644 1654
f 1611 1654 1656
f 1611 1656 1672
f 1611 1672 1671
f 1611 1671 1682
f 1611 1682 1681
f 1611 1681 1687
f 1611 1687 1686
f 1611 1686 1685
f 1611 1685 1678
f 1611 1678 1684
f 1611 1684 1683
f 1611 1683 1680
f 1611 1680 1667
f 1611 1667 1651
f 1611 1651 1640
f 1611 1640 1626
f 1611 1626 1617
f 1611 1617 1613
f 1611 1613 1618
f 1611 1618 1629
f 1611 1629 1643
f 1611 1643 1630
f 1611 1630 1619
f 1611 1619 1614
f 1611 1614 1616
f 1611 1616 1612
f 1612 1616 1615
f 1613 1617 1618
f 1614 1619 1621
f 1614 1621 1616
f 1615 1616 1620
f 1616 1621 1622
f 1616 1622 1623
f 1616 1623 1624
f 1616 1624 1625
f 1616 1625 1620
f 1617 1626 1618
f 1618 1627 1628
f 1618 1628 1629
f 1618 1626 1627
f 1619 1630 1633
f 1619 1633 1621
f 1620 1625 1632
f 1620 1632 1631
f 1621 1633 1634
f 1621 1634 1635
f 1621 1635 1622
f 1622 1635 1623
f 1623 1635 1636
f 1623 1636 1624
f 1624 1636 1637
f 1624 1637 1638
f 1624 1638 1639
f 1624 1639 1632
f 1624 1632 1625
f 1626 1640 1627
f 1627 1640 1651
f 1627 1651 1668
f 1627 1668 1660
f 1627 1660 1666
f 1627 1666 1669
f 1627 1669 1652
f 1627 1652 1641
f 1627 1641 1628
f 1628 1641 1642
f 1628 1642 1629
f 1629 1642 1643
f 1630 1643 1653
f 1630 1653 1652
f 1630 1652 1669
f 1630 1669 1657
f 1630 1657 1646
f 1630 1646 1633
f 1631 1632 1644
f 1632 1639 1645
f 1632 1645 1644
f 1633 1646 1634
f 1634 1646 1635
f 1635 1646 1636
f 1636 1646 1647
f 1636 1647 1637
f 1637 1647 1638
f 1638 1648 1649
f 1638 1649 1639
f 1638 1647 1650
f 1638 1650 1648
f 1639 1649 1645
f 1641 1652 1653
f 1641 1653 1642
f 1642 1653 1643
f 1644 1645 1654
f 1645 1649 1655
f 1645 1655 1656
f 1645 1656 1654
f 1646 1657 1658
f 1646 1658 1647
f 1647 1658 1650
f 1648 1650 1659
f 1648 1659 1660
f 1648 1660 1661
f 1648 1661 1662
f 1648 1662 1663
f 1648 1663 1664
f 1648 1664 1649
f 1649 1664 1665
f 1649 1665 1655
f 1650 1658 1666
f 1650 1666 1659
f 1651 1667 1673
f 1651 1673 1668
f 1655 1665 1670
f 1655 1670 1671
f 1655 1671 1672
f 1655 1672 1656
f 1657 1669 1658
f 1658 1669 1666
f 1659 1666 1660
f 1660 1668 1673
f 1660 1673 1661
f 1661 1673 1674
f 1661 1674 1662
f 1662 1674 1675
f 1662 1675 1676
f 1662 1676 1663
f 1663 1677 1664
f 1663 1676 1684
f 1663 1684 1678
f 1663 1678 1685
f 1663 1685 1677
f 1664 1677 1679
f 1664 1679 1665
f 1665 1679 1670
f 1667 1680 1674
f 1667 1674 1673
f 1670 1679 1681
f 1670 1681 1682
f 1670 1682 1671
f 1674 1680 1683
f 1674 1683 1675
f 1675 1683 1676
f 1676 1683 1684
f 1677 1685 1686
f 1677 1686 1679
f 1679 1686 1687
f 1679 1687 1681

o geometry_8
v 0.00023485 0.00330262 0.01628153
v 0.00175022 0.00330262 0.01590908
v 0.00023485 0.00330262 0.02026165
v 0.00023485 0.04974619 0.01671587
v 0.00624327 0.00330262 0.01482834
v 0.00025019 0.00330262 0.02026165
v 0.00023485 0.04974619 0.02026165
v 0.00023485 0.04975998 0.01672072
v 0.00676352 0.05009107 0.01538486
v 0.00676352 0.04974619 0.01528098
v 0.00676352 0.00330262 0.01476376
v 0.00075062 0.00330262 0.02023474
v 0.00025019 0.04974619 0.02026165
v 0.00023485 0.05013245 0.02013033
v 0.00023485 0.05013705 0.01685850
v 0.00676352 0.05010486 0.01539024
v 0.00676352 0.00330262 0.01909695
v 0.00175022 0.00330262 0.02018038
v 0.00075062 0.04974619 0.02023474
v 0.00225001 0.05008647 0.02006789
v 0.00175022 0.05010486 0.02008996
v 0.00075062 0.05012325 0.02011687
v 0.00025019 0.05013245 0.02013033
v 0.00023485 0.05027040 0.01974981
v 0.00023485 0.05014165 0.01687088
v 0.00674946 0.05024281 0.01575031
v 0.00676352 0.05023821 0.01573685
v 0.00674946 0.00330262 0.01910233
v 0.00676352 0.04975998 0.01909695
v 0.00225001 0.00330262 0.02013625
v 0.00175022 0.04974619 0.02018038
v 0.00275045 0.05004508 0.02003237
v 0.00474964 0.05010486 0.01959587
v 0.00424984 0.05013245 0.01964862
v 0.00225001 0.05022442 0.01974981
v 0.00175022 0.05024281 0.01974981
v 0.00075062 0.05026121 0.01974981
v 0.00025019 0.05027040 0.01974981
v 0.00023485 0.05027040 0.01725032
v 0.00676352 0.05024281 0.01575031
v 0.00624967 0.05027040 0.01625031
v 0.00676352 0.05027040 0.01623686
v 0.00624967 0.00330262 0.01927294
v 0.00674946 0.04974619 0.01910233
v 0.00676352 0.05005428 0.01904851
v 0.00624967 0.04974619 0.01926756
v 0.00275045 0.00330262 0.02006466
v 0.00225001 0.04974619 0.02013625
v 0.00304956 0.05000829 0.02000761
v 0.00514781 0.05004968 0.01954098
v 0.00624967 0.05012325 0.01913086
v 0.00474964 0.05024281 0.01924980
v 0.00424984 0.05027040 0.01924980
v 0.00676352 0.05027040 0.01824979
v 0.00574987 0.00330262 0.01941503
v 0.00624967 0.04924956 0.01927294
v 0.00676352 0.05005888 0.01904205
v 0.00522195 0.04974619 0.01956143
v 0.00278113 0.00330262 0.02005982
v 0.00275045 0.04974619 0.02006466
v 0.00307385 0.04974619 0.02001192
v 0.00424984 0.04974619 0.01980417
v 0.00474964 0.04974619 0.01969222
v 0.00676352 0.05019223 0.01874980
v 0.00624967 0.05026121 0.01874980
v 0.00574987 0.05027040 0.01874980
v 0.00676352 0.05019683 0.01873634
v 0.00524560 0.00330262 0.01955497
v 0.00574987 0.04924956 0.01941503
v 0.00479501 0.00330262 0.01967984
v 0.00307385 0.00330262 0.02001192
v 0.00332374 0.04924956 0.01997101
v 0.00374940 0.04924956 0.01990104
v 0.00424984 0.04924956 0.01981062
v 0.00429777 0.00330262 0.01979932
v 0.00474964 0.00330262 0.01969222
v 0.00332374 0.00330262 0.01997101
v 0.00374940 0.00330262 0.01990104
v 0.00379798 0.00330262 0.01989243
v 0.00424984 0.00330262 0.01981062
f 1688 1689 1692
f 1688 1692 1698
f 1688 1698 1704
f 1688 1704 1715
f 1688 1715 1730
f 1688 1730 1742
f 1688 1742 1755
f 1688 1755 1757
f 1688 1757 1763
f 1688 1763 1762
f 1688 1762 1767
f 1688 1767 1766
f 1688 1766 1765
f 1688 1765 1764
f 1688 1764 1758
f 1688 1758 1746
f 1688 1746 1734
f 1688 1734 1717
f 1688 1717 1705
f 1688 1705 1699
f 1688 1699 1693
f 1688 1693 1690
f 1688 1690 1694
f 1688 1694 1701
f 1688 1701 1711
f 1688 1711 1726
f 1688 1726 1712
f 1688 1712 1702
f 1688 1702 1695
f 1688 1695 1691
f 1688 1691 1689
f 1689 1691 1692
f 1690 1693 1700
f 1690 1700 1694
f 1691 1695 1696
f 1691 1696 1697
f 1691 1697 1692
f 1692 1697 1698
f 1693 1699 1706
f 1693 1706 1700
f 1694 1700 1710
f 1694 1710 1701
f 1695 1702 1696
f 1696 1702 1703
f 1696 1703 1714
f 1696 1714 1727
f 1696 1727 1729
f 1696 1729 1741
f 1696 1741 1754
f 1696 1754 1751
f 1696 1751 1744
f 1696 1744 1732
f 1696 1732 1716
f 1696 1716 1704
f 1696 1704 1698
f 1696 1698 1697
f 1699 1705 1718
f 1699 1718 1706
f 1700 1706 1707
f 1700 1707 1708
f 1700 1708 1709
f 1700 1709 1710
f 1701 1710 1725
f 1701 1725 1711
f 1702 1712 1713
f 1702 1713 1703
f 1703 1713 1714
f 1704 1716 1731
f 1704 1731 1715
f 1705 1717 1735
f 1705 1735 1718
f 1706 1718 1707
f 1707 1719 1720
f 1707 1720 1721
f 1707 1721 1722
f 1707 1722 1708
f 1707 1718 1719
f 1708 1722 1723
f 1708 1723 1709
f 1709 1723 1710
f 1710 1723 1724
f 1710 1724 1725
f 1711 1725 1740
f 1711 1740 1753
f 1711 1753 1741
f 1711 1741 1729
f 1711 1729 1728
f 1711 1728 1726
f 1712 1726 1713
f 1713 1727 1714
f 1713 1726 1728
f 1713 1728 1729
f 1713 1729 1727
f 1715 1731 1743
f 1715 1743 1730
f 1716 1732 1733
f 1716 1733 1731
f 1717 1734 1747
f 1717 1747 1735
f 1718 1735 1719
f 1719 1736 1720
f 1719 1735 1736
f 1720 1736 1737
f 1720 1737 1738
f 1720 1738 1739
f 1720 1739 1721
f 1721 1739 1722
f 1722 1739 1740
f 1722 1740 1723
f 1723 1740 1724
f 1724 1740 1725
f 1730 1743 1756
f 1730 1756 1742
f 1731 1733 1743
f 1732 1737 1733
f 1732 1744 1738
f 1732 1738 1737
f 1733 1737 1745
f 1733 1745 1743
f 1734 1746 1747
f 1735 1747 1736
f 1736 1747 1748
f 1736 1748 1749
f 1736 1749 1737
f 1737 1749 1750
f 1737 1750 1745
f 1738 1751 1752
f 1738 1752 1739
f 1738 1744 1751
f 1739 1752 1740
f 1740 1752 1753
f 1741 1753 1752
f 1741 1752 1754
f 1742 1756 1755
f 1743 1745 1756
f 1745 1750 1757
f 1745 1757 1755
f 1745 1755 1756
f 1746 1758 1748
f 1746 1748 1747
f 1748 1759 1760
f 1748 1760 1749
f 1748 1758 1764
f 1748 1764 1759
f 1749 1760 1761
f 1749 1761 1750
f 1750 1761 1762
f 1750 1762 1763
f 1750 1763 1757
f 1751 1754 1752
f 1759 1764 1765
f 1759 1765 1760
f 1760 1765 1766
f 1760 1766 1761
f 1761 1766 1767
f 1761 1767 1762

o geometry_9
v -0.01725117 0.00330262 -0.01059805
v -0.01718330 0.00330262 -0.01071099
v -0.01204188 0.00330262 -0.01059805
v -0.01725117 0.04974619 -0.01059805
v -0.01701911 0.00330262 -0.01098315
v -0.00606854 0.00330262 -0.01493573
v -0.01291429 0.04974619 -0.01059805
v -0.01713295 0.05008647 -0.01059805
v -0.01700269 0.05000370 -0.01100523
v -0.01700379 0.04974619 -0.01100778
v -0.01700379 0.00330262 -0.01100778
v -0.01368271 0.00330262 -0.01493573
v -0.00748279 0.04974619 -0.01493573
v -0.01295698 0.05002669 -0.01059805
v -0.01690089 0.05018303 -0.01059805
v -0.01673670 0.05009567 -0.01120352
v -0.01707931 0.05006807 -0.01075005
v -0.01656265 0.05006348 -0.01158311
v -0.01551620 0.05001749 -0.01301952
v -0.01659330 0.04974619 -0.01162472
v -0.01684397 0.04974619 -0.01125787
v -0.01685930 0.00330262 -0.01123409
v -0.01380640 0.00330262 -0.01482618
v -0.01368271 0.04974619 -0.01493573
v -0.00751891 0.04996691 -0.01493573
v -0.00760757 0.05006348 -0.01493573
v -0.01302375 0.05007267 -0.01059805
v -0.01674984 0.05020603 -0.01075005
v -0.01674984 0.05022442 -0.01059805
v -0.01626163 0.05014165 -0.01174998
v -0.01610291 0.05008647 -0.01213593
v -0.01561581 0.05008187 -0.01275033
v -0.01521956 0.05008647 -0.01321144
v -0.01503238 0.05003129 -0.01353456
v -0.01504880 0.04974619 -0.01355197
v -0.01529837 0.04974619 -0.01327937
v -0.01552386 0.04974619 -0.01302929
v -0.01615436 0.04974619 -0.01220345
v -0.01640393 0.04974619 -0.01187481
v -0.01642254 0.00330262 -0.01185061
v -0.01659330 0.00330262 -0.01162472
v -0.01661738 0.00330262 -0.01158948
v -0.01684397 0.00330262 -0.01125787
v -0.01407568 0.00330262 -0.01457609
v -0.01380640 0.04974619 -0.01482618
v -0.01405050 0.05004968 -0.01455062
v -0.01359624 0.05005888 -0.01493573
v -0.00769843 0.05009567 -0.01493573
v -0.01325800 0.05016464 -0.01059805
v -0.01624959 0.05025201 -0.01125023
v -0.01640175 0.05027040 -0.01059805
v -0.01524911 0.05021982 -0.01275033
v -0.01472479 0.05010026 -0.01372053
v -0.01454089 0.05004048 -0.01404365
v -0.01407568 0.04974619 -0.01457609
v -0.01432525 0.04974619 -0.01431582
v -0.01481236 0.04974619 -0.01380205
v -0.01483535 0.00330262 -0.01377785
v -0.01504880 0.00330262 -0.01355197
v -0.01529837 0.00330262 -0.01327937
v -0.01532026 0.00330262 -0.01325517
v -0.01573841 0.04924956 -0.01275033
v -0.01552386 0.00330262 -0.01302929
v -0.01554466 0.00330262 -0.01300254
v -0.01576030 0.00330262 -0.01272188
v -0.01617844 0.00330262 -0.01217203
v -0.01409976 0.00330262 -0.01455104
v -0.01423002 0.05010946 -0.01422623
v -0.01372212 0.05010486 -0.01473022
v -0.01350429 0.05009567 -0.01493573
v -0.00806184 0.05016924 -0.01493573
v -0.01340139 0.05021522 -0.01059805
v -0.01574935 0.05027040 -0.01175040
v -0.01390163 0.05027040 -0.01059805
v -0.01474997 0.05022902 -0.01324965
v -0.01434824 0.00330262 -0.01429204
v -0.01424972 0.05023821 -0.01374983
v -0.01374948 0.05024281 -0.01424958
v -0.01306425 0.05022442 -0.01493573
v -0.00856537 0.05025201 -0.01493573
v -0.01374948 0.05026121 -0.01059805
v -0.01474997 0.05027040 -0.01275033
v -0.00925060 0.05027040 -0.01474975
v -0.01256401 0.05027040 -0.01493573
v -0.00906451 0.05027040 -0.01493573
f 1768 1769 1772
f 1768 1772 1778
f 1768 1778 1789
f 1768 1789 1810
f 1768 1810 1809
f 1768 1809 1808
f 1768 1808 1807
f 1768 1807 1833
f 1768 1833 1832
f 1768 1832 1831
f 1768 1831 1830
f 1768 1830 1828
f 1768 1828 1827
f 1768 1827 1826
f 1768 1826 1825
f 1768 1825 1843
f 1768 1843 1834
f 1768 1834 1811
f 1768 1811 1790
f 1768 1790 1779
f 1768 1779 1773
f 1768 1773 1770
f 1768 1770 1774
f 1768 1774 1781
f 1768 1781 1794
f 1768 1794 1816
f 1768 1816 1839
f 1768 1839 1848
f 1768 1848 1841
f 1768 1841 1818
f 1768 1818 1796
f 1768 1796 1782
f 1768 1782 1775
f 1768 1775 1771
f 1768 1771 1769
f 1769 1771 1772
f 1770 1773 1774
f 1771 1775 1776
f 1771 1776 1777
f 1771 1777 1772
f 1772 1777 1778
f 1773 1779 1791
f 1773 1791 1814
f 1773 1814 1837
f 1773 1837 1846
f 1773 1846 1851
f 1773 1851 1852
f 1773 1852 1847
f 1773 1847 1838
f 1773 1838 1815
f 1773 1815 1793
f 1773 1793 1792
f 1773 1792 1780
f 1773 1780 1774
f 1774 1780 1781
f 1775 1782 1783
f 1775 1783 1784
f 1775 1784 1776
f 1776 1784 1785
f 1776 1785 1786
f 1776 1786 1787
f 1776 1787 1788
f 1776 1788 1777
f 1777 1788 1789
f 1777 1789 1778
f 1779 1790 1812
f 1779 1812 1791
f 1780 1792 1781
f 1781 1792 1793
f 1781 1793 1794
f 1782 1795 1783
f 1782 1796 1795
f 1783 1795 1797
f 1783 1797 1785
f 1783 1785 1784
f 1785 1797 1798
f 1785 1798 1786
f 1786 1798 1799
f 1786 1799 1800
f 1786 1800 1801
f 1786 1801 1802
f 1786 1802 1803
f 1786 1803 1804
f 1786 1804 1805
f 1786 1805 1806
f 1786 1806 1787
f 1787 1806 1807
f 1787 1807 1808
f 1787 1808 1809
f 1787 1809 1788
f 1788 1809 1810
f 1788 1810 1789
f 1790 1811 1822
f 1790 1822 1812
f 1791 1812 1813
f 1791 1813 1814
f 1793 1815 1816
f 1793 1816 1794
f 1795 1796 1817
f 1795 1817 1797
f 1796 1818 1817
f 1797 1817 1819
f 1797 1819 1798
f 1798 1819 1799
f 1799 1819 1800
f 1800 1819 1820
f 1800 1820 1801
f 1801 1821 1822
f 1801 1822 1823
f 1801 1823 1824
f 1801 1824 1802
f 1801 1820 1821
f 1802 1824 1825
f 1802 1825 1826
f 1802 1826 1827
f 1802 1827 1803
f 1803 1827 1828
f 1803 1828 1804
f 1804 1829 1805
f 1804 1828 1830
f 1804 1830 1831
f 1804 1831 1829
f 1805 1829 1832
f 1805 1832 1833
f 1805 1833 1807
f 1805 1807 1806
f 1811 1834 1822
f 1812 1822 1813
f 1813 1822 1821
f 1813 1821 1820
f 1813 1820 1835
f 1813 1835 1836
f 1813 1836 1814
f 1814 1836 1837
f 1815 1838 1839
f 1815 1839 1816
f 1817 1818 1840
f 1817 1840 1819
f 1818 1841 1850
f 1818 1850 1852
f 1818 1852 1851
f 1818 1851 1849
f 1818 1849 1840
f 1819 1835 1820
f 1819 1840 1842
f 1819 1842 1835
f 1822 1834 1843
f 1822 1843 1823
f 1823 1843 1824
f 1824 1843 1825
f 1829 1831 1832
f 1835 1842 1844
f 1835 1844 1845
f 1835 1845 1836
f 1836 1845 1846
f 1836 1846 1837
f 1838 1847 1839
f 1839 1847 1848
f 1840 1849 1845
f 1840 1845 1844
f 1840 1844 1842
f 1841 1848 1847
f 1841 1847 1850
f 1845 1849 1851
f 1845 1851 1846
f 1847 1852 1850

o geometry_10
v 0.00679034 0.00330262 -0.01908672
v 0.00698122 0.00330262 -0.01901163
v 0.00679034 0.00330262 -0.01473255
v 0.00679034 0.04974619 -0.01908672
v 0.00725613 0.00330262 -0.01890241
v 0.00700612 0.04974619 -0.01900139
v 0.00725613 0.04924956 -0.01890241
v 0.00686296 0.00330262 -0.01436480
v 0.00679034 0.04974619 -0.01526839
v 0.00679034 0.05004508 -0.01904320
v 0.00700404 0.04999910 -0.01900139
v 0.00775098 0.00330262 -0.01870531
v 0.00813378 0.04974619 -0.01855258
v 0.00775098 0.04924956 -0.01870531
v 0.01188607 0.00330262 -0.01038606
v 0.01309361 0.04974619 -0.01036985
v 0.01317557 0.05005428 -0.01036985
v 0.00679034 0.05010486 -0.01538188
v 0.00679034 0.05018763 -0.01875053
v 0.00775098 0.05010026 -0.01860121
v 0.00808917 0.05004508 -0.01853466
v 0.00813378 0.00330262 -0.01855258
v 0.00838379 0.04974619 -0.01844507
v 0.00838379 0.04924956 -0.01845104
v 0.00835993 0.00330262 -0.01846128
v 0.01226472 0.00330262 -0.01036985
v 0.01327101 0.05010026 -0.01036985
v 0.01374925 0.05024741 -0.01036985
v 0.00679034 0.05024281 -0.01574963
v 0.00679034 0.05027040 -0.01824967
v 0.00725095 0.05027040 -0.01824967
v 0.00775098 0.05023821 -0.01824967
v 0.00875103 0.05010946 -0.01813022
v 0.00909027 0.05005428 -0.01804745
v 0.00875103 0.04974619 -0.01826759
v 0.00875103 0.04924956 -0.01827271
v 0.00838379 0.00330262 -0.01845104
v 0.01738847 0.00330262 -0.01036985
v 0.00725095 0.05027040 -0.01574963
v 0.01424928 0.05027040 -0.01036985
v 0.01374925 0.05027040 -0.01075040
v 0.00679034 0.05027040 -0.01624964
v 0.00875103 0.05024741 -0.01774966
v 0.00825101 0.05027040 -0.01774966
v 0.01024282 0.05013705 -0.01726672
v 0.00975005 0.05010026 -0.01761741
v 0.00975005 0.05023821 -0.01724965
v 0.01007165 0.05004508 -0.01753720
v 0.00913591 0.04974619 -0.01807134
v 0.00909856 0.00330262 -0.01809096
v 0.00875103 0.00330262 -0.01827271
v 0.01700463 0.00330262 -0.01100809
v 0.01738847 0.04974619 -0.01036985
v 0.01624940 0.05027040 -0.01036985
v 0.01025008 0.05027040 -0.01674965
v 0.01174913 0.05014165 -0.01626414
v 0.01075011 0.05006807 -0.01708412
v 0.01075011 0.05020603 -0.01674965
v 0.01125014 0.05024741 -0.01624964
v 0.01100117 0.04999910 -0.01700050
v 0.01035694 0.04974619 -0.01741860
v 0.01010692 0.04974619 -0.01755597
v 0.00938593 0.04924956 -0.01793909
v 0.00936207 0.00330262 -0.01795188
v 0.00913591 0.00330262 -0.01807134
v 0.01684383 0.00330262 -0.01125809
v 0.01700463 0.04974619 -0.01100809
v 0.01700255 0.05000370 -0.01100553
v 0.01738224 0.04976918 -0.01036985
v 0.01624940 0.05027040 -0.01075040
v 0.01674943 0.05025661 -0.01036985
v 0.01175017 0.05027040 -0.01574963
v 0.01214439 0.05008647 -0.01610800
v 0.01158107 0.05005888 -0.01655425
v 0.01274919 0.05021062 -0.01524962
v 0.01228651 0.05016004 -0.01578632
v 0.01221597 0.04974619 -0.01616175
v 0.01187051 0.04974619 -0.01641176
v 0.01162050 0.04974619 -0.01658155
v 0.01125222 0.04974619 -0.01683156
v 0.01100220 0.04974619 -0.01700050
v 0.01075011 0.04974619 -0.01716945
v 0.01035694 0.04924956 -0.01741945
v 0.01007269 0.00330262 -0.01757475
v 0.00971582 0.00330262 -0.01776417
v 0.01659382 0.00330262 -0.01162499
v 0.01684383 0.04974619 -0.01125809
v 0.01659382 0.04974619 -0.01162499
v 0.01551595 0.05001749 -0.01302006
v 0.01656166 0.05006348 -0.01158318
v 0.01707932 0.05006807 -0.01075040
v 0.01721418 0.05011865 -0.01036985
v 0.01574937 0.05027040 -0.01175042
v 0.01674943 0.05020603 -0.01075040
v 0.01624940 0.05025201 -0.01125041
v 0.01374925 0.05024281 -0.01425046
v 0.01324922 0.05022902 -0.01474961
v 0.01320461 0.05008187 -0.01521890
v 0.01353762 0.05003588 -0.01503204
v 0.01300751 0.05000829 -0.01550645
v 0.01372228 0.05010486 -0.01472999
v 0.01246598 0.04974619 -0.01596977
v 0.01246598 0.04924956 -0.01597233
v 0.01244212 0.00330262 -0.01599110
v 0.01221597 0.00330262 -0.01616175
v 0.01187051 0.00330262 -0.01641176
v 0.01184665 0.00330262 -0.01642797
v 0.01162050 0.00330262 -0.01658155
v 0.01122836 0.00330262 -0.01684777
v 0.01075011 0.04924956 -0.01717030
v 0.01097834 0.00330262 -0.01701672
v 0.01071277 0.00330262 -0.01719419
v 0.01035694 0.00330262 -0.01741945
v 0.01638011 0.00330262 -0.01190656
v 0.01640397 0.04974619 -0.01187499
v 0.01615396 0.04974619 -0.01220350
v 0.01552425 0.04974619 -0.01303030
v 0.01529913 0.04974619 -0.01328031
v 0.01504912 0.04974619 -0.01355250
v 0.01503252 0.05003129 -0.01353543
v 0.01521925 0.05008647 -0.01321205
v 0.01561554 0.05008187 -0.01275043
v 0.01610208 0.05008647 -0.01213609
v 0.01626081 0.05014165 -0.01175042
v 0.01673698 0.05009567 -0.01120348
v 0.01524934 0.05021982 -0.01275043
v 0.01424928 0.05023821 -0.01375045
v 0.01422957 0.05010946 -0.01422657
v 0.01405010 0.05004968 -0.01455166
v 0.01407500 0.04974619 -0.01457640
v 0.01380631 0.04974619 -0.01482555
v 0.01355629 0.04974619 -0.01504740
v 0.01301166 0.04974619 -0.01550986
v 0.01274919 0.04924956 -0.01573342
v 0.01272222 0.00330262 -0.01575646
v 0.01246598 0.00330262 -0.01597233
v 0.01075011 0.00330262 -0.01717030
v 0.01594232 0.00330262 -0.01248251
v 0.01596411 0.04924956 -0.01245350
v 0.01573796 0.04924956 -0.01275043
v 0.01571825 0.00330262 -0.01277689
v 0.01552425 0.00330262 -0.01303030
v 0.01529913 0.00330262 -0.01328031
v 0.01481259 0.04974619 -0.01380250
v 0.01504912 0.00330262 -0.01355250
v 0.01453975 0.00330262 -0.01409090
v 0.01454079 0.05004048 -0.01404482
v 0.01472441 0.05010026 -0.01372144
v 0.01456258 0.04974619 -0.01406616
v 0.01432501 0.04974619 -0.01431616
v 0.01430115 0.00330262 -0.01434176
v 0.01407500 0.00330262 -0.01457640
v 0.01404906 0.00330262 -0.01460115
v 0.01380631 0.00330262 -0.01482555
v 0.01378245 0.00330262 -0.01484689
v 0.01355629 0.00330262 -0.01504740
v 0.01352828 0.00330262 -0.01507214
f 1853 1854 1857
f 1853 1857 1864
f 1853 1864 1874
f 1853 1874 1877
f 1853 1877 1889
f 1853 1889 1903
f 1853 1903 1902
f 1853 1902 1917
f 1853 1917 1916
f 1853 1916 1937
f 1853 1937 1936
f 1853 1936 1965
f 1853 1965 1964
f 1853 1964 1989
f 1853 1989 1963
f 1853 1963 1961
f 1853 1961 1960
f 1853 1960 1959
f 1853 1959 1958
f 1853 1958 1957
f 1853 1957 1956
f 1853 1956 1988
f 1853 1988 1987
f 1853 1987 2009
f 1853 2009 2008
f 1853 2008 2007
f 1853 2007 2006
f 1853 2006 2005
f 1853 2005 2004
f 1853 2004 2003
f 1853 2003 1998
f 1853 1998 1997
f 1853 1997 1995
f 1853 1995 1994
f 1853 1994 1993
f 1853 1993 1990
f 1853 1990 1966
f 1853 1966 1938
f 1853 1938 1918
f 1853 1918 1904
f 1853 1904 1890
f 1853 1890 1878
f 1853 1878 1867
f 1853 1867 1860
f 1853 1860 1855
f 1853 1855 1861
f 1853 1861 1870
f 1853 1870 1881
f 1853 1881 1894
f 1853 1894 1882
f 1853 1882 1871
f 1853 1871 1862
f 1853 1862 1856
f 1853 1856 1854
f 1854 1856 1858
f 1854 1858 1859
f 1854 1859 1857
f 1855 1860 1861
f 1856 1862 1863
f 1856 1863 1858
f 1857 1859 1866
f 1857 1866 1864
f 1858 1863 1865
f 1858 1865 1859
f 1859 1865 1866
f 1860 1867 1861
f 1861 1868 1869
f 1861 1869 1870
f 1861 1867 1868
f 1862 1871 1872
f 1862 1872 1873
f 1862 1873 1863
f 1863 1873 1865
f 1864 1866 1865
f 1864 1865 1874
f 1865 1873 1875
f 1865 1875 1876
f 1865 1876 1877
f 1865 1877 1874
f 1867 1878 1868
f 1868 1878 1890
f 1868 1890 1905
f 1868 1905 1921
f 1868 1921 1944
f 1868 1944 1923
f 1868 1923 1906
f 1868 1906 1892
f 1868 1892 1880
f 1868 1880 1879
f 1868 1879 1869
f 1869 1879 1870
f 1870 1879 1880
f 1870 1880 1881
f 1871 1882 1883
f 1871 1883 1884
f 1871 1884 1872
f 1872 1885 1873
f 1872 1884 1885
f 1873 1885 1886
f 1873 1886 1887
f 1873 1887 1875
f 1875 1887 1876
f 1876 1887 1888
f 1876 1888 1903
f 1876 1903 1889
f 1876 1889 1877
f 1880 1891 1881
f 1880 1892 1893
f 1880 1893 1891
f 1881 1891 1894
f 1882 1894 1891
f 1882 1891 1893
f 1882 1893 1892
f 1882 1892 1906
f 1882 1906 1922
f 1882 1922 1945
f 1882 1945 1924
f 1882 1924 1907
f 1882 1907 1896
f 1882 1896 1883
f 1883 1895 1884
f 1883 1896 1895
f 1884 1895 1885
f 1885 1897 1898
f 1885 1898 1886
f 1885 1895 1899
f 1885 1899 1897
f 1886 1900 1901
f 1886 1901 1887
f 1886 1898 1900
f 1887 1901 1888
f 1888 1901 1902
f 1888 1902 1903
f 1890 1904 1919
f 1890 1919 1905
f 1895 1896 1907
f 1895 1907 1899
f 1897 1908 1909
f 1897 1909 1900
f 1897 1900 1898
f 1897 1899 1910
f 1897 1910 1908
f 1899 1907 1911
f 1899 1911 1910
f 1900 1909 1912
f 1900 1912 1913
f 1900 1913 1914
f 1900 1914 1901
f 1901 1914 1915
f 1901 1915 1916
f 1901 1916 1917
f 1901 1917 1902
f 1904 1918 1939
f 1904 1939 1919
f 1905 1919 1920
f 1905 1920 1921
f 1906 1923 1922
f 1907 1924 1911
f 1908 1925 1926
f 1908 1926 1909
f 1908 1910 1911
f 1908 1911 1927
f 1908 1927 1928
f 1908 1928 1925
f 1909 1926 1912
f 1911 1924 1927
f 1912 1929 1930
f 1912 1930 1931
f 1912 1931 1932
f 1912 1932 1933
f 1912 1933 1934
f 1912 1934 1913
f 1912 1926 1929
f 1913 1934 1962
f 1913 1962 1935
f 1913 1935 1914
f 1914 1935 1936
f 1914 1936 1915
f 1915 1936 1937
f 1915 1937 1916
f 1918 1938 1940
f 1918 1940 1939
f 1919 1939 1920
f 1920 1939 1940
f 1920 1940 1941
f 1920 1941 1942
f 1920 1942 1943
f 1920 1943 1921
f 1921 1943 1944
f 1922 1923 1945
f 1923 1944 1946
f 1923 1946 1947
f 1923 1947 1945
f 1924 1945 1948
f 1924 1948 1949
f 1924 1949 1927
f 1925 1950 1951
f 1925 1951 1952
f 1925 1952 1926
f 1925 1928 1953
f 1925 1953 1950
f 1926 1952 1929
f 1927 1949 1953
f 1927 1953 1928
f 1929 1952 1954
f 1929 1954 1955
f 1929 1955 1956
f 1929 1956 1957
f 1929 1957 1958
f 1929 1958 1930
f 1930 1958 1959
f 1930 1959 1931
f 1931 1959 1960
f 1931 1960 1961
f 1931 1961 1932
f 1932 1961 1963
f 1932 1963 1933
f 1933 1962 1934
f 1933 1963 1962
f 1935 1962 1964
f 1935 1964 1965
f 1935 1965 1936
f 1938 1966 1940
f 1940 1967 1941
f 1940 1966 1967
f 1941 1967 1968
f 1941 1968 1969
f 1941 1969 1970
f 1941 1970 1971
f 1941 1971 1972
f 1941 1972 1973
f 1941 1973 1974
f 1941 1974 1975
f 1941 1975 1942
f 1942 1975 1976
f 1942 1976 1977
f 1942 1977 1943
f 1943 1977 1944
f 1944 1977 1946
f 1945 1947 1978
f 1945 1978 1979
f 1945 1979 1948
f 1946 1977 1976
f 1946 1976 1947
f 1947 1976 1978
f 1948 1979 1980
f 1948 1980 1953
f 1948 1953 1949
f 1950 1953 1951
f 1951 1953 1981
f 1951 1981 1982
f 1951 1982 1983
f 1951 1983 1952
f 1952 1983 1984
f 1952 1984 1985
f 1952 1985 1954
f 1953 1980 1981
f 1954 1985 1955
f 1955 1985 1986
f 1955 1986 1987
f 1955 1987 1988
f 1955 1988 1956
f 1962 1963 1989
f 1962 1989 1964
f 1966 1990 1967
f 1967 1991 1968
f 1967 1990 1991
f 1968 1991 1969
f 1969 1991 1992
f 1969 1992 1993
f 1969 1993 1994
f 1969 1994 1995
f 1969 1995 1970
f 1970 1995 1997
f 1970 1997 1971
f 1971 1996 1972
f 1971 1997 1998
f 1971 1998 1996
f 1972 1999 2000
f 1972 2000 1973
f 1972 1996 2001
f 1972 2001 2002
f 1972 2002 1982
f 1972 1982 1999
f 1973 2000 1978
f 1973 1978 1974
f 1974 1978 1975
f 1975 1978 1976
f 1978 2000 1980
f 1978 1980 1979
f 1980 2000 1981
f 1981 1999 1982
f 1981 2000 1999
f 1982 2002 2003
f 1982 2003 2004
f 1982 2004 2005
f 1982 2005 1983
f 1983 2005 2006
f 1983 2006 2007
f 1983 2007 1984
f 1984 1986 1985
f 1984 2007 2008
f 1984 2008 2009
f 1984 2009 1986
f 1986 2009 1987
f 1990 1993 1991
f 1991 1993 1992
f 1996 1998 2001
f 1998 2003 2002
f 1998 2002 2001

o geometry_11
v -0.01368358 0.00330262 -0.01493625
v -0.01355656 0.00330262 -0.01504833
v -0.00606903 0.00330262 -0.01493625
v -0.01368358 0.04974619 -0.01493625
v -0.01326241 0.00330262 -0.01529857
v -0.01355656 0.04974619 -0.01504833
v -0.00575081 0.00330262 -0.01495606
v -0.00748096 0.04974619 -0.01493625
v -0.01359667 0.05005888 -0.01493625
v -0.01353784 0.05003588 -0.01503217
v -0.01300703 0.05000829 -0.01550710
v -0.01303644 0.00330262 -0.01549042
v -0.01326241 0.04974619 -0.01529857
v -0.00002418 0.00330262 -0.01628180
v -0.00002418 0.04974619 -0.01671607
v -0.00751840 0.04996691 -0.01493625
v -0.01350442 0.05009567 -0.01493625
v -0.01320491 0.05008187 -0.01521933
v -0.01214329 0.05008647 -0.01610820
v -0.01157905 0.05005888 -0.01655446
v -0.01100010 0.04999910 -0.01700124
v -0.01221549 0.04974619 -0.01616242
v -0.01246552 0.04974619 -0.01597057
v -0.01301238 0.04974619 -0.01551075
v -0.01277438 0.00330262 -0.01571251
v -0.00002418 0.00330262 -0.02026113
v -0.00002418 0.05013705 -0.01685840
v -0.00760664 0.05006348 -0.01493625
v -0.01306319 0.05022442 -0.01493625
v -0.01274898 0.05021062 -0.01525009
v -0.01228635 0.05016004 -0.01578706
v -0.01174752 0.05014165 -0.01626512
v -0.01074874 0.05006807 -0.01708466
v -0.01007085 0.05004508 -0.01753821
v -0.01035564 0.04974619 -0.01741883
v -0.01074874 0.04974619 -0.01717015
v -0.01100144 0.04974619 -0.01700124
v -0.01125147 0.04974619 -0.01683181
v -0.01186919 0.04974619 -0.01641266
v -0.01246552 0.04924956 -0.01597318
v -0.01221549 0.00330262 -0.01616242
v -0.01274898 0.04924956 -0.01573388
v -0.01249360 0.00330262 -0.01595024
v -0.00025014 0.00330262 -0.02026113
v -0.00002418 0.04974619 -0.02026113
v -0.00002418 0.05027040 -0.01725044
v -0.00856398 0.05025201 -0.01493625
v -0.00805991 0.05016924 -0.01493625
v -0.00769757 0.05009567 -0.01493625
v -0.01256313 0.05027040 -0.01493625
v -0.01174886 0.05027040 -0.01575005
v -0.01124880 0.05024741 -0.01625000
v -0.01074874 0.05020603 -0.01675048
v -0.01024199 0.05013705 -0.01726764
v -0.00974995 0.05010026 -0.01761798
v -0.00908944 0.05005428 -0.01804755
v -0.00913490 0.04974619 -0.01807154
v -0.01010561 0.04974619 -0.01755698
v -0.01035564 0.04924956 -0.01741987
v -0.01074874 0.04924956 -0.01717068
v -0.01077414 0.00330262 -0.01715451
v -0.01102551 0.00330262 -0.01698508
v -0.01125147 0.00330262 -0.01683181
v -0.01186919 0.00330262 -0.01641266
v -0.01246552 0.00330262 -0.01597318
v -0.00029828 0.00330262 -0.02025905
v -0.00025014 0.04974619 -0.02026113
v -0.00002418 0.05013245 -0.02013080
v -0.00002418 0.05027040 -0.01974970
v -0.00906404 0.05027040 -0.01493625
v -0.01024868 0.05027040 -0.01675048
v -0.00974995 0.05023821 -0.01725044
v -0.00874983 0.05010946 -0.01813045
v -0.00808799 0.05004508 -0.01853500
v -0.00874983 0.04974619 -0.01826756
v -0.00938493 0.04924956 -0.01793912
v -0.00974995 0.04924956 -0.01774570
v -0.00874983 0.04924956 -0.01827329
v -0.00913490 0.00330262 -0.01807154
v -0.01010561 0.00330262 -0.01755698
v -0.01012968 0.00330262 -0.01754395
v -0.01035564 0.00330262 -0.01741987
v -0.01039441 0.00330262 -0.01739589
v -0.01074874 0.00330262 -0.01717068
v -0.00129840 0.00330262 -0.02020483
v -0.00075020 0.04974619 -0.02023454
v -0.00225038 0.05008647 -0.02006824
v -0.00175032 0.05010486 -0.02009013
v -0.00025014 0.05013245 -0.02013080
v -0.00025014 0.05027040 -0.01974970
v -0.00924989 0.05027040 -0.01725044
v -0.00874983 0.05024741 -0.01774987
v -0.00774971 0.05023821 -0.01824983
v -0.00774971 0.05010026 -0.01860173
v -0.00675093 0.05005428 -0.01905112
v -0.00700363 0.04999910 -0.01900107
v -0.00813211 0.04974619 -0.01855273
v -0.00838214 0.04974619 -0.01844585
v -0.00938493 0.00330262 -0.01793912
v -0.00974995 0.00330262 -0.01774570
v -0.00838214 0.04924956 -0.01845159
v -0.00841824 0.00330262 -0.01843438
v -0.00874983 0.00330262 -0.01827329
v -0.00175032 0.00330262 -0.02018032
v -0.00175032 0.04974619 -0.02018032
v -0.00225038 0.04974619 -0.02013653
v -0.00275044 0.05004508 -0.02003227
v -0.00475069 0.05010486 -0.01959591
v -0.00425063 0.05013245 -0.01964857
v -0.00225038 0.05022442 -0.01974970
v -0.00175032 0.05024281 -0.01974970
v -0.00425063 0.05027040 -0.01924975
v -0.00724965 0.05027040 -0.01824983
v -0.00625087 0.05026121 -0.01874979
v -0.00625087 0.05012325 -0.01913088
v -0.00514913 0.05004968 -0.01954065
v -0.00625087 0.04974619 -0.01926747
v -0.00675093 0.04974619 -0.01910221
v -0.00700497 0.04974619 -0.01900211
v -0.00774971 0.04924956 -0.01870548
v -0.00813211 0.00330262 -0.01855273
v -0.00838214 0.00330262 -0.01845159
v -0.00179846 0.00330262 -0.02017615
v -0.00275044 0.04974619 -0.02006511
v -0.00304995 0.05000829 -0.02000776
v -0.00225038 0.00330262 -0.02013653
v -0.00475069 0.05024281 -0.01924975
v -0.00575081 0.05027040 -0.01874979
v -0.00425063 0.04974619 -0.01980392
v -0.00475069 0.04974619 -0.01969236
v -0.00522267 0.04974619 -0.01956150
v -0.00625087 0.04924956 -0.01927269
v -0.00629900 0.00330262 -0.01925652
v -0.00675093 0.00330262 -0.01910221
v -0.00677499 0.00330262 -0.01909283
v -0.00725500 0.04924956 -0.01890254
v -0.00700497 0.00330262 -0.01900211
v -0.00774971 0.00330262 -0.01870548
v -0.00375057 0.04924956 -0.01990089
v -0.00307401 0.04974619 -0.02001193
v -0.00275044 0.00330262 -0.02006511
v -0.00425063 0.04924956 -0.01981070
v -0.00429876 0.00330262 -0.01979975
v -0.00475069 0.00330262 -0.01969236
v -0.00479615 0.00330262 -0.01967984
v -0.00547270 0.04924956 -0.01949217
v -0.00575081 0.04924956 -0.01941501
v -0.00625087 0.00330262 -0.01927269
v -0.00725500 0.00330262 -0.01890254
v -0.00375057 0.00330262 -0.01990089
v -0.00425063 0.00330262 -0.01981070
v -0.00547270 0.00330262 -0.01949217
v -0.00575081 0.00330262 -0.01941501
f 2010 2011 2014
f 2010 2014 2021
f 2010 2021 2034
f 2010 2034 2052
f 2010 2052 2074
f 2010 2074 2050
f 2010 2050 2073
f 2010 2073 2072
f 2010 2072 2071
f 2010 2071 2070
f 2010 2070 2093
f 2010 2093 2092
f 2010 2092 2091
f 2010 2091 2090
f 2010 2090 2089
f 2010 2089 2109
f 2010 2109 2108
f 2010 2108 2088
f 2010 2088 2112
f 2010 2112 2111
f 2010 2111 2131
f 2010 2131 2130
f 2010 2130 2147
f 2010 2147 2158
f 2010 2158 2146
f 2010 2146 2144
f 2010 2144 2143
f 2010 2143 2142
f 2010 2142 2157
f 2010 2157 2162
f 2010 2162 2161
f 2010 2161 2154
f 2010 2154 2153
f 2010 2153 2152
f 2010 2152 2160
f 2010 2160 2159
f 2010 2159 2150
f 2010 2150 2135
f 2010 2135 2132
f 2010 2132 2113
f 2010 2113 2094
f 2010 2094 2075
f 2010 2075 2053
f 2010 2053 2035
f 2010 2035 2023
f 2010 2023 2016
f 2010 2016 2012
f 2010 2012 2017
f 2010 2017 2025
f 2010 2025 2037
f 2010 2037 2058
f 2010 2058 2057
f 2010 2057 2056
f 2010 2056 2079
f 2010 2079 2059
f 2010 2059 2038
f 2010 2038 2026
f 2010 2026 2018
f 2010 2018 2013
f 2010 2013 2015
f 2010 2015 2011
f 2011 2015 2022
f 2011 2022 2014
f 2012 2016 2017
f 2013 2018 2019
f 2013 2019 2020
f 2013 2020 2015
f 2014 2022 2021
f 2015 2020 2022
f 2016 2023 2017
f 2017 2024 2025
f 2017 2023 2024
f 2018 2026 2027
f 2018 2027 2028
f 2018 2028 2019
f 2019 2028 2020
f 2020 2028 2029
f 2020 2029 2030
f 2020 2030 2031
f 2020 2031 2032
f 2020 2032 2033
f 2020 2033 2022
f 2021 2022 2033
f 2021 2033 2034
f 2023 2035 2054
f 2023 2054 2077
f 2023 2077 2078
f 2023 2078 2055
f 2023 2055 2036
f 2023 2036 2024
f 2024 2036 2037
f 2024 2037 2025
f 2026 2028 2027
f 2026 2038 2039
f 2026 2039 2040
f 2026 2040 2028
f 2028 2040 2041
f 2028 2041 2029
f 2029 2042 2030
f 2029 2041 2042
f 2030 2042 2043
f 2030 2043 2044
f 2030 2044 2045
f 2030 2045 2046
f 2030 2046 2047
f 2030 2047 2048
f 2030 2048 2031
f 2031 2049 2032
f 2031 2048 2073
f 2031 2073 2050
f 2031 2050 2074
f 2031 2074 2049
f 2032 2049 2033
f 2033 2049 2051
f 2033 2051 2034
f 2034 2051 2052
f 2035 2053 2076
f 2035 2076 2054
f 2036 2055 2056
f 2036 2056 2057
f 2036 2057 2058
f 2036 2058 2037
f 2038 2059 2060
f 2038 2060 2039
f 2039 2060 2061
f 2039 2061 2041
f 2039 2041 2040
f 2041 2061 2062
f 2041 2062 2063
f 2041 2063 2042
f 2042 2063 2043
f 2043 2063 2064
f 2043 2064 2065
f 2043 2065 2066
f 2043 2066 2067
f 2043 2067 2044
f 2044 2067 2068
f 2044 2068 2045
f 2045 2068 2069
f 2045 2069 2046
f 2046 2069 2070
f 2046 2070 2071
f 2046 2071 2047
f 2047 2071 2072
f 2047 2072 2073
f 2047 2073 2048
f 2049 2074 2052
f 2049 2052 2051
f 2053 2075 2076
f 2054 2076 2098
f 2054 2098 2077
f 2055 2078 2099
f 2055 2099 2121
f 2055 2121 2137
f 2055 2137 2122
f 2055 2122 2100
f 2055 2100 2080
f 2055 2080 2060
f 2055 2060 2059
f 2055 2059 2079
f 2055 2079 2056
f 2060 2080 2061
f 2061 2080 2081
f 2061 2081 2062
f 2062 2081 2063
f 2063 2082 2064
f 2063 2081 2082
f 2064 2082 2065
f 2065 2083 2084
f 2065 2084 2066
f 2065 2082 2083
f 2066 2085 2086
f 2066 2086 2067
f 2066 2084 2087
f 2066 2087 2112
f 2066 2112 2088
f 2066 2088 2108
f 2066 2108 2085
f 2067 2086 2109
f 2067 2109 2089
f 2067 2089 2090
f 2067 2090 2068
f 2068 2090 2091
f 2068 2091 2092
f 2068 2092 2069
f 2069 2092 2093
f 2069 2093 2070
f 2075 2094 2114
f 2075 2114 2095
f 2075 2095 2076
f 2076 2095 2096
f 2076 2096 2097
f 2076 2097 2098
f 2077 2098 2099
f 2077 2099 2078
f 2080 2100 2101
f 2080 2101 2081
f 2081 2101 2082
f 2082 2101 2102
f 2082 2102 2103
f 2082 2103 2083
f 2083 2103 2104
f 2083 2104 2105
f 2083 2105 2106
f 2083 2106 2107
f 2083 2107 2084
f 2084 2107 2110
f 2084 2110 2087
f 2085 2108 2109
f 2085 2109 2086
f 2087 2110 2111
f 2087 2111 2112
f 2094 2113 2114
f 2095 2114 2096
f 2096 2114 2115
f 2096 2115 2116
f 2096 2116 2117
f 2096 2117 2118
f 2096 2118 2119
f 2096 2119 2097
f 2097 2119 2120
f 2097 2120 2098
f 2098 2120 2099
f 2099 2120 2121
f 2100 2122 2101
f 2101 2122 2123
f 2101 2123 2102
f 2102 2123 2124
f 2102 2124 2103
f 2103 2124 2104
f 2104 2125 2105
f 2104 2124 2125
f 2105 2125 2126
f 2105 2126 2127
f 2105 2127 2128
f 2105 2128 2106
f 2106 2110 2107
f 2106 2128 2129
f 2106 2129 2147
f 2106 2147 2130
f 2106 2130 2131
f 2106 2131 2110
f 2110 2131 2111
f 2113 2132 2114
f 2114 2132 2115
f 2115 2133 2134
f 2115 2134 2116
f 2115 2132 2135
f 2115 2135 2150
f 2115 2150 2133
f 2116 2134 2117
f 2117 2124 2136
f 2117 2136 2118
f 2117 2134 2125
f 2117 2125 2124
f 2118 2136 2119
f 2119 2136 2121
f 2119 2121 2120
f 2121 2136 2123
f 2121 2123 2137
f 2122 2137 2123
f 2123 2136 2124
f 2125 2134 2138
f 2125 2138 2139
f 2125 2139 2140
f 2125 2140 2126
f 2126 2140 2141
f 2126 2141 2127
f 2127 2141 2142
f 2127 2142 2143
f 2127 2143 2144
f 2127 2144 2128
f 2128 2145 2129
f 2128 2144 2146
f 2128 2146 2158
f 2128 2158 2145
f 2129 2145 2158
f 2129 2158 2147
f 2133 2148 2149
f 2133 2149 2134
f 2133 2150 2159
f 2133 2159 2148
f 2134 2149 2138
f 2138 2149 2148
f 2138 2148 2151
f 2138 2151 2139
f 2139 2151 2152
f 2139 2152 2153
f 2139 2153 2154
f 2139 2154 2140
f 2140 2155 2156
f 2140 2156 2141
f 2140 2154 2155
f 2141 2156 2162
f 2141 2162 2157
f 2141 2157 2142
f 2148 2159 2160
f 2148 2160 2151
f 2151 2160 2152
f 2154 2161 2155
f 2155 2161 2162
f 2155 2162 2156

o geometry_12
v -0.01802679 0.00330262 0.00925149
v -0.01330423 0.00330262 0.00925149
v -0.01795381 0.00330262 0.00940564
v -0.01802679 0.04924956 0.00925149
v -0.01286936 0.00330262 0.00936872
v -0.01391504 0.04974619 0.00925149
v -0.01775887 0.00330262 0.00975085
v -0.01795381 0.04924956 0.00940564
v -0.01802479 0.04974619 0.00925149
v -0.00785689 0.00330262 0.01385830
v -0.01416696 0.05014165 0.00925149
v -0.01391804 0.05007267 0.00937518
v -0.00781390 0.05009567 0.01487824
v -0.00781390 0.04974619 0.01476102
v -0.01754094 0.00330262 0.01011637
v -0.01775887 0.04924956 0.00975085
v -0.01794881 0.04974619 0.00940564
v -0.01753694 0.05004508 0.01006191
v -0.01779686 0.05013705 0.00925149
v -0.00781390 0.00330262 0.01402537
v -0.01421995 0.05016004 0.00925149
v -0.00781390 0.05023361 0.01524930
v -0.01740498 0.00330262 0.01034251
v -0.01740498 0.04974619 0.01034251
v -0.01755493 0.04974619 0.01009237
v -0.01775387 0.04974619 0.00975085
v -0.01700310 0.05000370 0.01100524
v -0.01707908 0.05006807 0.01075048
v -0.01762391 0.05010026 0.00975085
v -0.01777686 0.05014625 0.00925149
v -0.00781390 0.00330262 0.01868018
v -0.01474979 0.05027040 0.00925149
v -0.00825077 0.05027040 0.01524930
v -0.00781390 0.05027040 0.01574958
v -0.01700410 0.00330262 0.01100801
v -0.01700410 0.04974619 0.01100801
v -0.01551555 0.05001749 0.01302020
v -0.01656224 0.05006348 0.01158305
v -0.01684315 0.04974619 0.01125815
v -0.01659323 0.04974619 0.01162459
v -0.01673718 0.05009567 0.01120369
v -0.01726202 0.05013245 0.01023728
v -0.01724903 0.05023821 0.00975085
v -0.01727502 0.05026580 0.00925149
v -0.00809682 0.00330262 0.01856757
v -0.00781390 0.04924956 0.01868018
v -0.01725003 0.05027040 0.00925149
v -0.00781390 0.05027040 0.01774977
v -0.01698910 0.00330262 0.01103201
v -0.01503270 0.05003129 0.01353524
v -0.01521964 0.05008647 0.01321219
v -0.01561552 0.05008187 0.01275068
v -0.01610238 0.05008647 0.01213594
v -0.01640428 0.04974619 0.01187473
v -0.01615436 0.04974619 0.01220332
v -0.01552355 0.04974619 0.01303035
v -0.01529862 0.04974619 0.01327957
v -0.01504870 0.04974619 0.01355278
v -0.01626133 0.05014165 0.01175012
v -0.01684315 0.00330262 0.01125815
v -0.01659323 0.00330262 0.01162459
v -0.01657523 0.00330262 0.01164859
v -0.01674918 0.05020603 0.01075048
v -0.01624933 0.05025201 0.01125076
v -0.01674918 0.05027040 0.01025021
v -0.00813380 0.00330262 0.01855280
v -0.00813380 0.04974619 0.01855280
v -0.00781390 0.04974619 0.01867925
v -0.00825077 0.05027040 0.01774977
v -0.00781390 0.05022442 0.01825282
v -0.01454085 0.05004048 0.01404383
v -0.01472480 0.05010026 0.01372170
v -0.01481177 0.04974619 0.01380292
v -0.01456185 0.04974619 0.01406598
v -0.01432492 0.04974619 0.01431520
v -0.01407499 0.04974619 0.01457549
v -0.01524964 0.05021982 0.01275068
v -0.01596442 0.04924956 0.01245346
v -0.01573849 0.04924956 0.01275068
v -0.01640428 0.00330262 0.01187473
v -0.01552355 0.00330262 0.01303035
v -0.01550256 0.00330262 0.01305435
v -0.01527463 0.00330262 0.01330634
v -0.01504870 0.00330262 0.01355278
v -0.01574948 0.05027040 0.01175012
v -0.00838373 0.00330262 0.01845127
v -0.00808882 0.05004508 0.01853526
v -0.00838373 0.04974619 0.01844573
v -0.00838373 0.04924956 0.01845127
v -0.00781390 0.05009107 0.01858880
v -0.01025016 0.05027040 0.01674921
v -0.00875062 0.05024741 0.01774977
v -0.00875062 0.05010946 0.01813006
v -0.01405000 0.05004968 0.01455057
v -0.01422995 0.05010946 0.01422567
v -0.01481177 0.00330262 0.01380292
v -0.01453985 0.00330262 0.01408998
v -0.01430092 0.00330262 0.01434104
v -0.01380607 0.04974619 0.01482563
v -0.01353716 0.05003588 0.01503147
v -0.01407499 0.00330262 0.01457549
v -0.01424994 0.05023821 0.01375031
v -0.01596442 0.00330262 0.01245346
v -0.01573849 0.00330262 0.01275068
v -0.01474979 0.05027040 0.01275068
v -0.01374909 0.05024281 0.01424967
v -0.00875062 0.00330262 0.01827312
v -0.00909051 0.05005428 0.01804698
v -0.00875062 0.04974619 0.01826759
v -0.00875062 0.04924956 0.01827312
v -0.01175070 0.05027040 0.01574958
v -0.01125085 0.05024741 0.01624986
v -0.00975031 0.05023821 0.01724949
v -0.01024316 0.05013705 0.01726703
v -0.00975031 0.05010026 0.01761778
v -0.01372210 0.05010486 0.01472964
v -0.01355615 0.04974619 0.01504808
v -0.01300832 0.05000829 0.01550682
v -0.01380607 0.00330262 0.01482563
v -0.01214458 0.05008647 0.01610771
v -0.01320426 0.05008187 0.01521884
v -0.01324925 0.05022902 0.01474994
v -0.00913550 0.00330262 0.01807098
v -0.01007221 0.05004508 0.01753747
v -0.00913550 0.04974619 0.01807098
v -0.01275040 0.05021062 0.01524930
v -0.01174870 0.05014165 0.01626462
v -0.01075001 0.05020603 0.01674921
v -0.01075001 0.05006807 0.01708427
v -0.01228754 0.05016004 0.01578650
v -0.01326224 0.04974619 0.01529822
v -0.01355615 0.00330262 0.01504808
v -0.01352816 0.00330262 0.01507208
v -0.01158075 0.05005888 0.01655353
v -0.01301232 0.04974619 0.01551051
v -0.01246748 0.04974619 0.01597018
v -0.01221756 0.04974619 0.01616125
v -0.01100193 0.04999910 0.01700027
v -0.00936143 0.00330262 0.01795191
v -0.01035713 0.04974619 0.01741840
v -0.01010720 0.04974619 0.01755593
v -0.00938542 0.04924956 0.01793899
v -0.01326224 0.00330262 0.01529822
v -0.01272341 0.00330262 0.01575604
v -0.01275040 0.04924956 0.01573296
v -0.01246748 0.04924956 0.01597295
v -0.01187067 0.04974619 0.01641139
v -0.01221756 0.00330262 0.01616125
v -0.01218357 0.00330262 0.01618617
v -0.01075001 0.04924956 0.01717011
v -0.01075001 0.04974619 0.01716919
v -0.01162074 0.04974619 0.01658122
v -0.01125185 0.04974619 0.01683136
v -0.01097794 0.00330262 0.01701689
v -0.01007321 0.00330262 0.01757440
v -0.01035713 0.04924956 0.01741933
v -0.01010720 0.00330262 0.01755593
v -0.01246748 0.00330262 0.01597295
v -0.01187067 0.00330262 0.01641139
v -0.01184667 0.00330262 0.01642800
v -0.01075001 0.00330262 0.01717011
v -0.01071302 0.00330262 0.01719411
v -0.01158575 0.00330262 0.01660522
v -0.01035713 0.00330262 0.01741933
f 2163 2164 2167
f 2163 2167 2172
f 2163 2172 2182
f 2163 2182 2193
f 2163 2193 2207
f 2163 2207 2228
f 2163 2228 2248
f 2163 2248 2269
f 2163 2269 2285
f 2163 2285 2301
f 2163 2301 2317
f 2163 2317 2319
f 2163 2319 2326
f 2163 2326 2324
f 2163 2324 2323
f 2163 2323 2316
f 2163 2316 2325
f 2163 2325 2322
f 2163 2322 2321
f 2163 2321 2311
f 2163 2311 2310
f 2163 2310 2320
f 2163 2320 2306
f 2163 2306 2305
f 2163 2305 2295
f 2163 2295 2294
f 2163 2294 2281
f 2163 2281 2263
f 2163 2263 2260
f 2163 2260 2259
f 2163 2259 2258
f 2163 2258 2246
f 2163 2246 2245
f 2163 2245 2244
f 2163 2244 2243
f 2163 2243 2266
f 2163 2266 2265
f 2163 2265 2242
f 2163 2242 2224
f 2163 2224 2223
f 2163 2223 2222
f 2163 2222 2211
f 2163 2211 2197
f 2163 2197 2185
f 2163 2185 2177
f 2163 2177 2169
f 2163 2169 2165
f 2163 2165 2170
f 2163 2170 2166
f 2163 2166 2171
f 2163 2171 2181
f 2163 2181 2192
f 2163 2192 2206
f 2163 2206 2209
f 2163 2209 2194
f 2163 2194 2183
f 2163 2183 2173
f 2163 2173 2168
f 2163 2168 2164
f 2164 2168 2167
f 2165 2169 2178
f 2165 2178 2170
f 2166 2170 2171
f 2167 2168 2172
f 2168 2173 2174
f 2168 2174 2175
f 2168 2175 2176
f 2168 2176 2172
f 2169 2177 2178
f 2170 2178 2188
f 2170 2188 2179
f 2170 2179 2171
f 2171 2179 2180
f 2171 2180 2181
f 2172 2176 2182
f 2173 2183 2175
f 2173 2175 2174
f 2175 2183 2184
f 2175 2184 2196
f 2175 2196 2210
f 2175 2210 2232
f 2175 2232 2252
f 2175 2252 2230
f 2175 2230 2208
f 2175 2208 2193
f 2175 2193 2182
f 2175 2182 2176
f 2177 2185 2186
f 2177 2186 2187
f 2177 2187 2178
f 2178 2187 2188
f 2179 2188 2180
f 2180 2189 2190
f 2180 2190 2191
f 2180 2191 2181
f 2180 2188 2189
f 2181 2191 2192
f 2183 2194 2184
f 2184 2194 2195
f 2184 2195 2196
f 2185 2197 2198
f 2185 2198 2186
f 2186 2198 2189
f 2186 2189 2187
f 2187 2189 2188
f 2189 2199 2200
f 2189 2200 2190
f 2189 2198 2201
f 2189 2201 2202
f 2189 2202 2199
f 2190 2200 2203
f 2190 2203 2204
f 2190 2204 2191
f 2191 2204 2205
f 2191 2205 2192
f 2192 2205 2206
f 2193 2208 2207
f 2194 2209 2227
f 2194 2227 2247
f 2194 2247 2267
f 2194 2267 2273
f 2194 2273 2253
f 2194 2253 2231
f 2194 2231 2210
f 2194 2210 2196
f 2194 2196 2195
f 2197 2211 2198
f 2198 2211 2201
f 2199 2212 2213
f 2199 2213 2214
f 2199 2214 2215
f 2199 2215 2200
f 2199 2202 2216
f 2199 2216 2217
f 2199 2217 2218
f 2199 2218 2219
f 2199 2219 2220
f 2199 2220 2212
f 2200 2215 2221
f 2200 2221 2203
f 2201 2211 2222
f 2201 2222 2223
f 2201 2223 2202
f 2202 2223 2224
f 2202 2224 2216
f 2203 2221 2225
f 2203 2225 2204
f 2204 2225 2205
f 2205 2226 2227
f 2205 2227 2209
f 2205 2209 2206
f 2205 2225 2226
f 2207 2208 2229
f 2207 2229 2228
f 2208 2230 2229
f 2210 2231 2232
f 2212 2233 2234
f 2212 2234 2213
f 2212 2220 2235
f 2212 2235 2236
f 2212 2236 2237
f 2212 2237 2238
f 2212 2238 2233
f 2213 2234 2239
f 2213 2239 2214
f 2214 2239 2215
f 2215 2239 2221
f 2216 2240 2241
f 2216 2241 2217
f 2216 2224 2242
f 2216 2242 2265
f 2216 2265 2240
f 2217 2241 2218
f 2218 2241 2266
f 2218 2266 2243
f 2218 2243 2244
f 2218 2244 2219
f 2219 2244 2245
f 2219 2245 2220
f 2220 2245 2246
f 2220 2246 2258
f 2220 2258 2235
f 2221 2239 2226
f 2221 2226 2225
f 2226 2239 2247
f 2226 2247 2227
f 2228 2229 2251
f 2228 2251 2248
f 2229 2230 2249
f 2229 2249 2250
f 2229 2250 2251
f 2230 2252 2249
f 2231 2253 2254
f 2231 2254 2232
f 2232 2254 2255
f 2232 2255 2252
f 2233 2256 2234
f 2233 2238 2256
f 2234 2256 2257
f 2234 2257 2239
f 2235 2258 2259
f 2235 2259 2236
f 2236 2259 2237
f 2237 2259 2260
f 2237 2260 2238
f 2238 2261 2262
f 2238 2262 2256
f 2238 2260 2263
f 2238 2263 2281
f 2238 2281 2261
f 2239 2264 2247
f 2239 2257 2264
f 2240 2265 2266
f 2240 2266 2241
f 2247 2264 2268
f 2247 2268 2267
f 2248 2251 2272
f 2248 2272 2269
f 2249 2252 2255
f 2249 2255 2270
f 2249 2270 2271
f 2249 2271 2250
f 2250 2271 2272
f 2250 2272 2251
f 2253 2273 2274
f 2253 2274 2275
f 2253 2275 2254
f 2254 2275 2255
f 2255 2276 2277
f 2255 2277 2270
f 2255 2275 2276
f 2256 2262 2278
f 2256 2278 2257
f 2257 2278 2268
f 2257 2268 2264
f 2261 2279 2280
f 2261 2280 2262
f 2261 2281 2294
f 2261 2294 2279
f 2262 2280 2282
f 2262 2282 2283
f 2262 2283 2278
f 2267 2268 2273
f 2268 2278 2284
f 2268 2284 2273
f 2269 2272 2287
f 2269 2287 2285
f 2270 2286 2287
f 2270 2287 2271
f 2270 2277 2286
f 2271 2287 2272
f 2273 2284 2288
f 2273 2288 2274
f 2274 2288 2289
f 2274 2289 2290
f 2274 2290 2275
f 2275 2290 2276
f 2276 2291 2286
f 2276 2286 2277
f 2276 2290 2289
f 2276 2289 2291
f 2278 2283 2282
f 2278 2282 2292
f 2278 2292 2288
f 2278 2288 2284
f 2279 2293 2280
f 2279 2294 2295
f 2279 2295 2293
f 2280 2296 2282
f 2280 2293 2297
f 2280 2297 2298
f 2280 2298 2299
f 2280 2299 2300
f 2280 2300 2296
f 2282 2296 2289
f 2282 2289 2292
f 2285 2287 2301
f 2286 2291 2300
f 2286 2300 2302
f 2286 2302 2303
f 2286 2303 2287
f 2287 2303 2304
f 2287 2304 2301
f 2288 2292 2289
f 2289 2296 2291
f 2291 2296 2300
f 2293 2295 2305
f 2293 2305 2306
f 2293 2306 2297
f 2297 2307 2308
f 2297 2308 2298
f 2297 2306 2307
f 2298 2308 2299
f 2299 2309 2300
f 2299 2308 2320
f 2299 2320 2310
f 2299 2310 2311
f 2299 2311 2309
f 2300 2312 2313
f 2300 2313 2302
f 2300 2309 2314
f 2300 2314 2315
f 2300 2315 2316
f 2300 2316 2312
f 2301 2304 2317
f 2302 2313 2312
f 2302 2312 2318
f 2302 2318 2303
f 2303 2318 2326
f 2303 2326 2319
f 2303 2319 2317
f 2303 2317 2304
f 2306 2320 2308
f 2306 2308 2307
f 2309 2311 2321
f 2309 2321 2322
f 2309 2322 2314
f 2312 2316 2323
f 2312 2323 2324
f 2312 2324 2318
f 2314 2322 2325
f 2314 2325 2315
f 2315 2325 2316
f 2318 2324 2326

